[2026-03-03 03:11:33] === Ralph Wiggum Autonomous Loop Started ===
[2026-03-03 03:11:33] PENDING HUMAN REVIEW: EMAIL_20260303_014009_kimberly-urgently-needs-a-graphic-design.md
[2026-03-03 03:11:33] PENDING HUMAN REVIEW: EMAIL_20260303_014016_andreas-urgently-needs-a-web-designer.md
[2026-03-03 03:11:33] PENDING HUMAN REVIEW: EMAIL_20260303_014022_verified-zoraya-is-looking-for-a-web-des.md
[2026-03-03 03:11:33] PENDING HUMAN REVIEW: EMAIL_20260303_014028_jac-urgently-needs-a-web-designer.md
[2026-03-03 03:11:33] PENDING HUMAN REVIEW: EMAIL_20260303_014033_pr-specialist-at-pharma-and-15-more-soci.md
[2026-03-03 03:11:33] PENDING HUMAN REVIEW: EMAIL_20260303_014039_alvin-urgently-needs-a-web-designer.md
[2026-03-03 03:11:33] PENDING HUMAN REVIEW: EMAIL_20260303_014045_verified-george-is-looking-for-a-web-des.md
[2026-03-03 03:11:33] PENDING HUMAN REVIEW: EMAIL_20260303_014052_rosa-is-looking-for-a-web-designer.md
[2026-03-03 03:11:33] PENDING HUMAN REVIEW: EMAIL_20260303_014058_amnafarazai_employee_hackathon-google-oa.md
[2026-03-03 03:11:33] PENDING HUMAN REVIEW: EMAIL_20260303_014104_verified-ashley-is-looking-for-a-web-des.md
[2026-03-03 03:11:33] PENDING HUMAN REVIEW: EMAIL_20260303_014310_nancy-is-looking-for-a-graphic-designer.md
[2026-03-03 03:11:33] PENDING HUMAN REVIEW: EMAIL_20260303_014318_additional-details-shane-is-looking-for-.md
[2026-03-03 03:11:34] PENDING HUMAN REVIEW: EMAIL_20260303_014727_verified-willia-is-looking-for-a-graphic.md
[2026-03-03 03:16:34] PENDING HUMAN REVIEW: EMAIL_20260303_014009_kimberly-urgently-needs-a-graphic-design.md
[2026-03-03 03:16:34] PENDING HUMAN REVIEW: EMAIL_20260303_014016_andreas-urgently-needs-a-web-designer.md
[2026-03-03 03:16:34] PENDING HUMAN REVIEW: EMAIL_20260303_014022_verified-zoraya-is-looking-for-a-web-des.md
[2026-03-03 03:16:34] PENDING HUMAN REVIEW: EMAIL_20260303_014028_jac-urgently-needs-a-web-designer.md
[2026-03-03 03:16:34] PENDING HUMAN REVIEW: EMAIL_20260303_014033_pr-specialist-at-pharma-and-15-more-soci.md
[2026-03-03 03:16:34] PENDING HUMAN REVIEW: EMAIL_20260303_014039_alvin-urgently-needs-a-web-designer.md
[2026-03-03 03:16:34] PENDING HUMAN REVIEW: EMAIL_20260303_014045_verified-george-is-looking-for-a-web-des.md
[2026-03-03 03:16:34] PENDING HUMAN REVIEW: EMAIL_20260303_014052_rosa-is-looking-for-a-web-designer.md
[2026-03-03 03:16:34] PENDING HUMAN REVIEW: EMAIL_20260303_014058_amnafarazai_employee_hackathon-google-oa.md
[2026-03-03 03:16:34] PENDING HUMAN REVIEW: EMAIL_20260303_014104_verified-ashley-is-looking-for-a-web-des.md
[2026-03-03 03:16:34] PENDING HUMAN REVIEW: EMAIL_20260303_014310_nancy-is-looking-for-a-graphic-designer.md
[2026-03-03 03:16:34] PENDING HUMAN REVIEW: EMAIL_20260303_014318_additional-details-shane-is-looking-for-.md
[2026-03-03 03:16:34] PENDING HUMAN REVIEW: EMAIL_20260303_014727_verified-willia-is-looking-for-a-graphic.md
[2026-03-03 03:16:34] PENDING HUMAN REVIEW: EMAIL_20260303_031154_verified-sandra-is-looking-for-a-web-des.md
[2026-03-03 03:16:34] PENDING HUMAN REVIEW: EMAIL_20260303_031200_additional-details-michael-is-looking-fo.md
[2026-03-03 03:16:34] PENDING HUMAN REVIEW: EMAIL_20260303_031205_rich-is-looking-for-a-web-designer-in-au.md
[2026-03-03 03:16:34] PENDING HUMAN REVIEW: EMAIL_20260303_031227_paul-is-looking-for-a-web-designer.md
[2026-03-03 03:16:34] PENDING HUMAN REVIEW: EMAIL_20260303_031237_verified-jesse-is-looking-for-a-web-desi.md
[2026-03-03 03:16:34] PENDING HUMAN REVIEW: EMAIL_20260303_031241_amnafarazai_employee_hackathon-google-cl.md
[2026-03-03 03:16:34] PENDING HUMAN REVIEW: EMAIL_20260303_031446_verified-duke-is-looking-for-a-web-desig.md
[2026-03-03 03:21:34] PENDING HUMAN REVIEW: EMAIL_20260303_014009_kimberly-urgently-needs-a-graphic-design.md
[2026-03-03 03:21:34] PENDING HUMAN REVIEW: EMAIL_20260303_014016_andreas-urgently-needs-a-web-designer.md
[2026-03-03 03:21:34] PENDING HUMAN REVIEW: EMAIL_20260303_014022_verified-zoraya-is-looking-for-a-web-des.md
[2026-03-03 03:21:34] PENDING HUMAN REVIEW: EMAIL_20260303_014028_jac-urgently-needs-a-web-designer.md
[2026-03-03 03:21:34] PENDING HUMAN REVIEW: EMAIL_20260303_014033_pr-specialist-at-pharma-and-15-more-soci.md
[2026-03-03 03:21:34] PENDING HUMAN REVIEW: EMAIL_20260303_014039_alvin-urgently-needs-a-web-designer.md
[2026-03-03 03:21:34] PENDING HUMAN REVIEW: EMAIL_20260303_014045_verified-george-is-looking-for-a-web-des.md
[2026-03-03 03:21:34] PENDING HUMAN REVIEW: EMAIL_20260303_014052_rosa-is-looking-for-a-web-designer.md
[2026-03-03 03:21:34] PENDING HUMAN REVIEW: EMAIL_20260303_014058_amnafarazai_employee_hackathon-google-oa.md
[2026-03-03 03:21:34] PENDING HUMAN REVIEW: EMAIL_20260303_014104_verified-ashley-is-looking-for-a-web-des.md
[2026-03-03 03:21:34] PENDING HUMAN REVIEW: EMAIL_20260303_014310_nancy-is-looking-for-a-graphic-designer.md
[2026-03-03 03:21:34] PENDING HUMAN REVIEW: EMAIL_20260303_014318_additional-details-shane-is-looking-for-.md
[2026-03-03 03:21:34] PENDING HUMAN REVIEW: EMAIL_20260303_014727_verified-willia-is-looking-for-a-graphic.md
[2026-03-03 03:21:34] PENDING HUMAN REVIEW: EMAIL_20260303_031154_verified-sandra-is-looking-for-a-web-des.md
[2026-03-03 03:21:34] PENDING HUMAN REVIEW: EMAIL_20260303_031200_additional-details-michael-is-looking-fo.md
[2026-03-03 03:21:34] PENDING HUMAN REVIEW: EMAIL_20260303_031205_rich-is-looking-for-a-web-designer-in-au.md
[2026-03-03 03:21:34] PENDING HUMAN REVIEW: EMAIL_20260303_031227_paul-is-looking-for-a-web-designer.md
[2026-03-03 03:21:34] PENDING HUMAN REVIEW: EMAIL_20260303_031237_verified-jesse-is-looking-for-a-web-desi.md
[2026-03-03 03:21:34] PENDING HUMAN REVIEW: EMAIL_20260303_031241_amnafarazai_employee_hackathon-google-cl.md
[2026-03-03 03:21:34] PENDING HUMAN REVIEW: EMAIL_20260303_031446_verified-duke-is-looking-for-a-web-desig.md
[2026-03-03 03:21:34] PENDING HUMAN REVIEW: EMAIL_20260303_031922_additional-details-jonathan-is-looking-f.md
[2026-03-03 03:21:34] PENDING HUMAN REVIEW: EMAIL_20260303_032129_sophia-is-looking-for-a-web-designer.md
[2026-03-03 03:26:34] PENDING HUMAN REVIEW: budget_task.md
[2026-03-03 03:26:34] PENDING HUMAN REVIEW: EMAIL_20260303_014009_kimberly-urgently-needs-a-graphic-design.md
[2026-03-03 03:26:34] PENDING HUMAN REVIEW: EMAIL_20260303_014016_andreas-urgently-needs-a-web-designer.md
[2026-03-03 03:26:34] PENDING HUMAN REVIEW: EMAIL_20260303_014022_verified-zoraya-is-looking-for-a-web-des.md
[2026-03-03 03:26:34] PENDING HUMAN REVIEW: EMAIL_20260303_014028_jac-urgently-needs-a-web-designer.md
[2026-03-03 03:26:35] PENDING HUMAN REVIEW: EMAIL_20260303_014033_pr-specialist-at-pharma-and-15-more-soci.md
[2026-03-03 03:26:35] PENDING HUMAN REVIEW: EMAIL_20260303_014039_alvin-urgently-needs-a-web-designer.md
[2026-03-03 03:26:35] PENDING HUMAN REVIEW: EMAIL_20260303_014045_verified-george-is-looking-for-a-web-des.md
[2026-03-03 03:26:35] PENDING HUMAN REVIEW: EMAIL_20260303_014052_rosa-is-looking-for-a-web-designer.md
[2026-03-03 03:26:35] PENDING HUMAN REVIEW: EMAIL_20260303_014058_amnafarazai_employee_hackathon-google-oa.md
[2026-03-03 03:26:35] PENDING HUMAN REVIEW: EMAIL_20260303_014104_verified-ashley-is-looking-for-a-web-des.md
[2026-03-03 03:26:35] PENDING HUMAN REVIEW: EMAIL_20260303_014310_nancy-is-looking-for-a-graphic-designer.md
[2026-03-03 03:26:35] PENDING HUMAN REVIEW: EMAIL_20260303_014318_additional-details-shane-is-looking-for-.md
[2026-03-03 03:26:35] PENDING HUMAN REVIEW: EMAIL_20260303_014727_verified-willia-is-looking-for-a-graphic.md
[2026-03-03 03:26:35] PENDING HUMAN REVIEW: EMAIL_20260303_031154_verified-sandra-is-looking-for-a-web-des.md
[2026-03-03 03:26:35] PENDING HUMAN REVIEW: EMAIL_20260303_031200_additional-details-michael-is-looking-fo.md
[2026-03-03 03:26:35] PENDING HUMAN REVIEW: EMAIL_20260303_031205_rich-is-looking-for-a-web-designer-in-au.md
[2026-03-03 03:26:35] PENDING HUMAN REVIEW: EMAIL_20260303_031227_paul-is-looking-for-a-web-designer.md
[2026-03-03 03:26:35] PENDING HUMAN REVIEW: EMAIL_20260303_031237_verified-jesse-is-looking-for-a-web-desi.md
[2026-03-03 03:26:35] PENDING HUMAN REVIEW: EMAIL_20260303_031241_amnafarazai_employee_hackathon-google-cl.md
[2026-03-03 03:26:35] PENDING HUMAN REVIEW: EMAIL_20260303_031446_verified-duke-is-looking-for-a-web-desig.md
[2026-03-03 03:11:33] === Ralph Wiggum Autonomous Loop Started ===
[2026-03-03 03:11:33] PENDING HUMAN REVIEW: EMAIL_20260303_014009_kimberly-urgently-needs-a-graphic-design.md
[2026-03-03 03:11:33] PENDING HUMAN REVIEW: EMAIL_20260303_014016_andreas-urgently-needs-a-web-designer.md
[2026-03-03 03:11:33] PENDING HUMAN REVIEW: EMAIL_20260303_014022_verified-zoraya-is-looking-for-a-web-des.md
[2026-03-03 03:11:33] PENDING HUMAN REVIEW: EMAIL_20260303_014028_jac-urgently-needs-a-web-designer.md
[2026-03-03 03:11:33] PENDING HUMAN REVIEW: EMAIL_20260303_014033_pr-specialist-at-pharma-and-15-more-soci.md
[2026-03-03 03:11:33] PENDING HUMAN REVIEW: EMAIL_20260303_014039_alvin-urgently-needs-a-web-designer.md
[2026-03-03 03:11:33] PENDING HUMAN REVIEW: EMAIL_20260303_014045_verified-george-is-looking-for-a-web-des.md
[2026-03-03 03:11:33] PENDING HUMAN REVIEW: EMAIL_20260303_014052_rosa-is-looking-for-a-web-designer.md
[2026-03-03 03:11:33] PENDING HUMAN REVIEW: EMAIL_20260303_014058_amnafarazai_employee_hackathon-google-oa.md
[2026-03-03 03:11:33] PENDING HUMAN REVIEW: EMAIL_20260303_014104_verified-ashley-is-looking-for-a-web-des.md
[2026-03-03 03:11:33] PENDING HUMAN REVIEW: EMAIL_20260303_014310_nancy-is-looking-for-a-graphic-designer.md
[2026-03-03 03:11:33] PENDING HUMAN REVIEW: EMAIL_20260303_014318_additional-details-shane-is-looking-for-.md
[2026-03-03 03:11:34] PENDING HUMAN REVIEW: EMAIL_20260303_014727_verified-willia-is-looking-for-a-graphic.md
[2026-03-03 03:16:34] PENDING HUMAN REVIEW: EMAIL_20260303_014009_kimberly-urgently-needs-a-graphic-design.md
[2026-03-03 03:16:34] PENDING HUMAN REVIEW: EMAIL_20260303_014016_andreas-urgently-needs-a-web-designer.md
[2026-03-03 03:16:34] PENDING HUMAN REVIEW: EMAIL_20260303_014022_verified-zoraya-is-looking-for-a-web-des.md
[2026-03-03 03:16:34] PENDING HUMAN REVIEW: EMAIL_20260303_014028_jac-urgently-needs-a-web-designer.md
[2026-03-03 03:16:34] PENDING HUMAN REVIEW: EMAIL_20260303_014033_pr-specialist-at-pharma-and-15-more-soci.md
[2026-03-03 03:16:34] PENDING HUMAN REVIEW: EMAIL_20260303_014039_alvin-urgently-needs-a-web-designer.md
[2026-03-03 03:16:34] PENDING HUMAN REVIEW: EMAIL_20260303_014045_verified-george-is-looking-for-a-web-des.md
[2026-03-03 03:16:34] PENDING HUMAN REVIEW: EMAIL_20260303_014052_rosa-is-looking-for-a-web-designer.md
[2026-03-03 03:16:34] PENDING HUMAN REVIEW: EMAIL_20260303_014058_amnafarazai_employee_hackathon-google-oa.md
[2026-03-03 03:16:34] PENDING HUMAN REVIEW: EMAIL_20260303_014104_verified-ashley-is-looking-for-a-web-des.md
[2026-03-03 03:16:34] PENDING HUMAN REVIEW: EMAIL_20260303_014310_nancy-is-looking-for-a-graphic-designer.md
[2026-03-03 03:16:34] PENDING HUMAN REVIEW: EMAIL_20260303_014318_additional-details-shane-is-looking-for-.md
[2026-03-03 03:16:34] PENDING HUMAN REVIEW: EMAIL_20260303_014727_verified-willia-is-looking-for-a-graphic.md
[2026-03-03 03:16:34] PENDING HUMAN REVIEW: EMAIL_20260303_031154_verified-sandra-is-looking-for-a-web-des.md
[2026-03-03 03:16:34] PENDING HUMAN REVIEW: EMAIL_20260303_031200_additional-details-michael-is-looking-fo.md
[2026-03-03 03:16:34] PENDING HUMAN REVIEW: EMAIL_20260303_031205_rich-is-looking-for-a-web-designer-in-au.md
[2026-03-03 03:16:34] PENDING HUMAN REVIEW: EMAIL_20260303_031227_paul-is-looking-for-a-web-designer.md
[2026-03-03 03:16:34] PENDING HUMAN REVIEW: EMAIL_20260303_031237_verified-jesse-is-looking-for-a-web-desi.md
[2026-03-03 03:16:34] PENDING HUMAN REVIEW: EMAIL_20260303_031241_amnafarazai_employee_hackathon-google-cl.md
[2026-03-03 03:16:34] PENDING HUMAN REVIEW: EMAIL_20260303_031446_verified-duke-is-looking-for-a-web-desig.md
[2026-03-03 03:21:34] PENDING HUMAN REVIEW: EMAIL_20260303_014009_kimberly-urgently-needs-a-graphic-design.md
[2026-03-03 03:21:34] PENDING HUMAN REVIEW: EMAIL_20260303_014016_andreas-urgently-needs-a-web-designer.md
[2026-03-03 03:21:34] PENDING HUMAN REVIEW: EMAIL_20260303_014022_verified-zoraya-is-looking-for-a-web-des.md
[2026-03-03 03:21:34] PENDING HUMAN REVIEW: EMAIL_20260303_014028_jac-urgently-needs-a-web-designer.md
[2026-03-03 03:21:34] PENDING HUMAN REVIEW: EMAIL_20260303_014033_pr-specialist-at-pharma-and-15-more-soci.md
[2026-03-03 03:21:34] PENDING HUMAN REVIEW: EMAIL_20260303_014039_alvin-urgently-needs-a-web-designer.md
[2026-03-03 03:21:34] PENDING HUMAN REVIEW: EMAIL_20260303_014045_verified-george-is-looking-for-a-web-des.md
[2026-03-03 03:21:34] PENDING HUMAN REVIEW: EMAIL_20260303_014052_rosa-is-looking-for-a-web-designer.md
[2026-03-03 03:21:34] PENDING HUMAN REVIEW: EMAIL_20260303_014058_amnafarazai_employee_hackathon-google-oa.md
[2026-03-03 03:21:34] PENDING HUMAN REVIEW: EMAIL_20260303_014104_verified-ashley-is-looking-for-a-web-des.md
[2026-03-03 03:21:34] PENDING HUMAN REVIEW: EMAIL_20260303_014310_nancy-is-looking-for-a-graphic-designer.md
[2026-03-03 03:21:34] PENDING HUMAN REVIEW: EMAIL_20260303_014318_additional-details-shane-is-looking-for-.md
[2026-03-03 03:21:34] PENDING HUMAN REVIEW: EMAIL_20260303_014727_verified-willia-is-looking-for-a-graphic.md
[2026-03-03 03:21:34] PENDING HUMAN REVIEW: EMAIL_20260303_031154_verified-sandra-is-looking-for-a-web-des.md
[2026-03-03 03:21:34] PENDING HUMAN REVIEW: EMAIL_20260303_031200_additional-details-michael-is-looking-fo.md
[2026-03-03 03:21:34] PENDING HUMAN REVIEW: EMAIL_20260303_031205_rich-is-looking-for-a-web-designer-in-au.md
[2026-03-03 03:21:34] PENDING HUMAN REVIEW: EMAIL_20260303_031227_paul-is-looking-for-a-web-designer.md
[2026-03-03 03:21:34] PENDING HUMAN REVIEW: EMAIL_20260303_031237_verified-jesse-is-looking-for-a-web-desi.md
[2026-03-03 03:21:34] PENDING HUMAN REVIEW: EMAIL_20260303_031241_amnafarazai_employee_hackathon-google-cl.md
[2026-03-03 03:21:34] PENDING HUMAN REVIEW: EMAIL_20260303_031446_verified-duke-is-looking-for-a-web-desig.md
[2026-03-03 03:21:34] PENDING HUMAN REVIEW: EMAIL_20260303_031922_additional-details-jonathan-is-looking-f.md
[2026-03-03 03:21:34] PENDING HUMAN REVIEW: EMAIL_20260303_032129_sophia-is-looking-for-a-web-designer.md
[2026-03-03 03:26:34] PENDING HUMAN REVIEW: budget_task.md
[2026-03-03 03:26:34] PENDING HUMAN REVIEW: EMAIL_20260303_014009_kimberly-urgently-needs-a-graphic-design.md
[2026-03-03 03:26:34] PENDING HUMAN REVIEW: EMAIL_20260303_014016_andreas-urgently-needs-a-web-designer.md
[2026-03-03 03:26:34] PENDING HUMAN REVIEW: EMAIL_20260303_014022_verified-zoraya-is-looking-for-a-web-des.md
[2026-03-03 03:26:34] PENDING HUMAN REVIEW: EMAIL_20260303_014028_jac-urgently-needs-a-web-designer.md
[2026-03-03 03:26:35] PENDING HUMAN REVIEW: EMAIL_20260303_014033_pr-specialist-at-pharma-and-15-more-soci.md
[2026-03-03 03:26:35] PENDING HUMAN REVIEW: EMAIL_20260303_014039_alvin-urgently-needs-a-web-designer.md
[2026-03-03 03:26:35] PENDING HUMAN REVIEW: EMAIL_20260303_014045_verified-george-is-looking-for-a-web-des.md
[2026-03-03 03:26:35] PENDING HUMAN REVIEW: EMAIL_20260303_014052_rosa-is-looking-for-a-web-designer.md
[2026-03-03 03:26:35] PENDING HUMAN REVIEW: EMAIL_20260303_014058_amnafarazai_employee_hackathon-google-oa.md
[2026-03-03 03:26:35] PENDING HUMAN REVIEW: EMAIL_20260303_014104_verified-ashley-is-looking-for-a-web-des.md
[2026-03-03 03:26:35] PENDING HUMAN REVIEW: EMAIL_20260303_014310_nancy-is-looking-for-a-graphic-designer.md
[2026-03-03 03:26:35] PENDING HUMAN REVIEW: EMAIL_20260303_014318_additional-details-shane-is-looking-for-.md
[2026-03-03 03:26:35] PENDING HUMAN REVIEW: EMAIL_20260303_014727_verified-willia-is-looking-for-a-graphic.md
[2026-03-03 03:26:35] PENDING HUMAN REVIEW: EMAIL_20260303_031154_verified-sandra-is-looking-for-a-web-des.md
[2026-03-03 03:26:35] PENDING HUMAN REVIEW: EMAIL_20260303_031200_additional-details-michael-is-looking-fo.md
[2026-03-03 03:26:35] PENDING HUMAN REVIEW: EMAIL_20260303_031205_rich-is-looking-for-a-web-designer-in-au.md
[2026-03-03 03:26:35] PENDING HUMAN REVIEW: EMAIL_20260303_031227_paul-is-looking-for-a-web-designer.md
[2026-03-03 03:26:35] PENDING HUMAN REVIEW: EMAIL_20260303_031237_verified-jesse-is-looking-for-a-web-desi.md
[2026-03-03 03:26:35] PENDING HUMAN REVIEW: EMAIL_20260303_031241_amnafarazai_employee_hackathon-google-cl.md
[2026-03-03 03:26:35] PENDING HUMAN REVIEW: EMAIL_20260303_031446_verified-duke-is-looking-for-a-web-desig.md[2026-03-03 03:26:35] PENDING HUMAN REVIEW: EMAIL_20260303_031922_additional-details-jonathan-is-looking-f.md
[2026-03-03 03:26:35] PENDING HUMAN REVIEW: EMAIL_20260303_032129_sophia-is-looking-for-a-web-designer.md
[2026-03-03 03:31:35] PENDING HUMAN REVIEW: budget_task.md
[2026-03-03 03:31:35] PENDING HUMAN REVIEW: EMAIL_20260303_014009_kimberly-urgently-needs-a-graphic-design.md
[2026-03-03 03:31:35] PENDING HUMAN REVIEW: EMAIL_20260303_014016_andreas-urgently-needs-a-web-designer.md
[2026-03-03 03:31:35] PENDING HUMAN REVIEW: EMAIL_20260303_014022_verified-zoraya-is-looking-for-a-web-des.md
[2026-03-03 03:31:35] PENDING HUMAN REVIEW: EMAIL_20260303_014028_jac-urgently-needs-a-web-designer.md
[2026-03-03 03:31:35] PENDING HUMAN REVIEW: EMAIL_20260303_014033_pr-specialist-at-pharma-and-15-more-soci.md
[2026-03-03 03:31:35] PENDING HUMAN REVIEW: EMAIL_20260303_014039_alvin-urgently-needs-a-web-designer.md
[2026-03-03 03:31:35] PENDING HUMAN REVIEW: EMAIL_20260303_014045_verified-george-is-looking-for-a-web-des.md
[2026-03-03 03:31:35] PENDING HUMAN REVIEW: EMAIL_20260303_014052_rosa-is-looking-for-a-web-designer.md
[2026-03-03 03:31:35] PENDING HUMAN REVIEW: EMAIL_20260303_014058_amnafarazai_employee_hackathon-google-oa.md
[2026-03-03 03:31:35] PENDING HUMAN REVIEW: EMAIL_20260303_014104_verified-ashley-is-looking-for-a-web-des.md
[2026-03-03 03:31:35] PENDING HUMAN REVIEW: EMAIL_20260303_014310_nancy-is-looking-for-a-graphic-designer.md
[2026-03-03 03:31:35] PENDING HUMAN REVIEW: EMAIL_20260303_014318_additional-details-shane-is-looking-for-.md
[2026-03-03 03:31:35] PENDING HUMAN REVIEW: EMAIL_20260303_014727_verified-willia-is-looking-for-a-graphic.md
[2026-03-03 03:31:35] PENDING HUMAN REVIEW: EMAIL_20260303_031154_verified-sandra-is-looking-for-a-web-des.md
[2026-03-03 03:31:35] PENDING HUMAN REVIEW: EMAIL_20260303_031200_additional-details-michael-is-looking-fo.md
[2026-03-03 03:31:35] PENDING HUMAN REVIEW: EMAIL_20260303_031205_rich-is-looking-for-a-web-designer-in-au.md
[2026-03-03 03:31:35] PENDING HUMAN REVIEW: EMAIL_20260303_031227_paul-is-looking-for-a-web-designer.md
[2026-03-03 03:31:35] PENDING HUMAN REVIEW: EMAIL_20260303_031237_verified-jesse-is-looking-for-a-web-desi.md
[2026-03-03 03:31:35] PENDING HUMAN REVIEW: EMAIL_20260303_031241_amnafarazai_employee_hackathon-google-cl.md
[2026-03-03 03:31:35] PENDING HUMAN REVIEW: EMAIL_20260303_031446_verified-duke-is-looking-for-a-web-desig.md
[2026-03-03 03:31:35] PENDING HUMAN REVIEW: EMAIL_20260303_031922_additional-details-jonathan-is-looking-f.md
[2026-03-03 03:31:35] PENDING HUMAN REVIEW: EMAIL_20260303_032129_sophia-is-looking-for-a-web-designer.md
[2026-03-03 03:31:35] PENDING HUMAN REVIEW: EMAIL_20260303_032736_roosevelt-is-looking-for-a-web-designer.md
[2026-03-03 03:36:35] PENDING HUMAN REVIEW: budget_task.md
[2026-03-03 03:36:35] PENDING HUMAN REVIEW: EMAIL_20260303_014009_kimberly-urgently-needs-a-graphic-design.md
[2026-03-03 03:36:35] PENDING HUMAN REVIEW: EMAIL_20260303_014016_andreas-urgently-needs-a-web-designer.md
[2026-03-03 03:36:35] PENDING HUMAN REVIEW: EMAIL_20260303_014022_verified-zoraya-is-looking-for-a-web-des.md
[2026-03-03 03:36:35] PENDING HUMAN REVIEW: EMAIL_20260303_014028_jac-urgently-needs-a-web-designer.md
[2026-03-03 03:36:35] PENDING HUMAN REVIEW: EMAIL_20260303_014033_pr-specialist-at-pharma-and-15-more-soci.md
[2026-03-03 03:36:35] PENDING HUMAN REVIEW: EMAIL_20260303_014039_alvin-urgently-needs-a-web-designer.md
[2026-03-03 03:36:36] PENDING HUMAN REVIEW: EMAIL_20260303_014045_verified-george-is-looking-for-a-web-des.md
[2026-03-03 03:36:36] PENDING HUMAN REVIEW: EMAIL_20260303_014052_rosa-is-looking-for-a-web-designer.md
[2026-03-03 03:36:36] PENDING HUMAN REVIEW: EMAIL_20260303_014058_amnafarazai_employee_hackathon-google-oa.md
[2026-03-03 03:36:36] PENDING HUMAN REVIEW: EMAIL_20260303_014104_verified-ashley-is-looking-for-a-web-des.md
[2026-03-03 03:36:36] PENDING HUMAN REVIEW: EMAIL_20260303_014310_nancy-is-looking-for-a-graphic-designer.md
[2026-03-03 03:36:36] PENDING HUMAN REVIEW: EMAIL_20260303_014318_additional-details-shane-is-looking-for-.md
[2026-03-03 03:36:36] PENDING HUMAN REVIEW: EMAIL_20260303_014727_verified-willia-is-looking-for-a-graphic.md
[2026-03-03 03:36:36] PENDING HUMAN REVIEW: EMAIL_20260303_031154_verified-sandra-is-looking-for-a-web-des.md
[2026-03-03 03:36:36] PENDING HUMAN REVIEW: EMAIL_20260303_031200_additional-details-michael-is-looking-fo.md
[2026-03-03 03:36:36] PENDING HUMAN REVIEW: EMAIL_20260303_031205_rich-is-looking-for-a-web-designer-in-au.md
[2026-03-03 03:36:36] PENDING HUMAN REVIEW: EMAIL_20260303_031227_paul-is-looking-for-a-web-designer.md
[2026-03-03 03:36:36] PENDING HUMAN REVIEW: EMAIL_20260303_031237_verified-jesse-is-looking-for-a-web-desi.md
[2026-03-03 03:36:36] PENDING HUMAN REVIEW: EMAIL_20260303_031241_amnafarazai_employee_hackathon-google-cl.md
[2026-03-03 03:36:36] PENDING HUMAN REVIEW: EMAIL_20260303_031446_verified-duke-is-looking-for-a-web-desig.md
[2026-03-03 03:36:36] PENDING HUMAN REVIEW: EMAIL_20260303_031922_additional-details-jonathan-is-looking-f.md
[2026-03-03 03:36:36] PENDING HUMAN REVIEW: EMAIL_20260303_032129_sophia-is-looking-for-a-web-designer.md
[2026-03-03 03:36:36] PENDING HUMAN REVIEW: EMAIL_20260303_032736_roosevelt-is-looking-for-a-web-designer.md
[2026-03-03 03:41:36] PENDING HUMAN REVIEW: budget_task.md
[2026-03-03 03:41:36] PENDING HUMAN REVIEW: EMAIL_20260303_014009_kimberly-urgently-needs-a-graphic-design.md
[2026-03-03 03:41:36] PENDING HUMAN REVIEW: EMAIL_20260303_014016_andreas-urgently-needs-a-web-designer.md
[2026-03-03 03:41:36] PENDING HUMAN REVIEW: EMAIL_20260303_014022_verified-zoraya-is-looking-for-a-web-des.md
[2026-03-03 03:41:36] PENDING HUMAN REVIEW: EMAIL_20260303_014028_jac-urgently-needs-a-web-designer.md
[2026-03-03 03:41:36] PENDING HUMAN REVIEW: EMAIL_20260303_014033_pr-specialist-at-pharma-and-15-more-soci.md
[2026-03-03 03:41:36] PENDING HUMAN REVIEW: EMAIL_20260303_014039_alvin-urgently-needs-a-web-designer.md
[2026-03-03 03:41:36] PENDING HUMAN REVIEW: EMAIL_20260303_014045_verified-george-is-looking-for-a-web-des.md
[2026-03-03 03:41:36] PENDING HUMAN REVIEW: EMAIL_20260303_014052_rosa-is-looking-for-a-web-designer.md
[2026-03-03 03:41:36] PENDING HUMAN REVIEW: EMAIL_20260303_014058_amnafarazai_employee_hackathon-google-oa.md
[2026-03-03 03:41:36] PENDING HUMAN REVIEW: EMAIL_20260303_014104_verified-ashley-is-looking-for-a-web-des.md
[2026-03-03 03:41:36] PENDING HUMAN REVIEW: EMAIL_20260303_014310_nancy-is-looking-for-a-graphic-designer.md
[2026-03-03 03:41:36] PENDING HUMAN REVIEW: EMAIL_20260303_014318_additional-details-shane-is-looking-for-.md
[2026-03-03 03:41:36] PENDING HUMAN REVIEW: EMAIL_20260303_014727_verified-willia-is-looking-for-a-graphic.md
[2026-03-03 03:41:36] PENDING HUMAN REVIEW: EMAIL_20260303_031154_verified-sandra-is-looking-for-a-web-des.md
[2026-03-03 03:41:36] PENDING HUMAN REVIEW: EMAIL_20260303_031200_additional-details-michael-is-looking-fo.md
[2026-03-03 03:41:36] PENDING HUMAN REVIEW: EMAIL_20260303_031205_rich-is-looking-for-a-web-designer-in-au.md
[2026-03-03 03:41:36] PENDING HUMAN REVIEW: EMAIL_20260303_031227_paul-is-looking-for-a-web-designer.md
[2026-03-03 03:41:36] PENDING HUMAN REVIEW: EMAIL_20260303_031237_verified-jesse-is-looking-for-a-web-desi.md
[2026-03-03 03:41:36] PENDING HUMAN REVIEW: EMAIL_20260303_031241_amnafarazai_employee_hackathon-google-cl.md
[2026-03-03 03:41:36] PENDING HUMAN REVIEW: EMAIL_20260303_031446_verified-duke-is-looking-for-a-web-desig.md
[2026-03-03 03:41:36] PENDING HUMAN REVIEW: EMAIL_20260303_031922_additional-details-jonathan-is-looking-f.md
[2026-03-03 03:41:36] PENDING HUMAN REVIEW: EMAIL_20260303_032129_sophia-is-looking-for-a-web-designer.md
[2026-03-03 03:41:36] PENDING HUMAN REVIEW: EMAIL_20260303_032736_roosevelt-is-looking-for-a-web-designer.md
[2026-03-03 03:46:36] PENDING HUMAN REVIEW: budget_task.md
[2026-03-03 03:46:36] PENDING HUMAN REVIEW: EMAIL_20260303_014009_kimberly-urgently-needs-a-graphic-design.md
[2026-03-03 03:46:36] PENDING HUMAN REVIEW: EMAIL_20260303_014016_andreas-urgently-needs-a-web-designer.md
[2026-03-03 03:46:36] PENDING HUMAN REVIEW: EMAIL_20260303_014022_verified-zoraya-is-looking-for-a-web-des.md

[2026-03-03 03:26:35] PENDING HUMAN REVIEW: EMAIL_20260303_031922_additional-details-jonathan-is-looking-f.md
[2026-03-03 03:26:35] PENDING HUMAN REVIEW: EMAIL_20260303_032129_sophia-is-looking-for-a-web-designer.md
[2026-03-03 03:31:35] PENDING HUMAN REVIEW: budget_task.md
[2026-03-03 03:31:35] PENDING HUMAN REVIEW: EMAIL_20260303_014009_kimberly-urgently-needs-a-graphic-design.md
[2026-03-03 03:31:35] PENDING HUMAN REVIEW: EMAIL_20260303_014016_andreas-urgently-needs-a-web-designer.md
[2026-03-03 03:31:35] PENDING HUMAN REVIEW: EMAIL_20260303_014022_verified-zoraya-is-looking-for-a-web-des.md
[2026-03-03 03:31:35] PENDING HUMAN REVIEW: EMAIL_20260303_014028_jac-urgently-needs-a-web-designer.md
[2026-03-03 03:31:35] PENDING HUMAN REVIEW: EMAIL_20260303_014033_pr-specialist-at-pharma-and-15-more-soci.md
[2026-03-03 03:31:35] PENDING HUMAN REVIEW: EMAIL_20260303_014039_alvin-urgently-needs-a-web-designer.md
[2026-03-03 03:31:35] PENDING HUMAN REVIEW: EMAIL_20260303_014045_verified-george-is-looking-for-a-web-des.md
[2026-03-03 03:31:35] PENDING HUMAN REVIEW: EMAIL_20260303_014052_rosa-is-looking-for-a-web-designer.md
[2026-03-03 03:31:35] PENDING HUMAN REVIEW: EMAIL_20260303_014058_amnafarazai_employee_hackathon-google-oa.md
[2026-03-03 03:31:35] PENDING HUMAN REVIEW: EMAIL_20260303_014104_verified-ashley-is-looking-for-a-web-des.md
[2026-03-03 03:31:35] PENDING HUMAN REVIEW: EMAIL_20260303_014310_nancy-is-looking-for-a-graphic-designer.md
[2026-03-03 03:31:35] PENDING HUMAN REVIEW: EMAIL_20260303_014318_additional-details-shane-is-looking-for-.md
[2026-03-03 03:31:35] PENDING HUMAN REVIEW: EMAIL_20260303_014727_verified-willia-is-looking-for-a-graphic.md
[2026-03-03 03:31:35] PENDING HUMAN REVIEW: EMAIL_20260303_031154_verified-sandra-is-looking-for-a-web-des.md
[2026-03-03 03:31:35] PENDING HUMAN REVIEW: EMAIL_20260303_031200_additional-details-michael-is-looking-fo.md
[2026-03-03 03:31:35] PENDING HUMAN REVIEW: EMAIL_20260303_031205_rich-is-looking-for-a-web-designer-in-au.md
[2026-03-03 03:31:35] PENDING HUMAN REVIEW: EMAIL_20260303_031227_paul-is-looking-for-a-web-designer.md
[2026-03-03 03:31:35] PENDING HUMAN REVIEW: EMAIL_20260303_031237_verified-jesse-is-looking-for-a-web-desi.md
[2026-03-03 03:31:35] PENDING HUMAN REVIEW: EMAIL_20260303_031241_amnafarazai_employee_hackathon-google-cl.md
[2026-03-03 03:31:35] PENDING HUMAN REVIEW: EMAIL_20260303_031446_verified-duke-is-looking-for-a-web-desig.md
[2026-03-03 03:31:35] PENDING HUMAN REVIEW: EMAIL_20260303_031922_additional-details-jonathan-is-looking-f.md
[2026-03-03 03:31:35] PENDING HUMAN REVIEW: EMAIL_20260303_032129_sophia-is-looking-for-a-web-designer.md
[2026-03-03 03:31:35] PENDING HUMAN REVIEW: EMAIL_20260303_032736_roosevelt-is-looking-for-a-web-designer.md
[2026-03-03 03:36:35] PENDING HUMAN REVIEW: budget_task.md
[2026-03-03 03:36:35] PENDING HUMAN REVIEW: EMAIL_20260303_014009_kimberly-urgently-needs-a-graphic-design.md
[2026-03-03 03:36:35] PENDING HUMAN REVIEW: EMAIL_20260303_014016_andreas-urgently-needs-a-web-designer.md
[2026-03-03 03:36:35] PENDING HUMAN REVIEW: EMAIL_20260303_014022_verified-zoraya-is-looking-for-a-web-des.md
[2026-03-03 03:36:35] PENDING HUMAN REVIEW: EMAIL_20260303_014028_jac-urgently-needs-a-web-designer.md
[2026-03-03 03:36:35] PENDING HUMAN REVIEW: EMAIL_20260303_014033_pr-specialist-at-pharma-and-15-more-soci.md
[2026-03-03 03:36:35] PENDING HUMAN REVIEW: EMAIL_20260303_014039_alvin-urgently-needs-a-web-designer.md
[2026-03-03 03:36:36] PENDING HUMAN REVIEW: EMAIL_20260303_014045_verified-george-is-looking-for-a-web-des.md
[2026-03-03 03:36:36] PENDING HUMAN REVIEW: EMAIL_20260303_014052_rosa-is-looking-for-a-web-designer.md
[2026-03-03 03:36:36] PENDING HUMAN REVIEW: EMAIL_20260303_014058_amnafarazai_employee_hackathon-google-oa.md
[2026-03-03 03:36:36] PENDING HUMAN REVIEW: EMAIL_20260303_014104_verified-ashley-is-looking-for-a-web-des.md
[2026-03-03 03:36:36] PENDING HUMAN REVIEW: EMAIL_20260303_014310_nancy-is-looking-for-a-graphic-designer.md
[2026-03-03 03:36:36] PENDING HUMAN REVIEW: EMAIL_20260303_014318_additional-details-shane-is-looking-for-.md
[2026-03-03 03:36:36] PENDING HUMAN REVIEW: EMAIL_20260303_014727_verified-willia-is-looking-for-a-graphic.md
[2026-03-03 03:36:36] PENDING HUMAN REVIEW: EMAIL_20260303_031154_verified-sandra-is-looking-for-a-web-des.md
[2026-03-03 03:36:36] PENDING HUMAN REVIEW: EMAIL_20260303_031200_additional-details-michael-is-looking-fo.md
[2026-03-03 03:36:36] PENDING HUMAN REVIEW: EMAIL_20260303_031205_rich-is-looking-for-a-web-designer-in-au.md
[2026-03-03 03:36:36] PENDING HUMAN REVIEW: EMAIL_20260303_031227_paul-is-looking-for-a-web-designer.md
[2026-03-03 03:36:36] PENDING HUMAN REVIEW: EMAIL_20260303_031237_verified-jesse-is-looking-for-a-web-desi.md
[2026-03-03 03:36:36] PENDING HUMAN REVIEW: EMAIL_20260303_031241_amnafarazai_employee_hackathon-google-cl.md
[2026-03-03 03:36:36] PENDING HUMAN REVIEW: EMAIL_20260303_031446_verified-duke-is-looking-for-a-web-desig.md
[2026-03-03 03:36:36] PENDING HUMAN REVIEW: EMAIL_20260303_031922_additional-details-jonathan-is-looking-f.md
[2026-03-03 03:36:36] PENDING HUMAN REVIEW: EMAIL_20260303_032129_sophia-is-looking-for-a-web-designer.md
[2026-03-03 03:36:36] PENDING HUMAN REVIEW: EMAIL_20260303_032736_roosevelt-is-looking-for-a-web-designer.md
[2026-03-03 03:41:36] PENDING HUMAN REVIEW: budget_task.md
[2026-03-03 03:41:36] PENDING HUMAN REVIEW: EMAIL_20260303_014009_kimberly-urgently-needs-a-graphic-design.md
[2026-03-03 03:41:36] PENDING HUMAN REVIEW: EMAIL_20260303_014016_andreas-urgently-needs-a-web-designer.md
[2026-03-03 03:41:36] PENDING HUMAN REVIEW: EMAIL_20260303_014022_verified-zoraya-is-looking-for-a-web-des.md
[2026-03-03 03:41:36] PENDING HUMAN REVIEW: EMAIL_20260303_014028_jac-urgently-needs-a-web-designer.md
[2026-03-03 03:41:36] PENDING HUMAN REVIEW: EMAIL_20260303_014033_pr-specialist-at-pharma-and-15-more-soci.md
[2026-03-03 03:41:36] PENDING HUMAN REVIEW: EMAIL_20260303_014039_alvin-urgently-needs-a-web-designer.md
[2026-03-03 03:41:36] PENDING HUMAN REVIEW: EMAIL_20260303_014045_verified-george-is-looking-for-a-web-des.md
[2026-03-03 03:41:36] PENDING HUMAN REVIEW: EMAIL_20260303_014052_rosa-is-looking-for-a-web-designer.md
[2026-03-03 03:41:36] PENDING HUMAN REVIEW: EMAIL_20260303_014058_amnafarazai_employee_hackathon-google-oa.md
[2026-03-03 03:41:36] PENDING HUMAN REVIEW: EMAIL_20260303_014104_verified-ashley-is-looking-for-a-web-des.md
[2026-03-03 03:41:36] PENDING HUMAN REVIEW: EMAIL_20260303_014310_nancy-is-looking-for-a-graphic-designer.md
[2026-03-03 03:41:36] PENDING HUMAN REVIEW: EMAIL_20260303_014318_additional-details-shane-is-looking-for-.md
[2026-03-03 03:41:36] PENDING HUMAN REVIEW: EMAIL_20260303_014727_verified-willia-is-looking-for-a-graphic.md
[2026-03-03 03:41:36] PENDING HUMAN REVIEW: EMAIL_20260303_031154_verified-sandra-is-looking-for-a-web-des.md
[2026-03-03 03:41:36] PENDING HUMAN REVIEW: EMAIL_20260303_031200_additional-details-michael-is-looking-fo.md
[2026-03-03 03:41:36] PENDING HUMAN REVIEW: EMAIL_20260303_031205_rich-is-looking-for-a-web-designer-in-au.md
[2026-03-03 03:41:36] PENDING HUMAN REVIEW: EMAIL_20260303_031227_paul-is-looking-for-a-web-designer.md
[2026-03-03 03:41:36] PENDING HUMAN REVIEW: EMAIL_20260303_031237_verified-jesse-is-looking-for-a-web-desi.md
[2026-03-03 03:41:36] PENDING HUMAN REVIEW: EMAIL_20260303_031241_amnafarazai_employee_hackathon-google-cl.md
[2026-03-03 03:41:36] PENDING HUMAN REVIEW: EMAIL_20260303_031446_verified-duke-is-looking-for-a-web-desig.md
[2026-03-03 03:41:36] PENDING HUMAN REVIEW: EMAIL_20260303_031922_additional-details-jonathan-is-looking-f.md
[2026-03-03 03:41:36] PENDING HUMAN REVIEW: EMAIL_20260303_032129_sophia-is-looking-for-a-web-designer.md
[2026-03-03 03:41:36] PENDING HUMAN REVIEW: EMAIL_20260303_032736_roosevelt-is-looking-for-a-web-designer.md
[2026-03-03 03:46:36] PENDING HUMAN REVIEW: budget_task.md
[2026-03-03 03:46:36] PENDING HUMAN REVIEW: EMAIL_20260303_014009_kimberly-urgently-needs-a-graphic-design.md
[2026-03-03 03:46:36] PENDING HUMAN REVIEW: EMAIL_20260303_014016_andreas-urgently-needs-a-web-designer.md
[2026-03-03 03:46:36] PENDING HUMAN REVIEW: EMAIL_20260303_014022_verified-zoraya-is-looking-for-a-web-des.md[2026-03-03 03:46:36] PENDING HUMAN REVIEW: EMAIL_20260303_014028_jac-urgently-needs-a-web-designer.md
[2026-03-03 03:46:37] PENDING HUMAN REVIEW: EMAIL_20260303_014033_pr-specialist-at-pharma-and-15-more-soci.md
[2026-03-03 03:46:37] PENDING HUMAN REVIEW: EMAIL_20260303_014039_alvin-urgently-needs-a-web-designer.md
[2026-03-03 03:46:37] PENDING HUMAN REVIEW: EMAIL_20260303_014045_verified-george-is-looking-for-a-web-des.md
[2026-03-03 03:46:37] PENDING HUMAN REVIEW: EMAIL_20260303_014052_rosa-is-looking-for-a-web-designer.md
[2026-03-03 03:46:37] PENDING HUMAN REVIEW: EMAIL_20260303_014058_amnafarazai_employee_hackathon-google-oa.md
[2026-03-03 03:46:37] PENDING HUMAN REVIEW: EMAIL_20260303_014104_verified-ashley-is-looking-for-a-web-des.md
[2026-03-03 03:46:37] PENDING HUMAN REVIEW: EMAIL_20260303_014310_nancy-is-looking-for-a-graphic-designer.md
[2026-03-03 03:46:37] PENDING HUMAN REVIEW: EMAIL_20260303_014318_additional-details-shane-is-looking-for-.md
[2026-03-03 03:46:37] PENDING HUMAN REVIEW: EMAIL_20260303_014727_verified-willia-is-looking-for-a-graphic.md
[2026-03-03 03:46:37] PENDING HUMAN REVIEW: EMAIL_20260303_031154_verified-sandra-is-looking-for-a-web-des.md
[2026-03-03 03:46:37] PENDING HUMAN REVIEW: EMAIL_20260303_031200_additional-details-michael-is-looking-fo.md
[2026-03-03 03:46:37] PENDING HUMAN REVIEW: EMAIL_20260303_031205_rich-is-looking-for-a-web-designer-in-au.md
[2026-03-03 03:46:37] PENDING HUMAN REVIEW: EMAIL_20260303_031227_paul-is-looking-for-a-web-designer.md
[2026-03-03 03:46:37] PENDING HUMAN REVIEW: EMAIL_20260303_031237_verified-jesse-is-looking-for-a-web-desi.md
[2026-03-03 03:46:37] PENDING HUMAN REVIEW: EMAIL_20260303_031241_amnafarazai_employee_hackathon-google-cl.md
[2026-03-03 03:46:37] PENDING HUMAN REVIEW: EMAIL_20260303_031446_verified-duke-is-looking-for-a-web-desig.md
[2026-03-03 03:46:37] PENDING HUMAN REVIEW: EMAIL_20260303_031922_additional-details-jonathan-is-looking-f.md
[2026-03-03 03:46:37] PENDING HUMAN REVIEW: EMAIL_20260303_032129_sophia-is-looking-for-a-web-designer.md
[2026-03-03 03:46:37] PENDING HUMAN REVIEW: EMAIL_20260303_032736_roosevelt-is-looking-for-a-web-designer.md
[2026-03-03 03:46:37] PENDING HUMAN REVIEW: EMAIL_20260303_034146_additional-details-chris-is-looking-for-.md
[2026-03-03 03:51:37] PENDING HUMAN REVIEW: budget_task.md
[2026-03-03 03:51:37] PENDING HUMAN REVIEW: EMAIL_20260303_014009_kimberly-urgently-needs-a-graphic-design.md
[2026-03-03 03:51:37] PENDING HUMAN REVIEW: EMAIL_20260303_014016_andreas-urgently-needs-a-web-designer.md
[2026-03-03 03:51:37] PENDING HUMAN REVIEW: EMAIL_20260303_014022_verified-zoraya-is-looking-for-a-web-des.md
[2026-03-03 03:51:37] PENDING HUMAN REVIEW: EMAIL_20260303_014028_jac-urgently-needs-a-web-designer.md
[2026-03-03 03:51:37] PENDING HUMAN REVIEW: EMAIL_20260303_014033_pr-specialist-at-pharma-and-15-more-soci.md
[2026-03-03 03:51:37] PENDING HUMAN REVIEW: EMAIL_20260303_014039_alvin-urgently-needs-a-web-designer.md
[2026-03-03 03:51:37] PENDING HUMAN REVIEW: EMAIL_20260303_014045_verified-george-is-looking-for-a-web-des.md
[2026-03-03 03:51:37] PENDING HUMAN REVIEW: EMAIL_20260303_014052_rosa-is-looking-for-a-web-designer.md
[2026-03-03 03:51:37] PENDING HUMAN REVIEW: EMAIL_20260303_014058_amnafarazai_employee_hackathon-google-oa.md
[2026-03-03 03:51:37] PENDING HUMAN REVIEW: EMAIL_20260303_014104_verified-ashley-is-looking-for-a-web-des.md
[2026-03-03 03:51:37] PENDING HUMAN REVIEW: EMAIL_20260303_014310_nancy-is-looking-for-a-graphic-designer.md
[2026-03-03 03:51:37] PENDING HUMAN REVIEW: EMAIL_20260303_014318_additional-details-shane-is-looking-for-.md
[2026-03-03 03:51:37] PENDING HUMAN REVIEW: EMAIL_20260303_014727_verified-willia-is-looking-for-a-graphic.md
[2026-03-03 03:51:37] PENDING HUMAN REVIEW: EMAIL_20260303_031154_verified-sandra-is-looking-for-a-web-des.md
[2026-03-03 03:51:37] PENDING HUMAN REVIEW: EMAIL_20260303_031200_additional-details-michael-is-looking-fo.md
[2026-03-03 03:51:37] PENDING HUMAN REVIEW: EMAIL_20260303_031205_rich-is-looking-for-a-web-designer-in-au.md
[2026-03-03 03:51:37] PENDING HUMAN REVIEW: EMAIL_20260303_031227_paul-is-looking-for-a-web-designer.md
[2026-03-03 03:51:37] PENDING HUMAN REVIEW: EMAIL_20260303_031237_verified-jesse-is-looking-for-a-web-desi.md
[2026-03-03 03:51:37] PENDING HUMAN REVIEW: EMAIL_20260303_031241_amnafarazai_employee_hackathon-google-cl.md
[2026-03-03 03:51:37] PENDING HUMAN REVIEW: EMAIL_20260303_031446_verified-duke-is-looking-for-a-web-desig.md
[2026-03-03 03:51:37] PENDING HUMAN REVIEW: EMAIL_20260303_031922_additional-details-jonathan-is-looking-f.md
[2026-03-03 03:51:37] PENDING HUMAN REVIEW: EMAIL_20260303_032129_sophia-is-looking-for-a-web-designer.md
[2026-03-03 03:51:37] PENDING HUMAN REVIEW: EMAIL_20260303_032736_roosevelt-is-looking-for-a-web-designer.md
[2026-03-03 03:51:37] PENDING HUMAN REVIEW: EMAIL_20260303_034146_additional-details-chris-is-looking-for-.md
[2026-03-03 03:56:37] PENDING HUMAN REVIEW: budget_task.md
[2026-03-03 03:56:37] PENDING HUMAN REVIEW: EMAIL_20260303_014009_kimberly-urgently-needs-a-graphic-design.md
[2026-03-03 03:56:37] PENDING HUMAN REVIEW: EMAIL_20260303_014016_andreas-urgently-needs-a-web-designer.md
[2026-03-03 03:56:37] PENDING HUMAN REVIEW: EMAIL_20260303_014022_verified-zoraya-is-looking-for-a-web-des.md
[2026-03-03 03:56:37] PENDING HUMAN REVIEW: EMAIL_20260303_014028_jac-urgently-needs-a-web-designer.md
[2026-03-03 03:56:38] PENDING HUMAN REVIEW: EMAIL_20260303_014033_pr-specialist-at-pharma-and-15-more-soci.md
[2026-03-03 03:56:38] PENDING HUMAN REVIEW: EMAIL_20260303_014039_alvin-urgently-needs-a-web-designer.md
[2026-03-03 03:56:38] PENDING HUMAN REVIEW: EMAIL_20260303_014045_verified-george-is-looking-for-a-web-des.md
[2026-03-03 03:56:38] PENDING HUMAN REVIEW: EMAIL_20260303_014052_rosa-is-looking-for-a-web-designer.md
[2026-03-03 03:56:38] PENDING HUMAN REVIEW: EMAIL_20260303_014058_amnafarazai_employee_hackathon-google-oa.md
[2026-03-03 03:56:38] PENDING HUMAN REVIEW: EMAIL_20260303_014104_verified-ashley-is-looking-for-a-web-des.md
[2026-03-03 03:56:38] PENDING HUMAN REVIEW: EMAIL_20260303_014310_nancy-is-looking-for-a-graphic-designer.md
[2026-03-03 03:56:38] PENDING HUMAN REVIEW: EMAIL_20260303_014318_additional-details-shane-is-looking-for-.md
[2026-03-03 03:56:38] PENDING HUMAN REVIEW: EMAIL_20260303_014727_verified-willia-is-looking-for-a-graphic.md
[2026-03-03 03:56:38] PENDING HUMAN REVIEW: EMAIL_20260303_031154_verified-sandra-is-looking-for-a-web-des.md
[2026-03-03 03:56:38] PENDING HUMAN REVIEW: EMAIL_20260303_031200_additional-details-michael-is-looking-fo.md
[2026-03-03 03:56:38] PENDING HUMAN REVIEW: EMAIL_20260303_031205_rich-is-looking-for-a-web-designer-in-au.md
[2026-03-03 03:56:38] PENDING HUMAN REVIEW: EMAIL_20260303_031227_paul-is-looking-for-a-web-designer.md
[2026-03-03 03:56:38] PENDING HUMAN REVIEW: EMAIL_20260303_031237_verified-jesse-is-looking-for-a-web-desi.md
[2026-03-03 03:56:38] PENDING HUMAN REVIEW: EMAIL_20260303_031241_amnafarazai_employee_hackathon-google-cl.md
[2026-03-03 03:56:38] PENDING HUMAN REVIEW: EMAIL_20260303_031446_verified-duke-is-looking-for-a-web-desig.md
[2026-03-03 03:56:38] PENDING HUMAN REVIEW: EMAIL_20260303_031922_additional-details-jonathan-is-looking-f.md
[2026-03-03 03:56:38] PENDING HUMAN REVIEW: EMAIL_20260303_032129_sophia-is-looking-for-a-web-designer.md
[2026-03-03 03:56:38] PENDING HUMAN REVIEW: EMAIL_20260303_032736_roosevelt-is-looking-for-a-web-designer.md
[2026-03-03 03:56:38] PENDING HUMAN REVIEW: EMAIL_20260303_034146_additional-details-chris-is-looking-for-.md
[2026-03-03 03:56:38] PENDING HUMAN REVIEW: EMAIL_20260303_035558_additional-details-billie-is-looking-for.md
[2026-03-03 04:01:38] PENDING HUMAN REVIEW: budget_task.md
[2026-03-03 04:01:38] PENDING HUMAN REVIEW: EMAIL_20260303_014009_kimberly-urgently-needs-a-graphic-design.md
[2026-03-03 04:01:38] PENDING HUMAN REVIEW: EMAIL_20260303_014016_andreas-urgently-needs-a-web-designer.md
[2026-03-03 04:01:38] PENDING HUMAN REVIEW: EMAIL_20260303_014022_verified-zoraya-is-looking-for-a-web-des.md
[2026-03-03 04:01:38] PENDING HUMAN REVIEW: EMAIL_20260303_014028_jac-urgently-needs-a-web-designer.md

[2026-03-03 03:46:36] PENDING HUMAN REVIEW: EMAIL_20260303_014028_jac-urgently-needs-a-web-designer.md
[2026-03-03 03:46:37] PENDING HUMAN REVIEW: EMAIL_20260303_014033_pr-specialist-at-pharma-and-15-more-soci.md
[2026-03-03 03:46:37] PENDING HUMAN REVIEW: EMAIL_20260303_014039_alvin-urgently-needs-a-web-designer.md
[2026-03-03 03:46:37] PENDING HUMAN REVIEW: EMAIL_20260303_014045_verified-george-is-looking-for-a-web-des.md
[2026-03-03 03:46:37] PENDING HUMAN REVIEW: EMAIL_20260303_014052_rosa-is-looking-for-a-web-designer.md
[2026-03-03 03:46:37] PENDING HUMAN REVIEW: EMAIL_20260303_014058_amnafarazai_employee_hackathon-google-oa.md
[2026-03-03 03:46:37] PENDING HUMAN REVIEW: EMAIL_20260303_014104_verified-ashley-is-looking-for-a-web-des.md
[2026-03-03 03:46:37] PENDING HUMAN REVIEW: EMAIL_20260303_014310_nancy-is-looking-for-a-graphic-designer.md
[2026-03-03 03:46:37] PENDING HUMAN REVIEW: EMAIL_20260303_014318_additional-details-shane-is-looking-for-.md
[2026-03-03 03:46:37] PENDING HUMAN REVIEW: EMAIL_20260303_014727_verified-willia-is-looking-for-a-graphic.md
[2026-03-03 03:46:37] PENDING HUMAN REVIEW: EMAIL_20260303_031154_verified-sandra-is-looking-for-a-web-des.md
[2026-03-03 03:46:37] PENDING HUMAN REVIEW: EMAIL_20260303_031200_additional-details-michael-is-looking-fo.md
[2026-03-03 03:46:37] PENDING HUMAN REVIEW: EMAIL_20260303_031205_rich-is-looking-for-a-web-designer-in-au.md
[2026-03-03 03:46:37] PENDING HUMAN REVIEW: EMAIL_20260303_031227_paul-is-looking-for-a-web-designer.md
[2026-03-03 03:46:37] PENDING HUMAN REVIEW: EMAIL_20260303_031237_verified-jesse-is-looking-for-a-web-desi.md
[2026-03-03 03:46:37] PENDING HUMAN REVIEW: EMAIL_20260303_031241_amnafarazai_employee_hackathon-google-cl.md
[2026-03-03 03:46:37] PENDING HUMAN REVIEW: EMAIL_20260303_031446_verified-duke-is-looking-for-a-web-desig.md
[2026-03-03 03:46:37] PENDING HUMAN REVIEW: EMAIL_20260303_031922_additional-details-jonathan-is-looking-f.md
[2026-03-03 03:46:37] PENDING HUMAN REVIEW: EMAIL_20260303_032129_sophia-is-looking-for-a-web-designer.md
[2026-03-03 03:46:37] PENDING HUMAN REVIEW: EMAIL_20260303_032736_roosevelt-is-looking-for-a-web-designer.md
[2026-03-03 03:46:37] PENDING HUMAN REVIEW: EMAIL_20260303_034146_additional-details-chris-is-looking-for-.md
[2026-03-03 03:51:37] PENDING HUMAN REVIEW: budget_task.md
[2026-03-03 03:51:37] PENDING HUMAN REVIEW: EMAIL_20260303_014009_kimberly-urgently-needs-a-graphic-design.md
[2026-03-03 03:51:37] PENDING HUMAN REVIEW: EMAIL_20260303_014016_andreas-urgently-needs-a-web-designer.md
[2026-03-03 03:51:37] PENDING HUMAN REVIEW: EMAIL_20260303_014022_verified-zoraya-is-looking-for-a-web-des.md
[2026-03-03 03:51:37] PENDING HUMAN REVIEW: EMAIL_20260303_014028_jac-urgently-needs-a-web-designer.md
[2026-03-03 03:51:37] PENDING HUMAN REVIEW: EMAIL_20260303_014033_pr-specialist-at-pharma-and-15-more-soci.md
[2026-03-03 03:51:37] PENDING HUMAN REVIEW: EMAIL_20260303_014039_alvin-urgently-needs-a-web-designer.md
[2026-03-03 03:51:37] PENDING HUMAN REVIEW: EMAIL_20260303_014045_verified-george-is-looking-for-a-web-des.md
[2026-03-03 03:51:37] PENDING HUMAN REVIEW: EMAIL_20260303_014052_rosa-is-looking-for-a-web-designer.md
[2026-03-03 03:51:37] PENDING HUMAN REVIEW: EMAIL_20260303_014058_amnafarazai_employee_hackathon-google-oa.md
[2026-03-03 03:51:37] PENDING HUMAN REVIEW: EMAIL_20260303_014104_verified-ashley-is-looking-for-a-web-des.md
[2026-03-03 03:51:37] PENDING HUMAN REVIEW: EMAIL_20260303_014310_nancy-is-looking-for-a-graphic-designer.md
[2026-03-03 03:51:37] PENDING HUMAN REVIEW: EMAIL_20260303_014318_additional-details-shane-is-looking-for-.md
[2026-03-03 03:51:37] PENDING HUMAN REVIEW: EMAIL_20260303_014727_verified-willia-is-looking-for-a-graphic.md
[2026-03-03 03:51:37] PENDING HUMAN REVIEW: EMAIL_20260303_031154_verified-sandra-is-looking-for-a-web-des.md
[2026-03-03 03:51:37] PENDING HUMAN REVIEW: EMAIL_20260303_031200_additional-details-michael-is-looking-fo.md
[2026-03-03 03:51:37] PENDING HUMAN REVIEW: EMAIL_20260303_031205_rich-is-looking-for-a-web-designer-in-au.md
[2026-03-03 03:51:37] PENDING HUMAN REVIEW: EMAIL_20260303_031227_paul-is-looking-for-a-web-designer.md
[2026-03-03 03:51:37] PENDING HUMAN REVIEW: EMAIL_20260303_031237_verified-jesse-is-looking-for-a-web-desi.md
[2026-03-03 03:51:37] PENDING HUMAN REVIEW: EMAIL_20260303_031241_amnafarazai_employee_hackathon-google-cl.md
[2026-03-03 03:51:37] PENDING HUMAN REVIEW: EMAIL_20260303_031446_verified-duke-is-looking-for-a-web-desig.md
[2026-03-03 03:51:37] PENDING HUMAN REVIEW: EMAIL_20260303_031922_additional-details-jonathan-is-looking-f.md
[2026-03-03 03:51:37] PENDING HUMAN REVIEW: EMAIL_20260303_032129_sophia-is-looking-for-a-web-designer.md
[2026-03-03 03:51:37] PENDING HUMAN REVIEW: EMAIL_20260303_032736_roosevelt-is-looking-for-a-web-designer.md
[2026-03-03 03:51:37] PENDING HUMAN REVIEW: EMAIL_20260303_034146_additional-details-chris-is-looking-for-.md
[2026-03-03 03:56:37] PENDING HUMAN REVIEW: budget_task.md
[2026-03-03 03:56:37] PENDING HUMAN REVIEW: EMAIL_20260303_014009_kimberly-urgently-needs-a-graphic-design.md
[2026-03-03 03:56:37] PENDING HUMAN REVIEW: EMAIL_20260303_014016_andreas-urgently-needs-a-web-designer.md
[2026-03-03 03:56:37] PENDING HUMAN REVIEW: EMAIL_20260303_014022_verified-zoraya-is-looking-for-a-web-des.md
[2026-03-03 03:56:37] PENDING HUMAN REVIEW: EMAIL_20260303_014028_jac-urgently-needs-a-web-designer.md
[2026-03-03 03:56:38] PENDING HUMAN REVIEW: EMAIL_20260303_014033_pr-specialist-at-pharma-and-15-more-soci.md
[2026-03-03 03:56:38] PENDING HUMAN REVIEW: EMAIL_20260303_014039_alvin-urgently-needs-a-web-designer.md
[2026-03-03 03:56:38] PENDING HUMAN REVIEW: EMAIL_20260303_014045_verified-george-is-looking-for-a-web-des.md
[2026-03-03 03:56:38] PENDING HUMAN REVIEW: EMAIL_20260303_014052_rosa-is-looking-for-a-web-designer.md
[2026-03-03 03:56:38] PENDING HUMAN REVIEW: EMAIL_20260303_014058_amnafarazai_employee_hackathon-google-oa.md
[2026-03-03 03:56:38] PENDING HUMAN REVIEW: EMAIL_20260303_014104_verified-ashley-is-looking-for-a-web-des.md
[2026-03-03 03:56:38] PENDING HUMAN REVIEW: EMAIL_20260303_014310_nancy-is-looking-for-a-graphic-designer.md
[2026-03-03 03:56:38] PENDING HUMAN REVIEW: EMAIL_20260303_014318_additional-details-shane-is-looking-for-.md
[2026-03-03 03:56:38] PENDING HUMAN REVIEW: EMAIL_20260303_014727_verified-willia-is-looking-for-a-graphic.md
[2026-03-03 03:56:38] PENDING HUMAN REVIEW: EMAIL_20260303_031154_verified-sandra-is-looking-for-a-web-des.md
[2026-03-03 03:56:38] PENDING HUMAN REVIEW: EMAIL_20260303_031200_additional-details-michael-is-looking-fo.md
[2026-03-03 03:56:38] PENDING HUMAN REVIEW: EMAIL_20260303_031205_rich-is-looking-for-a-web-designer-in-au.md
[2026-03-03 03:56:38] PENDING HUMAN REVIEW: EMAIL_20260303_031227_paul-is-looking-for-a-web-designer.md
[2026-03-03 03:56:38] PENDING HUMAN REVIEW: EMAIL_20260303_031237_verified-jesse-is-looking-for-a-web-desi.md
[2026-03-03 03:56:38] PENDING HUMAN REVIEW: EMAIL_20260303_031241_amnafarazai_employee_hackathon-google-cl.md
[2026-03-03 03:56:38] PENDING HUMAN REVIEW: EMAIL_20260303_031446_verified-duke-is-looking-for-a-web-desig.md
[2026-03-03 03:56:38] PENDING HUMAN REVIEW: EMAIL_20260303_031922_additional-details-jonathan-is-looking-f.md
[2026-03-03 03:56:38] PENDING HUMAN REVIEW: EMAIL_20260303_032129_sophia-is-looking-for-a-web-designer.md
[2026-03-03 03:56:38] PENDING HUMAN REVIEW: EMAIL_20260303_032736_roosevelt-is-looking-for-a-web-designer.md
[2026-03-03 03:56:38] PENDING HUMAN REVIEW: EMAIL_20260303_034146_additional-details-chris-is-looking-for-.md
[2026-03-03 03:56:38] PENDING HUMAN REVIEW: EMAIL_20260303_035558_additional-details-billie-is-looking-for.md
[2026-03-03 04:01:38] PENDING HUMAN REVIEW: budget_task.md
[2026-03-03 04:01:38] PENDING HUMAN REVIEW: EMAIL_20260303_014009_kimberly-urgently-needs-a-graphic-design.md
[2026-03-03 04:01:38] PENDING HUMAN REVIEW: EMAIL_20260303_014016_andreas-urgently-needs-a-web-designer.md
[2026-03-03 04:01:38] PENDING HUMAN REVIEW: EMAIL_20260303_014022_verified-zoraya-is-looking-for-a-web-des.md
[2026-03-03 04:01:38] PENDING HUMAN REVIEW: EMAIL_20260303_014028_jac-urgently-needs-a-web-designer.md[2026-03-03 04:01:38] PENDING HUMAN REVIEW: EMAIL_20260303_014033_pr-specialist-at-pharma-and-15-more-soci.md
[2026-03-03 04:01:38] PENDING HUMAN REVIEW: EMAIL_20260303_014039_alvin-urgently-needs-a-web-designer.md
[2026-03-03 04:01:38] PENDING HUMAN REVIEW: EMAIL_20260303_014045_verified-george-is-looking-for-a-web-des.md
[2026-03-03 04:01:38] PENDING HUMAN REVIEW: EMAIL_20260303_014052_rosa-is-looking-for-a-web-designer.md
[2026-03-03 04:01:38] PENDING HUMAN REVIEW: EMAIL_20260303_014058_amnafarazai_employee_hackathon-google-oa.md
[2026-03-03 04:01:38] PENDING HUMAN REVIEW: EMAIL_20260303_014104_verified-ashley-is-looking-for-a-web-des.md
[2026-03-03 04:01:38] PENDING HUMAN REVIEW: EMAIL_20260303_014310_nancy-is-looking-for-a-graphic-designer.md
[2026-03-03 04:01:38] PENDING HUMAN REVIEW: EMAIL_20260303_014318_additional-details-shane-is-looking-for-.md
[2026-03-03 04:01:38] PENDING HUMAN REVIEW: EMAIL_20260303_014727_verified-willia-is-looking-for-a-graphic.md
[2026-03-03 04:01:38] PENDING HUMAN REVIEW: EMAIL_20260303_031154_verified-sandra-is-looking-for-a-web-des.md
[2026-03-03 04:01:38] PENDING HUMAN REVIEW: EMAIL_20260303_031200_additional-details-michael-is-looking-fo.md
[2026-03-03 04:01:38] PENDING HUMAN REVIEW: EMAIL_20260303_031205_rich-is-looking-for-a-web-designer-in-au.md
[2026-03-03 04:01:38] PENDING HUMAN REVIEW: EMAIL_20260303_031227_paul-is-looking-for-a-web-designer.md
[2026-03-03 04:01:38] PENDING HUMAN REVIEW: EMAIL_20260303_031237_verified-jesse-is-looking-for-a-web-desi.md
[2026-03-03 04:01:38] PENDING HUMAN REVIEW: EMAIL_20260303_031241_amnafarazai_employee_hackathon-google-cl.md
[2026-03-03 04:01:38] PENDING HUMAN REVIEW: EMAIL_20260303_031446_verified-duke-is-looking-for-a-web-desig.md
[2026-03-03 04:01:38] PENDING HUMAN REVIEW: EMAIL_20260303_031922_additional-details-jonathan-is-looking-f.md
[2026-03-03 04:01:38] PENDING HUMAN REVIEW: EMAIL_20260303_032129_sophia-is-looking-for-a-web-designer.md
[2026-03-03 04:01:38] PENDING HUMAN REVIEW: EMAIL_20260303_032736_roosevelt-is-looking-for-a-web-designer.md
[2026-03-03 04:01:38] PENDING HUMAN REVIEW: EMAIL_20260303_034146_additional-details-chris-is-looking-for-.md
[2026-03-03 04:01:38] PENDING HUMAN REVIEW: EMAIL_20260303_035558_additional-details-billie-is-looking-for.md
[2026-03-03 04:06:40] PENDING HUMAN REVIEW: budget_task.md
[2026-03-03 04:06:40] PENDING HUMAN REVIEW: EMAIL_20260303_014009_kimberly-urgently-needs-a-graphic-design.md
[2026-03-03 04:06:40] PENDING HUMAN REVIEW: EMAIL_20260303_014016_andreas-urgently-needs-a-web-designer.md
[2026-03-03 04:06:40] PENDING HUMAN REVIEW: EMAIL_20260303_014022_verified-zoraya-is-looking-for-a-web-des.md
[2026-03-03 04:06:40] PENDING HUMAN REVIEW: EMAIL_20260303_014028_jac-urgently-needs-a-web-designer.md
[2026-03-03 04:06:40] PENDING HUMAN REVIEW: EMAIL_20260303_014033_pr-specialist-at-pharma-and-15-more-soci.md
[2026-03-03 04:06:40] PENDING HUMAN REVIEW: EMAIL_20260303_014039_alvin-urgently-needs-a-web-designer.md
[2026-03-03 04:06:40] PENDING HUMAN REVIEW: EMAIL_20260303_014045_verified-george-is-looking-for-a-web-des.md
[2026-03-03 04:06:40] PENDING HUMAN REVIEW: EMAIL_20260303_014052_rosa-is-looking-for-a-web-designer.md
[2026-03-03 04:06:40] PENDING HUMAN REVIEW: EMAIL_20260303_014058_amnafarazai_employee_hackathon-google-oa.md
[2026-03-03 04:06:40] PENDING HUMAN REVIEW: EMAIL_20260303_014104_verified-ashley-is-looking-for-a-web-des.md
[2026-03-03 04:06:40] PENDING HUMAN REVIEW: EMAIL_20260303_014310_nancy-is-looking-for-a-graphic-designer.md
[2026-03-03 04:06:40] PENDING HUMAN REVIEW: EMAIL_20260303_014318_additional-details-shane-is-looking-for-.md
[2026-03-03 04:06:40] PENDING HUMAN REVIEW: EMAIL_20260303_014727_verified-willia-is-looking-for-a-graphic.md
[2026-03-03 04:06:40] PENDING HUMAN REVIEW: EMAIL_20260303_031154_verified-sandra-is-looking-for-a-web-des.md
[2026-03-03 04:06:40] PENDING HUMAN REVIEW: EMAIL_20260303_031200_additional-details-michael-is-looking-fo.md
[2026-03-03 04:06:40] PENDING HUMAN REVIEW: EMAIL_20260303_031205_rich-is-looking-for-a-web-designer-in-au.md
[2026-03-03 04:06:40] PENDING HUMAN REVIEW: EMAIL_20260303_031227_paul-is-looking-for-a-web-designer.md
[2026-03-03 04:06:40] PENDING HUMAN REVIEW: EMAIL_20260303_031237_verified-jesse-is-looking-for-a-web-desi.md
[2026-03-03 04:06:40] PENDING HUMAN REVIEW: EMAIL_20260303_031241_amnafarazai_employee_hackathon-google-cl.md
[2026-03-03 04:06:40] PENDING HUMAN REVIEW: EMAIL_20260303_031446_verified-duke-is-looking-for-a-web-desig.md
[2026-03-03 04:06:40] PENDING HUMAN REVIEW: EMAIL_20260303_031922_additional-details-jonathan-is-looking-f.md
[2026-03-03 04:06:40] PENDING HUMAN REVIEW: EMAIL_20260303_032129_sophia-is-looking-for-a-web-designer.md
[2026-03-03 04:06:40] PENDING HUMAN REVIEW: EMAIL_20260303_032736_roosevelt-is-looking-for-a-web-designer.md
[2026-03-03 04:06:40] PENDING HUMAN REVIEW: EMAIL_20260303_034146_additional-details-chris-is-looking-for-.md
[2026-03-03 04:06:40] PENDING HUMAN REVIEW: EMAIL_20260303_035558_additional-details-billie-is-looking-for.md
[2026-03-03 04:11:42] PENDING HUMAN REVIEW: budget_task.md
[2026-03-03 04:11:42] PENDING HUMAN REVIEW: EMAIL_20260303_014009_kimberly-urgently-needs-a-graphic-design.md
[2026-03-03 04:11:42] PENDING HUMAN REVIEW: EMAIL_20260303_014016_andreas-urgently-needs-a-web-designer.md
[2026-03-03 04:11:42] PENDING HUMAN REVIEW: EMAIL_20260303_014022_verified-zoraya-is-looking-for-a-web-des.md
[2026-03-03 04:11:42] PENDING HUMAN REVIEW: EMAIL_20260303_014028_jac-urgently-needs-a-web-designer.md
[2026-03-03 04:11:42] PENDING HUMAN REVIEW: EMAIL_20260303_014033_pr-specialist-at-pharma-and-15-more-soci.md
[2026-03-03 04:11:42] PENDING HUMAN REVIEW: EMAIL_20260303_014039_alvin-urgently-needs-a-web-designer.md
[2026-03-03 04:11:42] PENDING HUMAN REVIEW: EMAIL_20260303_014045_verified-george-is-looking-for-a-web-des.md
[2026-03-03 04:11:42] PENDING HUMAN REVIEW: EMAIL_20260303_014052_rosa-is-looking-for-a-web-designer.md
[2026-03-03 04:11:42] PENDING HUMAN REVIEW: EMAIL_20260303_014058_amnafarazai_employee_hackathon-google-oa.md
[2026-03-03 04:11:42] PENDING HUMAN REVIEW: EMAIL_20260303_014104_verified-ashley-is-looking-for-a-web-des.md
[2026-03-03 04:11:42] PENDING HUMAN REVIEW: EMAIL_20260303_014310_nancy-is-looking-for-a-graphic-designer.md
[2026-03-03 04:11:42] PENDING HUMAN REVIEW: EMAIL_20260303_014318_additional-details-shane-is-looking-for-.md
[2026-03-03 04:11:42] PENDING HUMAN REVIEW: EMAIL_20260303_014727_verified-willia-is-looking-for-a-graphic.md
[2026-03-03 04:11:42] PENDING HUMAN REVIEW: EMAIL_20260303_031154_verified-sandra-is-looking-for-a-web-des.md
[2026-03-03 04:11:42] PENDING HUMAN REVIEW: EMAIL_20260303_031200_additional-details-michael-is-looking-fo.md
[2026-03-03 04:11:42] PENDING HUMAN REVIEW: EMAIL_20260303_031205_rich-is-looking-for-a-web-designer-in-au.md
[2026-03-03 04:11:42] PENDING HUMAN REVIEW: EMAIL_20260303_031227_paul-is-looking-for-a-web-designer.md
[2026-03-03 04:11:42] PENDING HUMAN REVIEW: EMAIL_20260303_031237_verified-jesse-is-looking-for-a-web-desi.md
[2026-03-03 04:11:42] PENDING HUMAN REVIEW: EMAIL_20260303_031241_amnafarazai_employee_hackathon-google-cl.md
[2026-03-03 04:11:42] PENDING HUMAN REVIEW: EMAIL_20260303_031446_verified-duke-is-looking-for-a-web-desig.md
[2026-03-03 04:11:42] PENDING HUMAN REVIEW: EMAIL_20260303_031922_additional-details-jonathan-is-looking-f.md
[2026-03-03 04:11:42] PENDING HUMAN REVIEW: EMAIL_20260303_032129_sophia-is-looking-for-a-web-designer.md
[2026-03-03 04:11:42] PENDING HUMAN REVIEW: EMAIL_20260303_032736_roosevelt-is-looking-for-a-web-designer.md
[2026-03-03 04:11:42] PENDING HUMAN REVIEW: EMAIL_20260303_034146_additional-details-chris-is-looking-for-.md
[2026-03-03 04:11:42] PENDING HUMAN REVIEW: EMAIL_20260303_035558_additional-details-billie-is-looking-for.md
[2026-03-03 04:16:42] PENDING HUMAN REVIEW: budget_task.md
[2026-03-03 04:16:42] PENDING HUMAN REVIEW: EMAIL_20260303_014009_kimberly-urgently-needs-a-graphic-design.md
[2026-03-03 04:16:42] PENDING HUMAN REVIEW: EMAIL_20260303_014016_andreas-urgently-needs-a-web-designer.md
[2026-03-03 04:16:42] PENDING HUMAN REVIEW: EMAIL_20260303_014022_verified-zoraya-is-looking-for-a-web-des.md

[2026-03-03 04:01:38] PENDING HUMAN REVIEW: EMAIL_20260303_014033_pr-specialist-at-pharma-and-15-more-soci.md
[2026-03-03 04:01:38] PENDING HUMAN REVIEW: EMAIL_20260303_014039_alvin-urgently-needs-a-web-designer.md
[2026-03-03 04:01:38] PENDING HUMAN REVIEW: EMAIL_20260303_014045_verified-george-is-looking-for-a-web-des.md
[2026-03-03 04:01:38] PENDING HUMAN REVIEW: EMAIL_20260303_014052_rosa-is-looking-for-a-web-designer.md
[2026-03-03 04:01:38] PENDING HUMAN REVIEW: EMAIL_20260303_014058_amnafarazai_employee_hackathon-google-oa.md
[2026-03-03 04:01:38] PENDING HUMAN REVIEW: EMAIL_20260303_014104_verified-ashley-is-looking-for-a-web-des.md
[2026-03-03 04:01:38] PENDING HUMAN REVIEW: EMAIL_20260303_014310_nancy-is-looking-for-a-graphic-designer.md
[2026-03-03 04:01:38] PENDING HUMAN REVIEW: EMAIL_20260303_014318_additional-details-shane-is-looking-for-.md
[2026-03-03 04:01:38] PENDING HUMAN REVIEW: EMAIL_20260303_014727_verified-willia-is-looking-for-a-graphic.md
[2026-03-03 04:01:38] PENDING HUMAN REVIEW: EMAIL_20260303_031154_verified-sandra-is-looking-for-a-web-des.md
[2026-03-03 04:01:38] PENDING HUMAN REVIEW: EMAIL_20260303_031200_additional-details-michael-is-looking-fo.md
[2026-03-03 04:01:38] PENDING HUMAN REVIEW: EMAIL_20260303_031205_rich-is-looking-for-a-web-designer-in-au.md
[2026-03-03 04:01:38] PENDING HUMAN REVIEW: EMAIL_20260303_031227_paul-is-looking-for-a-web-designer.md
[2026-03-03 04:01:38] PENDING HUMAN REVIEW: EMAIL_20260303_031237_verified-jesse-is-looking-for-a-web-desi.md
[2026-03-03 04:01:38] PENDING HUMAN REVIEW: EMAIL_20260303_031241_amnafarazai_employee_hackathon-google-cl.md
[2026-03-03 04:01:38] PENDING HUMAN REVIEW: EMAIL_20260303_031446_verified-duke-is-looking-for-a-web-desig.md
[2026-03-03 04:01:38] PENDING HUMAN REVIEW: EMAIL_20260303_031922_additional-details-jonathan-is-looking-f.md
[2026-03-03 04:01:38] PENDING HUMAN REVIEW: EMAIL_20260303_032129_sophia-is-looking-for-a-web-designer.md
[2026-03-03 04:01:38] PENDING HUMAN REVIEW: EMAIL_20260303_032736_roosevelt-is-looking-for-a-web-designer.md
[2026-03-03 04:01:38] PENDING HUMAN REVIEW: EMAIL_20260303_034146_additional-details-chris-is-looking-for-.md
[2026-03-03 04:01:38] PENDING HUMAN REVIEW: EMAIL_20260303_035558_additional-details-billie-is-looking-for.md
[2026-03-03 04:06:40] PENDING HUMAN REVIEW: budget_task.md
[2026-03-03 04:06:40] PENDING HUMAN REVIEW: EMAIL_20260303_014009_kimberly-urgently-needs-a-graphic-design.md
[2026-03-03 04:06:40] PENDING HUMAN REVIEW: EMAIL_20260303_014016_andreas-urgently-needs-a-web-designer.md
[2026-03-03 04:06:40] PENDING HUMAN REVIEW: EMAIL_20260303_014022_verified-zoraya-is-looking-for-a-web-des.md
[2026-03-03 04:06:40] PENDING HUMAN REVIEW: EMAIL_20260303_014028_jac-urgently-needs-a-web-designer.md
[2026-03-03 04:06:40] PENDING HUMAN REVIEW: EMAIL_20260303_014033_pr-specialist-at-pharma-and-15-more-soci.md
[2026-03-03 04:06:40] PENDING HUMAN REVIEW: EMAIL_20260303_014039_alvin-urgently-needs-a-web-designer.md
[2026-03-03 04:06:40] PENDING HUMAN REVIEW: EMAIL_20260303_014045_verified-george-is-looking-for-a-web-des.md
[2026-03-03 04:06:40] PENDING HUMAN REVIEW: EMAIL_20260303_014052_rosa-is-looking-for-a-web-designer.md
[2026-03-03 04:06:40] PENDING HUMAN REVIEW: EMAIL_20260303_014058_amnafarazai_employee_hackathon-google-oa.md
[2026-03-03 04:06:40] PENDING HUMAN REVIEW: EMAIL_20260303_014104_verified-ashley-is-looking-for-a-web-des.md
[2026-03-03 04:06:40] PENDING HUMAN REVIEW: EMAIL_20260303_014310_nancy-is-looking-for-a-graphic-designer.md
[2026-03-03 04:06:40] PENDING HUMAN REVIEW: EMAIL_20260303_014318_additional-details-shane-is-looking-for-.md
[2026-03-03 04:06:40] PENDING HUMAN REVIEW: EMAIL_20260303_014727_verified-willia-is-looking-for-a-graphic.md
[2026-03-03 04:06:40] PENDING HUMAN REVIEW: EMAIL_20260303_031154_verified-sandra-is-looking-for-a-web-des.md
[2026-03-03 04:06:40] PENDING HUMAN REVIEW: EMAIL_20260303_031200_additional-details-michael-is-looking-fo.md
[2026-03-03 04:06:40] PENDING HUMAN REVIEW: EMAIL_20260303_031205_rich-is-looking-for-a-web-designer-in-au.md
[2026-03-03 04:06:40] PENDING HUMAN REVIEW: EMAIL_20260303_031227_paul-is-looking-for-a-web-designer.md
[2026-03-03 04:06:40] PENDING HUMAN REVIEW: EMAIL_20260303_031237_verified-jesse-is-looking-for-a-web-desi.md
[2026-03-03 04:06:40] PENDING HUMAN REVIEW: EMAIL_20260303_031241_amnafarazai_employee_hackathon-google-cl.md
[2026-03-03 04:06:40] PENDING HUMAN REVIEW: EMAIL_20260303_031446_verified-duke-is-looking-for-a-web-desig.md
[2026-03-03 04:06:40] PENDING HUMAN REVIEW: EMAIL_20260303_031922_additional-details-jonathan-is-looking-f.md
[2026-03-03 04:06:40] PENDING HUMAN REVIEW: EMAIL_20260303_032129_sophia-is-looking-for-a-web-designer.md
[2026-03-03 04:06:40] PENDING HUMAN REVIEW: EMAIL_20260303_032736_roosevelt-is-looking-for-a-web-designer.md
[2026-03-03 04:06:40] PENDING HUMAN REVIEW: EMAIL_20260303_034146_additional-details-chris-is-looking-for-.md
[2026-03-03 04:06:40] PENDING HUMAN REVIEW: EMAIL_20260303_035558_additional-details-billie-is-looking-for.md
[2026-03-03 04:11:42] PENDING HUMAN REVIEW: budget_task.md
[2026-03-03 04:11:42] PENDING HUMAN REVIEW: EMAIL_20260303_014009_kimberly-urgently-needs-a-graphic-design.md
[2026-03-03 04:11:42] PENDING HUMAN REVIEW: EMAIL_20260303_014016_andreas-urgently-needs-a-web-designer.md
[2026-03-03 04:11:42] PENDING HUMAN REVIEW: EMAIL_20260303_014022_verified-zoraya-is-looking-for-a-web-des.md
[2026-03-03 04:11:42] PENDING HUMAN REVIEW: EMAIL_20260303_014028_jac-urgently-needs-a-web-designer.md
[2026-03-03 04:11:42] PENDING HUMAN REVIEW: EMAIL_20260303_014033_pr-specialist-at-pharma-and-15-more-soci.md
[2026-03-03 04:11:42] PENDING HUMAN REVIEW: EMAIL_20260303_014039_alvin-urgently-needs-a-web-designer.md
[2026-03-03 04:11:42] PENDING HUMAN REVIEW: EMAIL_20260303_014045_verified-george-is-looking-for-a-web-des.md
[2026-03-03 04:11:42] PENDING HUMAN REVIEW: EMAIL_20260303_014052_rosa-is-looking-for-a-web-designer.md
[2026-03-03 04:11:42] PENDING HUMAN REVIEW: EMAIL_20260303_014058_amnafarazai_employee_hackathon-google-oa.md
[2026-03-03 04:11:42] PENDING HUMAN REVIEW: EMAIL_20260303_014104_verified-ashley-is-looking-for-a-web-des.md
[2026-03-03 04:11:42] PENDING HUMAN REVIEW: EMAIL_20260303_014310_nancy-is-looking-for-a-graphic-designer.md
[2026-03-03 04:11:42] PENDING HUMAN REVIEW: EMAIL_20260303_014318_additional-details-shane-is-looking-for-.md
[2026-03-03 04:11:42] PENDING HUMAN REVIEW: EMAIL_20260303_014727_verified-willia-is-looking-for-a-graphic.md
[2026-03-03 04:11:42] PENDING HUMAN REVIEW: EMAIL_20260303_031154_verified-sandra-is-looking-for-a-web-des.md
[2026-03-03 04:11:42] PENDING HUMAN REVIEW: EMAIL_20260303_031200_additional-details-michael-is-looking-fo.md
[2026-03-03 04:11:42] PENDING HUMAN REVIEW: EMAIL_20260303_031205_rich-is-looking-for-a-web-designer-in-au.md
[2026-03-03 04:11:42] PENDING HUMAN REVIEW: EMAIL_20260303_031227_paul-is-looking-for-a-web-designer.md
[2026-03-03 04:11:42] PENDING HUMAN REVIEW: EMAIL_20260303_031237_verified-jesse-is-looking-for-a-web-desi.md
[2026-03-03 04:11:42] PENDING HUMAN REVIEW: EMAIL_20260303_031241_amnafarazai_employee_hackathon-google-cl.md
[2026-03-03 04:11:42] PENDING HUMAN REVIEW: EMAIL_20260303_031446_verified-duke-is-looking-for-a-web-desig.md
[2026-03-03 04:11:42] PENDING HUMAN REVIEW: EMAIL_20260303_031922_additional-details-jonathan-is-looking-f.md
[2026-03-03 04:11:42] PENDING HUMAN REVIEW: EMAIL_20260303_032129_sophia-is-looking-for-a-web-designer.md
[2026-03-03 04:11:42] PENDING HUMAN REVIEW: EMAIL_20260303_032736_roosevelt-is-looking-for-a-web-designer.md
[2026-03-03 04:11:42] PENDING HUMAN REVIEW: EMAIL_20260303_034146_additional-details-chris-is-looking-for-.md
[2026-03-03 04:11:42] PENDING HUMAN REVIEW: EMAIL_20260303_035558_additional-details-billie-is-looking-for.md
[2026-03-03 04:16:42] PENDING HUMAN REVIEW: budget_task.md
[2026-03-03 04:16:42] PENDING HUMAN REVIEW: EMAIL_20260303_014009_kimberly-urgently-needs-a-graphic-design.md
[2026-03-03 04:16:42] PENDING HUMAN REVIEW: EMAIL_20260303_014016_andreas-urgently-needs-a-web-designer.md
[2026-03-03 04:16:42] PENDING HUMAN REVIEW: EMAIL_20260303_014022_verified-zoraya-is-looking-for-a-web-des.md[2026-03-03 04:16:43] PENDING HUMAN REVIEW: EMAIL_20260303_014028_jac-urgently-needs-a-web-designer.md
[2026-03-03 04:16:43] PENDING HUMAN REVIEW: EMAIL_20260303_014033_pr-specialist-at-pharma-and-15-more-soci.md
[2026-03-03 04:16:43] PENDING HUMAN REVIEW: EMAIL_20260303_014039_alvin-urgently-needs-a-web-designer.md
[2026-03-03 04:16:43] PENDING HUMAN REVIEW: EMAIL_20260303_014045_verified-george-is-looking-for-a-web-des.md
[2026-03-03 04:16:43] PENDING HUMAN REVIEW: EMAIL_20260303_014052_rosa-is-looking-for-a-web-designer.md
[2026-03-03 04:16:43] PENDING HUMAN REVIEW: EMAIL_20260303_014058_amnafarazai_employee_hackathon-google-oa.md
[2026-03-03 04:16:43] PENDING HUMAN REVIEW: EMAIL_20260303_014104_verified-ashley-is-looking-for-a-web-des.md
[2026-03-03 04:16:43] PENDING HUMAN REVIEW: EMAIL_20260303_014310_nancy-is-looking-for-a-graphic-designer.md
[2026-03-03 04:16:43] PENDING HUMAN REVIEW: EMAIL_20260303_014318_additional-details-shane-is-looking-for-.md
[2026-03-03 04:16:43] PENDING HUMAN REVIEW: EMAIL_20260303_014727_verified-willia-is-looking-for-a-graphic.md
[2026-03-03 04:16:43] PENDING HUMAN REVIEW: EMAIL_20260303_031154_verified-sandra-is-looking-for-a-web-des.md
[2026-03-03 04:16:43] PENDING HUMAN REVIEW: EMAIL_20260303_031200_additional-details-michael-is-looking-fo.md
[2026-03-03 04:16:43] PENDING HUMAN REVIEW: EMAIL_20260303_031205_rich-is-looking-for-a-web-designer-in-au.md
[2026-03-03 04:16:43] PENDING HUMAN REVIEW: EMAIL_20260303_031227_paul-is-looking-for-a-web-designer.md
[2026-03-03 04:16:43] PENDING HUMAN REVIEW: EMAIL_20260303_031237_verified-jesse-is-looking-for-a-web-desi.md
[2026-03-03 04:16:43] PENDING HUMAN REVIEW: EMAIL_20260303_031241_amnafarazai_employee_hackathon-google-cl.md
[2026-03-03 04:16:43] PENDING HUMAN REVIEW: EMAIL_20260303_031446_verified-duke-is-looking-for-a-web-desig.md
[2026-03-03 04:16:43] PENDING HUMAN REVIEW: EMAIL_20260303_031922_additional-details-jonathan-is-looking-f.md
[2026-03-03 04:16:43] PENDING HUMAN REVIEW: EMAIL_20260303_032129_sophia-is-looking-for-a-web-designer.md
[2026-03-03 04:16:43] PENDING HUMAN REVIEW: EMAIL_20260303_032736_roosevelt-is-looking-for-a-web-designer.md
[2026-03-03 04:16:43] PENDING HUMAN REVIEW: EMAIL_20260303_034146_additional-details-chris-is-looking-for-.md
[2026-03-03 04:16:43] PENDING HUMAN REVIEW: EMAIL_20260303_035558_additional-details-billie-is-looking-for.md
[2026-03-03 04:21:43] PENDING HUMAN REVIEW: budget_task.md
[2026-03-03 04:21:43] PENDING HUMAN REVIEW: EMAIL_20260303_014009_kimberly-urgently-needs-a-graphic-design.md
[2026-03-03 04:21:43] PENDING HUMAN REVIEW: EMAIL_20260303_014016_andreas-urgently-needs-a-web-designer.md
[2026-03-03 04:21:43] PENDING HUMAN REVIEW: EMAIL_20260303_014022_verified-zoraya-is-looking-for-a-web-des.md
[2026-03-03 04:21:43] PENDING HUMAN REVIEW: EMAIL_20260303_014028_jac-urgently-needs-a-web-designer.md
[2026-03-03 04:21:43] PENDING HUMAN REVIEW: EMAIL_20260303_014033_pr-specialist-at-pharma-and-15-more-soci.md
[2026-03-03 04:21:43] PENDING HUMAN REVIEW: EMAIL_20260303_014039_alvin-urgently-needs-a-web-designer.md
[2026-03-03 04:21:43] PENDING HUMAN REVIEW: EMAIL_20260303_014045_verified-george-is-looking-for-a-web-des.md
[2026-03-03 04:21:43] PENDING HUMAN REVIEW: EMAIL_20260303_014052_rosa-is-looking-for-a-web-designer.md
[2026-03-03 04:21:43] PENDING HUMAN REVIEW: EMAIL_20260303_014058_amnafarazai_employee_hackathon-google-oa.md
[2026-03-03 04:21:43] PENDING HUMAN REVIEW: EMAIL_20260303_014104_verified-ashley-is-looking-for-a-web-des.md
[2026-03-03 04:21:43] PENDING HUMAN REVIEW: EMAIL_20260303_014310_nancy-is-looking-for-a-graphic-designer.md
[2026-03-03 04:21:43] PENDING HUMAN REVIEW: EMAIL_20260303_014318_additional-details-shane-is-looking-for-.md
[2026-03-03 04:21:43] PENDING HUMAN REVIEW: EMAIL_20260303_014727_verified-willia-is-looking-for-a-graphic.md
[2026-03-03 04:21:43] PENDING HUMAN REVIEW: EMAIL_20260303_031154_verified-sandra-is-looking-for-a-web-des.md
[2026-03-03 04:21:43] PENDING HUMAN REVIEW: EMAIL_20260303_031200_additional-details-michael-is-looking-fo.md
[2026-03-03 04:21:43] PENDING HUMAN REVIEW: EMAIL_20260303_031205_rich-is-looking-for-a-web-designer-in-au.md
[2026-03-03 04:21:43] PENDING HUMAN REVIEW: EMAIL_20260303_031227_paul-is-looking-for-a-web-designer.md
[2026-03-03 04:21:43] PENDING HUMAN REVIEW: EMAIL_20260303_031237_verified-jesse-is-looking-for-a-web-desi.md
[2026-03-03 04:21:43] PENDING HUMAN REVIEW: EMAIL_20260303_031241_amnafarazai_employee_hackathon-google-cl.md
[2026-03-03 04:21:43] PENDING HUMAN REVIEW: EMAIL_20260303_031446_verified-duke-is-looking-for-a-web-desig.md
[2026-03-03 04:21:43] PENDING HUMAN REVIEW: EMAIL_20260303_031922_additional-details-jonathan-is-looking-f.md
[2026-03-03 04:21:43] PENDING HUMAN REVIEW: EMAIL_20260303_032129_sophia-is-looking-for-a-web-designer.md
[2026-03-03 04:21:43] PENDING HUMAN REVIEW: EMAIL_20260303_032736_roosevelt-is-looking-for-a-web-designer.md
[2026-03-03 04:21:43] PENDING HUMAN REVIEW: EMAIL_20260303_034146_additional-details-chris-is-looking-for-.md
[2026-03-03 04:21:43] PENDING HUMAN REVIEW: EMAIL_20260303_035558_additional-details-billie-is-looking-for.md
[2026-03-03 04:26:43] PENDING HUMAN REVIEW: budget_task.md
[2026-03-03 04:26:43] PENDING HUMAN REVIEW: EMAIL_20260303_014009_kimberly-urgently-needs-a-graphic-design.md
[2026-03-03 04:26:44] PENDING HUMAN REVIEW: EMAIL_20260303_014016_andreas-urgently-needs-a-web-designer.md
[2026-03-03 04:26:44] PENDING HUMAN REVIEW: EMAIL_20260303_014022_verified-zoraya-is-looking-for-a-web-des.md
[2026-03-03 04:26:44] PENDING HUMAN REVIEW: EMAIL_20260303_014028_jac-urgently-needs-a-web-designer.md
[2026-03-03 04:26:44] PENDING HUMAN REVIEW: EMAIL_20260303_014033_pr-specialist-at-pharma-and-15-more-soci.md
[2026-03-03 04:26:44] PENDING HUMAN REVIEW: EMAIL_20260303_014039_alvin-urgently-needs-a-web-designer.md
[2026-03-03 04:26:44] PENDING HUMAN REVIEW: EMAIL_20260303_014045_verified-george-is-looking-for-a-web-des.md
[2026-03-03 04:26:44] PENDING HUMAN REVIEW: EMAIL_20260303_014052_rosa-is-looking-for-a-web-designer.md
[2026-03-03 04:26:44] PENDING HUMAN REVIEW: EMAIL_20260303_014058_amnafarazai_employee_hackathon-google-oa.md
[2026-03-03 04:26:44] PENDING HUMAN REVIEW: EMAIL_20260303_014104_verified-ashley-is-looking-for-a-web-des.md
[2026-03-03 04:26:44] PENDING HUMAN REVIEW: EMAIL_20260303_014310_nancy-is-looking-for-a-graphic-designer.md
[2026-03-03 04:26:44] PENDING HUMAN REVIEW: EMAIL_20260303_014318_additional-details-shane-is-looking-for-.md
[2026-03-03 04:26:44] PENDING HUMAN REVIEW: EMAIL_20260303_014727_verified-willia-is-looking-for-a-graphic.md
[2026-03-03 04:26:44] PENDING HUMAN REVIEW: EMAIL_20260303_031154_verified-sandra-is-looking-for-a-web-des.md
[2026-03-03 04:26:44] PENDING HUMAN REVIEW: EMAIL_20260303_031200_additional-details-michael-is-looking-fo.md
[2026-03-03 04:26:44] PENDING HUMAN REVIEW: EMAIL_20260303_031205_rich-is-looking-for-a-web-designer-in-au.md
[2026-03-03 04:26:44] PENDING HUMAN REVIEW: EMAIL_20260303_031227_paul-is-looking-for-a-web-designer.md
[2026-03-03 04:26:44] PENDING HUMAN REVIEW: EMAIL_20260303_031237_verified-jesse-is-looking-for-a-web-desi.md
[2026-03-03 04:26:44] PENDING HUMAN REVIEW: EMAIL_20260303_031241_amnafarazai_employee_hackathon-google-cl.md
[2026-03-03 04:26:44] PENDING HUMAN REVIEW: EMAIL_20260303_031446_verified-duke-is-looking-for-a-web-desig.md
[2026-03-03 04:26:44] PENDING HUMAN REVIEW: EMAIL_20260303_031922_additional-details-jonathan-is-looking-f.md
[2026-03-03 04:26:44] PENDING HUMAN REVIEW: EMAIL_20260303_032129_sophia-is-looking-for-a-web-designer.md
[2026-03-03 04:26:44] PENDING HUMAN REVIEW: EMAIL_20260303_032736_roosevelt-is-looking-for-a-web-designer.md
[2026-03-03 04:26:44] PENDING HUMAN REVIEW: EMAIL_20260303_034146_additional-details-chris-is-looking-for-.md
[2026-03-03 04:26:44] PENDING HUMAN REVIEW: EMAIL_20260303_035558_additional-details-billie-is-looking-for.md
[2026-03-03 04:31:45] PENDING HUMAN REVIEW: budget_task.md
[2026-03-03 04:31:45] PENDING HUMAN REVIEW: EMAIL_20260303_014009_kimberly-urgently-needs-a-graphic-design.md
[2026-03-03 04:31:45] PENDING HUMAN REVIEW: EMAIL_20260303_014016_andreas-urgently-needs-a-web-designer.md

[2026-03-03 04:16:43] PENDING HUMAN REVIEW: EMAIL_20260303_014028_jac-urgently-needs-a-web-designer.md
[2026-03-03 04:16:43] PENDING HUMAN REVIEW: EMAIL_20260303_014033_pr-specialist-at-pharma-and-15-more-soci.md
[2026-03-03 04:16:43] PENDING HUMAN REVIEW: EMAIL_20260303_014039_alvin-urgently-needs-a-web-designer.md
[2026-03-03 04:16:43] PENDING HUMAN REVIEW: EMAIL_20260303_014045_verified-george-is-looking-for-a-web-des.md
[2026-03-03 04:16:43] PENDING HUMAN REVIEW: EMAIL_20260303_014052_rosa-is-looking-for-a-web-designer.md
[2026-03-03 04:16:43] PENDING HUMAN REVIEW: EMAIL_20260303_014058_amnafarazai_employee_hackathon-google-oa.md
[2026-03-03 04:16:43] PENDING HUMAN REVIEW: EMAIL_20260303_014104_verified-ashley-is-looking-for-a-web-des.md
[2026-03-03 04:16:43] PENDING HUMAN REVIEW: EMAIL_20260303_014310_nancy-is-looking-for-a-graphic-designer.md
[2026-03-03 04:16:43] PENDING HUMAN REVIEW: EMAIL_20260303_014318_additional-details-shane-is-looking-for-.md
[2026-03-03 04:16:43] PENDING HUMAN REVIEW: EMAIL_20260303_014727_verified-willia-is-looking-for-a-graphic.md
[2026-03-03 04:16:43] PENDING HUMAN REVIEW: EMAIL_20260303_031154_verified-sandra-is-looking-for-a-web-des.md
[2026-03-03 04:16:43] PENDING HUMAN REVIEW: EMAIL_20260303_031200_additional-details-michael-is-looking-fo.md
[2026-03-03 04:16:43] PENDING HUMAN REVIEW: EMAIL_20260303_031205_rich-is-looking-for-a-web-designer-in-au.md
[2026-03-03 04:16:43] PENDING HUMAN REVIEW: EMAIL_20260303_031227_paul-is-looking-for-a-web-designer.md
[2026-03-03 04:16:43] PENDING HUMAN REVIEW: EMAIL_20260303_031237_verified-jesse-is-looking-for-a-web-desi.md
[2026-03-03 04:16:43] PENDING HUMAN REVIEW: EMAIL_20260303_031241_amnafarazai_employee_hackathon-google-cl.md
[2026-03-03 04:16:43] PENDING HUMAN REVIEW: EMAIL_20260303_031446_verified-duke-is-looking-for-a-web-desig.md
[2026-03-03 04:16:43] PENDING HUMAN REVIEW: EMAIL_20260303_031922_additional-details-jonathan-is-looking-f.md
[2026-03-03 04:16:43] PENDING HUMAN REVIEW: EMAIL_20260303_032129_sophia-is-looking-for-a-web-designer.md
[2026-03-03 04:16:43] PENDING HUMAN REVIEW: EMAIL_20260303_032736_roosevelt-is-looking-for-a-web-designer.md
[2026-03-03 04:16:43] PENDING HUMAN REVIEW: EMAIL_20260303_034146_additional-details-chris-is-looking-for-.md
[2026-03-03 04:16:43] PENDING HUMAN REVIEW: EMAIL_20260303_035558_additional-details-billie-is-looking-for.md
[2026-03-03 04:21:43] PENDING HUMAN REVIEW: budget_task.md
[2026-03-03 04:21:43] PENDING HUMAN REVIEW: EMAIL_20260303_014009_kimberly-urgently-needs-a-graphic-design.md
[2026-03-03 04:21:43] PENDING HUMAN REVIEW: EMAIL_20260303_014016_andreas-urgently-needs-a-web-designer.md
[2026-03-03 04:21:43] PENDING HUMAN REVIEW: EMAIL_20260303_014022_verified-zoraya-is-looking-for-a-web-des.md
[2026-03-03 04:21:43] PENDING HUMAN REVIEW: EMAIL_20260303_014028_jac-urgently-needs-a-web-designer.md
[2026-03-03 04:21:43] PENDING HUMAN REVIEW: EMAIL_20260303_014033_pr-specialist-at-pharma-and-15-more-soci.md
[2026-03-03 04:21:43] PENDING HUMAN REVIEW: EMAIL_20260303_014039_alvin-urgently-needs-a-web-designer.md
[2026-03-03 04:21:43] PENDING HUMAN REVIEW: EMAIL_20260303_014045_verified-george-is-looking-for-a-web-des.md
[2026-03-03 04:21:43] PENDING HUMAN REVIEW: EMAIL_20260303_014052_rosa-is-looking-for-a-web-designer.md
[2026-03-03 04:21:43] PENDING HUMAN REVIEW: EMAIL_20260303_014058_amnafarazai_employee_hackathon-google-oa.md
[2026-03-03 04:21:43] PENDING HUMAN REVIEW: EMAIL_20260303_014104_verified-ashley-is-looking-for-a-web-des.md
[2026-03-03 04:21:43] PENDING HUMAN REVIEW: EMAIL_20260303_014310_nancy-is-looking-for-a-graphic-designer.md
[2026-03-03 04:21:43] PENDING HUMAN REVIEW: EMAIL_20260303_014318_additional-details-shane-is-looking-for-.md
[2026-03-03 04:21:43] PENDING HUMAN REVIEW: EMAIL_20260303_014727_verified-willia-is-looking-for-a-graphic.md
[2026-03-03 04:21:43] PENDING HUMAN REVIEW: EMAIL_20260303_031154_verified-sandra-is-looking-for-a-web-des.md
[2026-03-03 04:21:43] PENDING HUMAN REVIEW: EMAIL_20260303_031200_additional-details-michael-is-looking-fo.md
[2026-03-03 04:21:43] PENDING HUMAN REVIEW: EMAIL_20260303_031205_rich-is-looking-for-a-web-designer-in-au.md
[2026-03-03 04:21:43] PENDING HUMAN REVIEW: EMAIL_20260303_031227_paul-is-looking-for-a-web-designer.md
[2026-03-03 04:21:43] PENDING HUMAN REVIEW: EMAIL_20260303_031237_verified-jesse-is-looking-for-a-web-desi.md
[2026-03-03 04:21:43] PENDING HUMAN REVIEW: EMAIL_20260303_031241_amnafarazai_employee_hackathon-google-cl.md
[2026-03-03 04:21:43] PENDING HUMAN REVIEW: EMAIL_20260303_031446_verified-duke-is-looking-for-a-web-desig.md
[2026-03-03 04:21:43] PENDING HUMAN REVIEW: EMAIL_20260303_031922_additional-details-jonathan-is-looking-f.md
[2026-03-03 04:21:43] PENDING HUMAN REVIEW: EMAIL_20260303_032129_sophia-is-looking-for-a-web-designer.md
[2026-03-03 04:21:43] PENDING HUMAN REVIEW: EMAIL_20260303_032736_roosevelt-is-looking-for-a-web-designer.md
[2026-03-03 04:21:43] PENDING HUMAN REVIEW: EMAIL_20260303_034146_additional-details-chris-is-looking-for-.md
[2026-03-03 04:21:43] PENDING HUMAN REVIEW: EMAIL_20260303_035558_additional-details-billie-is-looking-for.md
[2026-03-03 04:26:43] PENDING HUMAN REVIEW: budget_task.md
[2026-03-03 04:26:43] PENDING HUMAN REVIEW: EMAIL_20260303_014009_kimberly-urgently-needs-a-graphic-design.md
[2026-03-03 04:26:44] PENDING HUMAN REVIEW: EMAIL_20260303_014016_andreas-urgently-needs-a-web-designer.md
[2026-03-03 04:26:44] PENDING HUMAN REVIEW: EMAIL_20260303_014022_verified-zoraya-is-looking-for-a-web-des.md
[2026-03-03 04:26:44] PENDING HUMAN REVIEW: EMAIL_20260303_014028_jac-urgently-needs-a-web-designer.md
[2026-03-03 04:26:44] PENDING HUMAN REVIEW: EMAIL_20260303_014033_pr-specialist-at-pharma-and-15-more-soci.md
[2026-03-03 04:26:44] PENDING HUMAN REVIEW: EMAIL_20260303_014039_alvin-urgently-needs-a-web-designer.md
[2026-03-03 04:26:44] PENDING HUMAN REVIEW: EMAIL_20260303_014045_verified-george-is-looking-for-a-web-des.md
[2026-03-03 04:26:44] PENDING HUMAN REVIEW: EMAIL_20260303_014052_rosa-is-looking-for-a-web-designer.md
[2026-03-03 04:26:44] PENDING HUMAN REVIEW: EMAIL_20260303_014058_amnafarazai_employee_hackathon-google-oa.md
[2026-03-03 04:26:44] PENDING HUMAN REVIEW: EMAIL_20260303_014104_verified-ashley-is-looking-for-a-web-des.md
[2026-03-03 04:26:44] PENDING HUMAN REVIEW: EMAIL_20260303_014310_nancy-is-looking-for-a-graphic-designer.md
[2026-03-03 04:26:44] PENDING HUMAN REVIEW: EMAIL_20260303_014318_additional-details-shane-is-looking-for-.md
[2026-03-03 04:26:44] PENDING HUMAN REVIEW: EMAIL_20260303_014727_verified-willia-is-looking-for-a-graphic.md
[2026-03-03 04:26:44] PENDING HUMAN REVIEW: EMAIL_20260303_031154_verified-sandra-is-looking-for-a-web-des.md
[2026-03-03 04:26:44] PENDING HUMAN REVIEW: EMAIL_20260303_031200_additional-details-michael-is-looking-fo.md
[2026-03-03 04:26:44] PENDING HUMAN REVIEW: EMAIL_20260303_031205_rich-is-looking-for-a-web-designer-in-au.md
[2026-03-03 04:26:44] PENDING HUMAN REVIEW: EMAIL_20260303_031227_paul-is-looking-for-a-web-designer.md
[2026-03-03 04:26:44] PENDING HUMAN REVIEW: EMAIL_20260303_031237_verified-jesse-is-looking-for-a-web-desi.md
[2026-03-03 04:26:44] PENDING HUMAN REVIEW: EMAIL_20260303_031241_amnafarazai_employee_hackathon-google-cl.md
[2026-03-03 04:26:44] PENDING HUMAN REVIEW: EMAIL_20260303_031446_verified-duke-is-looking-for-a-web-desig.md
[2026-03-03 04:26:44] PENDING HUMAN REVIEW: EMAIL_20260303_031922_additional-details-jonathan-is-looking-f.md
[2026-03-03 04:26:44] PENDING HUMAN REVIEW: EMAIL_20260303_032129_sophia-is-looking-for-a-web-designer.md
[2026-03-03 04:26:44] PENDING HUMAN REVIEW: EMAIL_20260303_032736_roosevelt-is-looking-for-a-web-designer.md
[2026-03-03 04:26:44] PENDING HUMAN REVIEW: EMAIL_20260303_034146_additional-details-chris-is-looking-for-.md
[2026-03-03 04:26:44] PENDING HUMAN REVIEW: EMAIL_20260303_035558_additional-details-billie-is-looking-for.md
[2026-03-03 04:31:45] PENDING HUMAN REVIEW: budget_task.md
[2026-03-03 04:31:45] PENDING HUMAN REVIEW: EMAIL_20260303_014009_kimberly-urgently-needs-a-graphic-design.md
[2026-03-03 04:31:45] PENDING HUMAN REVIEW: EMAIL_20260303_014016_andreas-urgently-needs-a-web-designer.md[2026-03-03 04:31:45] PENDING HUMAN REVIEW: EMAIL_20260303_014022_verified-zoraya-is-looking-for-a-web-des.md
[2026-03-03 04:31:45] PENDING HUMAN REVIEW: EMAIL_20260303_014028_jac-urgently-needs-a-web-designer.md
[2026-03-03 04:31:45] PENDING HUMAN REVIEW: EMAIL_20260303_014033_pr-specialist-at-pharma-and-15-more-soci.md
[2026-03-03 04:31:45] PENDING HUMAN REVIEW: EMAIL_20260303_014039_alvin-urgently-needs-a-web-designer.md
[2026-03-03 04:31:46] PENDING HUMAN REVIEW: EMAIL_20260303_014045_verified-george-is-looking-for-a-web-des.md
[2026-03-03 04:31:46] PENDING HUMAN REVIEW: EMAIL_20260303_014052_rosa-is-looking-for-a-web-designer.md
[2026-03-03 04:31:46] PENDING HUMAN REVIEW: EMAIL_20260303_014058_amnafarazai_employee_hackathon-google-oa.md
[2026-03-03 04:31:46] PENDING HUMAN REVIEW: EMAIL_20260303_014104_verified-ashley-is-looking-for-a-web-des.md
[2026-03-03 04:31:46] PENDING HUMAN REVIEW: EMAIL_20260303_014310_nancy-is-looking-for-a-graphic-designer.md
[2026-03-03 04:31:46] PENDING HUMAN REVIEW: EMAIL_20260303_014318_additional-details-shane-is-looking-for-.md
[2026-03-03 04:31:46] PENDING HUMAN REVIEW: EMAIL_20260303_014727_verified-willia-is-looking-for-a-graphic.md
[2026-03-03 04:31:46] PENDING HUMAN REVIEW: EMAIL_20260303_031154_verified-sandra-is-looking-for-a-web-des.md
[2026-03-03 04:31:47] PENDING HUMAN REVIEW: EMAIL_20260303_031200_additional-details-michael-is-looking-fo.md
[2026-03-03 04:31:47] PENDING HUMAN REVIEW: EMAIL_20260303_031205_rich-is-looking-for-a-web-designer-in-au.md
[2026-03-03 04:31:47] PENDING HUMAN REVIEW: EMAIL_20260303_031227_paul-is-looking-for-a-web-designer.md
[2026-03-03 04:31:47] PENDING HUMAN REVIEW: EMAIL_20260303_031237_verified-jesse-is-looking-for-a-web-desi.md
[2026-03-03 04:31:47] PENDING HUMAN REVIEW: EMAIL_20260303_031241_amnafarazai_employee_hackathon-google-cl.md
[2026-03-03 04:31:47] PENDING HUMAN REVIEW: EMAIL_20260303_031446_verified-duke-is-looking-for-a-web-desig.md
[2026-03-03 04:31:47] PENDING HUMAN REVIEW: EMAIL_20260303_031922_additional-details-jonathan-is-looking-f.md
[2026-03-03 04:31:47] PENDING HUMAN REVIEW: EMAIL_20260303_032129_sophia-is-looking-for-a-web-designer.md
[2026-03-03 04:31:47] PENDING HUMAN REVIEW: EMAIL_20260303_032736_roosevelt-is-looking-for-a-web-designer.md
[2026-03-03 04:31:47] PENDING HUMAN REVIEW: EMAIL_20260303_034146_additional-details-chris-is-looking-for-.md
[2026-03-03 04:31:47] PENDING HUMAN REVIEW: EMAIL_20260303_035558_additional-details-billie-is-looking-for.md
[2026-03-03 04:36:48] PENDING HUMAN REVIEW: budget_task.md
[2026-03-03 04:36:48] PENDING HUMAN REVIEW: EMAIL_20260303_014009_kimberly-urgently-needs-a-graphic-design.md
[2026-03-03 04:36:48] PENDING HUMAN REVIEW: EMAIL_20260303_014016_andreas-urgently-needs-a-web-designer.md
[2026-03-03 04:36:48] PENDING HUMAN REVIEW: EMAIL_20260303_014022_verified-zoraya-is-looking-for-a-web-des.md
[2026-03-03 04:36:48] PENDING HUMAN REVIEW: EMAIL_20260303_014028_jac-urgently-needs-a-web-designer.md
[2026-03-03 04:36:48] PENDING HUMAN REVIEW: EMAIL_20260303_014033_pr-specialist-at-pharma-and-15-more-soci.md
[2026-03-03 04:36:49] PENDING HUMAN REVIEW: EMAIL_20260303_014039_alvin-urgently-needs-a-web-designer.md
[2026-03-03 04:36:49] PENDING HUMAN REVIEW: EMAIL_20260303_014045_verified-george-is-looking-for-a-web-des.md
[2026-03-03 04:36:49] PENDING HUMAN REVIEW: EMAIL_20260303_014052_rosa-is-looking-for-a-web-designer.md
[2026-03-03 04:36:49] PENDING HUMAN REVIEW: EMAIL_20260303_014058_amnafarazai_employee_hackathon-google-oa.md
[2026-03-03 04:36:49] PENDING HUMAN REVIEW: EMAIL_20260303_014104_verified-ashley-is-looking-for-a-web-des.md
[2026-03-03 04:36:49] PENDING HUMAN REVIEW: EMAIL_20260303_014310_nancy-is-looking-for-a-graphic-designer.md
[2026-03-03 04:36:49] PENDING HUMAN REVIEW: EMAIL_20260303_014318_additional-details-shane-is-looking-for-.md
[2026-03-03 04:36:49] PENDING HUMAN REVIEW: EMAIL_20260303_014727_verified-willia-is-looking-for-a-graphic.md
[2026-03-03 04:36:49] PENDING HUMAN REVIEW: EMAIL_20260303_031154_verified-sandra-is-looking-for-a-web-des.md
[2026-03-03 04:36:49] PENDING HUMAN REVIEW: EMAIL_20260303_031200_additional-details-michael-is-looking-fo.md
[2026-03-03 04:36:49] PENDING HUMAN REVIEW: EMAIL_20260303_031205_rich-is-looking-for-a-web-designer-in-au.md
[2026-03-03 04:36:49] PENDING HUMAN REVIEW: EMAIL_20260303_031227_paul-is-looking-for-a-web-designer.md
[2026-03-03 04:36:49] PENDING HUMAN REVIEW: EMAIL_20260303_031237_verified-jesse-is-looking-for-a-web-desi.md
[2026-03-03 04:36:49] PENDING HUMAN REVIEW: EMAIL_20260303_031241_amnafarazai_employee_hackathon-google-cl.md
[2026-03-03 04:36:49] PENDING HUMAN REVIEW: EMAIL_20260303_031446_verified-duke-is-looking-for-a-web-desig.md
[2026-03-03 04:36:49] PENDING HUMAN REVIEW: EMAIL_20260303_031922_additional-details-jonathan-is-looking-f.md
[2026-03-03 04:36:49] PENDING HUMAN REVIEW: EMAIL_20260303_032129_sophia-is-looking-for-a-web-designer.md
[2026-03-03 04:36:49] PENDING HUMAN REVIEW: EMAIL_20260303_032736_roosevelt-is-looking-for-a-web-designer.md
[2026-03-03 04:36:49] PENDING HUMAN REVIEW: EMAIL_20260303_034146_additional-details-chris-is-looking-for-.md
[2026-03-03 04:36:49] PENDING HUMAN REVIEW: EMAIL_20260303_035558_additional-details-billie-is-looking-for.md
[2026-03-03 04:36:49] PENDING HUMAN REVIEW: EMAIL_20260303_043230_verified-esther-is-looking-for-a-web-des.md
[2026-03-03 04:36:49] PENDING HUMAN REVIEW: EMAIL_20260303_043440_salvador-is-looking-for-a-web-designer.md
[2026-03-03 04:41:53] PENDING HUMAN REVIEW: budget_task.md
[2026-03-03 04:41:53] PENDING HUMAN REVIEW: EMAIL_20260303_014009_kimberly-urgently-needs-a-graphic-design.md
[2026-03-03 04:41:53] PENDING HUMAN REVIEW: EMAIL_20260303_014016_andreas-urgently-needs-a-web-designer.md
[2026-03-03 04:41:53] PENDING HUMAN REVIEW: EMAIL_20260303_014022_verified-zoraya-is-looking-for-a-web-des.md
[2026-03-03 04:41:53] PENDING HUMAN REVIEW: EMAIL_20260303_014028_jac-urgently-needs-a-web-designer.md
[2026-03-03 04:41:53] PENDING HUMAN REVIEW: EMAIL_20260303_014033_pr-specialist-at-pharma-and-15-more-soci.md
[2026-03-03 04:41:53] PENDING HUMAN REVIEW: EMAIL_20260303_014039_alvin-urgently-needs-a-web-designer.md
[2026-03-03 04:41:53] PENDING HUMAN REVIEW: EMAIL_20260303_014045_verified-george-is-looking-for-a-web-des.md
[2026-03-03 04:41:53] PENDING HUMAN REVIEW: EMAIL_20260303_014052_rosa-is-looking-for-a-web-designer.md
[2026-03-03 04:41:53] PENDING HUMAN REVIEW: EMAIL_20260303_014058_amnafarazai_employee_hackathon-google-oa.md
[2026-03-03 04:41:53] PENDING HUMAN REVIEW: EMAIL_20260303_014104_verified-ashley-is-looking-for-a-web-des.md
[2026-03-03 04:41:53] PENDING HUMAN REVIEW: EMAIL_20260303_014310_nancy-is-looking-for-a-graphic-designer.md
[2026-03-03 04:41:53] PENDING HUMAN REVIEW: EMAIL_20260303_014318_additional-details-shane-is-looking-for-.md
[2026-03-03 04:41:53] PENDING HUMAN REVIEW: EMAIL_20260303_014727_verified-willia-is-looking-for-a-graphic.md
[2026-03-03 04:41:53] PENDING HUMAN REVIEW: EMAIL_20260303_031154_verified-sandra-is-looking-for-a-web-des.md
[2026-03-03 04:41:53] PENDING HUMAN REVIEW: EMAIL_20260303_031200_additional-details-michael-is-looking-fo.md
[2026-03-03 04:41:53] PENDING HUMAN REVIEW: EMAIL_20260303_031205_rich-is-looking-for-a-web-designer-in-au.md
[2026-03-03 04:41:53] PENDING HUMAN REVIEW: EMAIL_20260303_031227_paul-is-looking-for-a-web-designer.md
[2026-03-03 04:41:53] PENDING HUMAN REVIEW: EMAIL_20260303_031237_verified-jesse-is-looking-for-a-web-desi.md
[2026-03-03 04:41:53] PENDING HUMAN REVIEW: EMAIL_20260303_031241_amnafarazai_employee_hackathon-google-cl.md
[2026-03-03 04:41:53] PENDING HUMAN REVIEW: EMAIL_20260303_031446_verified-duke-is-looking-for-a-web-desig.md
[2026-03-03 04:41:53] PENDING HUMAN REVIEW: EMAIL_20260303_031922_additional-details-jonathan-is-looking-f.md
[2026-03-03 04:41:54] PENDING HUMAN REVIEW: EMAIL_20260303_032129_sophia-is-looking-for-a-web-designer.md
[2026-03-03 04:41:54] PENDING HUMAN REVIEW: EMAIL_20260303_032736_roosevelt-is-looking-for-a-web-designer.md
[2026-03-03 04:41:54] PENDING HUMAN REVIEW: EMAIL_20260303_034146_additional-details-chris-is-looking-for-.md
[2026-03-03 04:41:54] PENDING HUMAN REVIEW: EMAIL_20260303_035558_additional-details-billie-is-looking-for.md

[2026-03-03 04:31:45] PENDING HUMAN REVIEW: EMAIL_20260303_014022_verified-zoraya-is-looking-for-a-web-des.md
[2026-03-03 04:31:45] PENDING HUMAN REVIEW: EMAIL_20260303_014028_jac-urgently-needs-a-web-designer.md
[2026-03-03 04:31:45] PENDING HUMAN REVIEW: EMAIL_20260303_014033_pr-specialist-at-pharma-and-15-more-soci.md
[2026-03-03 04:31:45] PENDING HUMAN REVIEW: EMAIL_20260303_014039_alvin-urgently-needs-a-web-designer.md
[2026-03-03 04:31:46] PENDING HUMAN REVIEW: EMAIL_20260303_014045_verified-george-is-looking-for-a-web-des.md
[2026-03-03 04:31:46] PENDING HUMAN REVIEW: EMAIL_20260303_014052_rosa-is-looking-for-a-web-designer.md
[2026-03-03 04:31:46] PENDING HUMAN REVIEW: EMAIL_20260303_014058_amnafarazai_employee_hackathon-google-oa.md
[2026-03-03 04:31:46] PENDING HUMAN REVIEW: EMAIL_20260303_014104_verified-ashley-is-looking-for-a-web-des.md
[2026-03-03 04:31:46] PENDING HUMAN REVIEW: EMAIL_20260303_014310_nancy-is-looking-for-a-graphic-designer.md
[2026-03-03 04:31:46] PENDING HUMAN REVIEW: EMAIL_20260303_014318_additional-details-shane-is-looking-for-.md
[2026-03-03 04:31:46] PENDING HUMAN REVIEW: EMAIL_20260303_014727_verified-willia-is-looking-for-a-graphic.md
[2026-03-03 04:31:46] PENDING HUMAN REVIEW: EMAIL_20260303_031154_verified-sandra-is-looking-for-a-web-des.md
[2026-03-03 04:31:47] PENDING HUMAN REVIEW: EMAIL_20260303_031200_additional-details-michael-is-looking-fo.md
[2026-03-03 04:31:47] PENDING HUMAN REVIEW: EMAIL_20260303_031205_rich-is-looking-for-a-web-designer-in-au.md
[2026-03-03 04:31:47] PENDING HUMAN REVIEW: EMAIL_20260303_031227_paul-is-looking-for-a-web-designer.md
[2026-03-03 04:31:47] PENDING HUMAN REVIEW: EMAIL_20260303_031237_verified-jesse-is-looking-for-a-web-desi.md
[2026-03-03 04:31:47] PENDING HUMAN REVIEW: EMAIL_20260303_031241_amnafarazai_employee_hackathon-google-cl.md
[2026-03-03 04:31:47] PENDING HUMAN REVIEW: EMAIL_20260303_031446_verified-duke-is-looking-for-a-web-desig.md
[2026-03-03 04:31:47] PENDING HUMAN REVIEW: EMAIL_20260303_031922_additional-details-jonathan-is-looking-f.md
[2026-03-03 04:31:47] PENDING HUMAN REVIEW: EMAIL_20260303_032129_sophia-is-looking-for-a-web-designer.md
[2026-03-03 04:31:47] PENDING HUMAN REVIEW: EMAIL_20260303_032736_roosevelt-is-looking-for-a-web-designer.md
[2026-03-03 04:31:47] PENDING HUMAN REVIEW: EMAIL_20260303_034146_additional-details-chris-is-looking-for-.md
[2026-03-03 04:31:47] PENDING HUMAN REVIEW: EMAIL_20260303_035558_additional-details-billie-is-looking-for.md
[2026-03-03 04:36:48] PENDING HUMAN REVIEW: budget_task.md
[2026-03-03 04:36:48] PENDING HUMAN REVIEW: EMAIL_20260303_014009_kimberly-urgently-needs-a-graphic-design.md
[2026-03-03 04:36:48] PENDING HUMAN REVIEW: EMAIL_20260303_014016_andreas-urgently-needs-a-web-designer.md
[2026-03-03 04:36:48] PENDING HUMAN REVIEW: EMAIL_20260303_014022_verified-zoraya-is-looking-for-a-web-des.md
[2026-03-03 04:36:48] PENDING HUMAN REVIEW: EMAIL_20260303_014028_jac-urgently-needs-a-web-designer.md
[2026-03-03 04:36:48] PENDING HUMAN REVIEW: EMAIL_20260303_014033_pr-specialist-at-pharma-and-15-more-soci.md
[2026-03-03 04:36:49] PENDING HUMAN REVIEW: EMAIL_20260303_014039_alvin-urgently-needs-a-web-designer.md
[2026-03-03 04:36:49] PENDING HUMAN REVIEW: EMAIL_20260303_014045_verified-george-is-looking-for-a-web-des.md
[2026-03-03 04:36:49] PENDING HUMAN REVIEW: EMAIL_20260303_014052_rosa-is-looking-for-a-web-designer.md
[2026-03-03 04:36:49] PENDING HUMAN REVIEW: EMAIL_20260303_014058_amnafarazai_employee_hackathon-google-oa.md
[2026-03-03 04:36:49] PENDING HUMAN REVIEW: EMAIL_20260303_014104_verified-ashley-is-looking-for-a-web-des.md
[2026-03-03 04:36:49] PENDING HUMAN REVIEW: EMAIL_20260303_014310_nancy-is-looking-for-a-graphic-designer.md
[2026-03-03 04:36:49] PENDING HUMAN REVIEW: EMAIL_20260303_014318_additional-details-shane-is-looking-for-.md
[2026-03-03 04:36:49] PENDING HUMAN REVIEW: EMAIL_20260303_014727_verified-willia-is-looking-for-a-graphic.md
[2026-03-03 04:36:49] PENDING HUMAN REVIEW: EMAIL_20260303_031154_verified-sandra-is-looking-for-a-web-des.md
[2026-03-03 04:36:49] PENDING HUMAN REVIEW: EMAIL_20260303_031200_additional-details-michael-is-looking-fo.md
[2026-03-03 04:36:49] PENDING HUMAN REVIEW: EMAIL_20260303_031205_rich-is-looking-for-a-web-designer-in-au.md
[2026-03-03 04:36:49] PENDING HUMAN REVIEW: EMAIL_20260303_031227_paul-is-looking-for-a-web-designer.md
[2026-03-03 04:36:49] PENDING HUMAN REVIEW: EMAIL_20260303_031237_verified-jesse-is-looking-for-a-web-desi.md
[2026-03-03 04:36:49] PENDING HUMAN REVIEW: EMAIL_20260303_031241_amnafarazai_employee_hackathon-google-cl.md
[2026-03-03 04:36:49] PENDING HUMAN REVIEW: EMAIL_20260303_031446_verified-duke-is-looking-for-a-web-desig.md
[2026-03-03 04:36:49] PENDING HUMAN REVIEW: EMAIL_20260303_031922_additional-details-jonathan-is-looking-f.md
[2026-03-03 04:36:49] PENDING HUMAN REVIEW: EMAIL_20260303_032129_sophia-is-looking-for-a-web-designer.md
[2026-03-03 04:36:49] PENDING HUMAN REVIEW: EMAIL_20260303_032736_roosevelt-is-looking-for-a-web-designer.md
[2026-03-03 04:36:49] PENDING HUMAN REVIEW: EMAIL_20260303_034146_additional-details-chris-is-looking-for-.md
[2026-03-03 04:36:49] PENDING HUMAN REVIEW: EMAIL_20260303_035558_additional-details-billie-is-looking-for.md
[2026-03-03 04:36:49] PENDING HUMAN REVIEW: EMAIL_20260303_043230_verified-esther-is-looking-for-a-web-des.md
[2026-03-03 04:36:49] PENDING HUMAN REVIEW: EMAIL_20260303_043440_salvador-is-looking-for-a-web-designer.md
[2026-03-03 04:41:53] PENDING HUMAN REVIEW: budget_task.md
[2026-03-03 04:41:53] PENDING HUMAN REVIEW: EMAIL_20260303_014009_kimberly-urgently-needs-a-graphic-design.md
[2026-03-03 04:41:53] PENDING HUMAN REVIEW: EMAIL_20260303_014016_andreas-urgently-needs-a-web-designer.md
[2026-03-03 04:41:53] PENDING HUMAN REVIEW: EMAIL_20260303_014022_verified-zoraya-is-looking-for-a-web-des.md
[2026-03-03 04:41:53] PENDING HUMAN REVIEW: EMAIL_20260303_014028_jac-urgently-needs-a-web-designer.md
[2026-03-03 04:41:53] PENDING HUMAN REVIEW: EMAIL_20260303_014033_pr-specialist-at-pharma-and-15-more-soci.md
[2026-03-03 04:41:53] PENDING HUMAN REVIEW: EMAIL_20260303_014039_alvin-urgently-needs-a-web-designer.md
[2026-03-03 04:41:53] PENDING HUMAN REVIEW: EMAIL_20260303_014045_verified-george-is-looking-for-a-web-des.md
[2026-03-03 04:41:53] PENDING HUMAN REVIEW: EMAIL_20260303_014052_rosa-is-looking-for-a-web-designer.md
[2026-03-03 04:41:53] PENDING HUMAN REVIEW: EMAIL_20260303_014058_amnafarazai_employee_hackathon-google-oa.md
[2026-03-03 04:41:53] PENDING HUMAN REVIEW: EMAIL_20260303_014104_verified-ashley-is-looking-for-a-web-des.md
[2026-03-03 04:41:53] PENDING HUMAN REVIEW: EMAIL_20260303_014310_nancy-is-looking-for-a-graphic-designer.md
[2026-03-03 04:41:53] PENDING HUMAN REVIEW: EMAIL_20260303_014318_additional-details-shane-is-looking-for-.md
[2026-03-03 04:41:53] PENDING HUMAN REVIEW: EMAIL_20260303_014727_verified-willia-is-looking-for-a-graphic.md
[2026-03-03 04:41:53] PENDING HUMAN REVIEW: EMAIL_20260303_031154_verified-sandra-is-looking-for-a-web-des.md
[2026-03-03 04:41:53] PENDING HUMAN REVIEW: EMAIL_20260303_031200_additional-details-michael-is-looking-fo.md
[2026-03-03 04:41:53] PENDING HUMAN REVIEW: EMAIL_20260303_031205_rich-is-looking-for-a-web-designer-in-au.md
[2026-03-03 04:41:53] PENDING HUMAN REVIEW: EMAIL_20260303_031227_paul-is-looking-for-a-web-designer.md
[2026-03-03 04:41:53] PENDING HUMAN REVIEW: EMAIL_20260303_031237_verified-jesse-is-looking-for-a-web-desi.md
[2026-03-03 04:41:53] PENDING HUMAN REVIEW: EMAIL_20260303_031241_amnafarazai_employee_hackathon-google-cl.md
[2026-03-03 04:41:53] PENDING HUMAN REVIEW: EMAIL_20260303_031446_verified-duke-is-looking-for-a-web-desig.md
[2026-03-03 04:41:53] PENDING HUMAN REVIEW: EMAIL_20260303_031922_additional-details-jonathan-is-looking-f.md
[2026-03-03 04:41:54] PENDING HUMAN REVIEW: EMAIL_20260303_032129_sophia-is-looking-for-a-web-designer.md
[2026-03-03 04:41:54] PENDING HUMAN REVIEW: EMAIL_20260303_032736_roosevelt-is-looking-for-a-web-designer.md
[2026-03-03 04:41:54] PENDING HUMAN REVIEW: EMAIL_20260303_034146_additional-details-chris-is-looking-for-.md
[2026-03-03 04:41:54] PENDING HUMAN REVIEW: EMAIL_20260303_035558_additional-details-billie-is-looking-for.md[2026-03-03 04:41:54] PENDING HUMAN REVIEW: EMAIL_20260303_043230_verified-esther-is-looking-for-a-web-des.md
[2026-03-03 04:41:54] PENDING HUMAN REVIEW: EMAIL_20260303_043440_salvador-is-looking-for-a-web-designer.md
[2026-03-03 04:47:00] PENDING HUMAN REVIEW: budget_task.md
[2026-03-03 04:47:00] PENDING HUMAN REVIEW: EMAIL_20260303_014009_kimberly-urgently-needs-a-graphic-design.md
[2026-03-03 04:47:01] PENDING HUMAN REVIEW: EMAIL_20260303_014016_andreas-urgently-needs-a-web-designer.md
[2026-03-03 04:47:01] PENDING HUMAN REVIEW: EMAIL_20260303_014022_verified-zoraya-is-looking-for-a-web-des.md
[2026-03-03 04:47:01] PENDING HUMAN REVIEW: EMAIL_20260303_014028_jac-urgently-needs-a-web-designer.md
[2026-03-03 04:47:01] PENDING HUMAN REVIEW: EMAIL_20260303_014033_pr-specialist-at-pharma-and-15-more-soci.md
[2026-03-03 04:47:01] PENDING HUMAN REVIEW: EMAIL_20260303_014039_alvin-urgently-needs-a-web-designer.md
[2026-03-03 04:47:02] PENDING HUMAN REVIEW: EMAIL_20260303_014045_verified-george-is-looking-for-a-web-des.md
[2026-03-03 04:47:02] PENDING HUMAN REVIEW: EMAIL_20260303_014052_rosa-is-looking-for-a-web-designer.md
[2026-03-03 04:47:02] PENDING HUMAN REVIEW: EMAIL_20260303_014058_amnafarazai_employee_hackathon-google-oa.md
[2026-03-03 04:47:02] PENDING HUMAN REVIEW: EMAIL_20260303_014104_verified-ashley-is-looking-for-a-web-des.md
[2026-03-03 04:47:02] PENDING HUMAN REVIEW: EMAIL_20260303_014310_nancy-is-looking-for-a-graphic-designer.md
[2026-03-03 04:47:03] PENDING HUMAN REVIEW: EMAIL_20260303_014318_additional-details-shane-is-looking-for-.md
[2026-03-03 04:47:03] PENDING HUMAN REVIEW: EMAIL_20260303_014727_verified-willia-is-looking-for-a-graphic.md
[2026-03-03 04:47:03] PENDING HUMAN REVIEW: EMAIL_20260303_031154_verified-sandra-is-looking-for-a-web-des.md
[2026-03-03 04:47:03] PENDING HUMAN REVIEW: EMAIL_20260303_031200_additional-details-michael-is-looking-fo.md
[2026-03-03 04:47:04] PENDING HUMAN REVIEW: EMAIL_20260303_031205_rich-is-looking-for-a-web-designer-in-au.md
[2026-03-03 04:47:04] PENDING HUMAN REVIEW: EMAIL_20260303_031227_paul-is-looking-for-a-web-designer.md
[2026-03-03 04:47:04] PENDING HUMAN REVIEW: EMAIL_20260303_031237_verified-jesse-is-looking-for-a-web-desi.md
[2026-03-03 04:47:04] PENDING HUMAN REVIEW: EMAIL_20260303_031241_amnafarazai_employee_hackathon-google-cl.md
[2026-03-03 04:47:04] PENDING HUMAN REVIEW: EMAIL_20260303_031446_verified-duke-is-looking-for-a-web-desig.md
[2026-03-03 04:47:04] PENDING HUMAN REVIEW: EMAIL_20260303_031922_additional-details-jonathan-is-looking-f.md
[2026-03-03 04:47:05] PENDING HUMAN REVIEW: EMAIL_20260303_032129_sophia-is-looking-for-a-web-designer.md
[2026-03-03 04:47:05] PENDING HUMAN REVIEW: EMAIL_20260303_032736_roosevelt-is-looking-for-a-web-designer.md
[2026-03-03 04:47:05] PENDING HUMAN REVIEW: EMAIL_20260303_034146_additional-details-chris-is-looking-for-.md
[2026-03-03 04:47:05] PENDING HUMAN REVIEW: EMAIL_20260303_035558_additional-details-billie-is-looking-for.md
[2026-03-03 04:47:05] PENDING HUMAN REVIEW: EMAIL_20260303_043230_verified-esther-is-looking-for-a-web-des.md
[2026-03-03 04:47:06] PENDING HUMAN REVIEW: EMAIL_20260303_043440_salvador-is-looking-for-a-web-designer.md
[2026-03-03 04:52:10] PENDING HUMAN REVIEW: budget_task.md
[2026-03-03 04:52:10] PENDING HUMAN REVIEW: EMAIL_20260303_014009_kimberly-urgently-needs-a-graphic-design.md
[2026-03-03 04:52:10] PENDING HUMAN REVIEW: EMAIL_20260303_014016_andreas-urgently-needs-a-web-designer.md
[2026-03-03 04:52:10] PENDING HUMAN REVIEW: EMAIL_20260303_014022_verified-zoraya-is-looking-for-a-web-des.md
[2026-03-03 04:52:10] PENDING HUMAN REVIEW: EMAIL_20260303_014028_jac-urgently-needs-a-web-designer.md
[2026-03-03 04:52:10] PENDING HUMAN REVIEW: EMAIL_20260303_014033_pr-specialist-at-pharma-and-15-more-soci.md
[2026-03-03 04:52:10] PENDING HUMAN REVIEW: EMAIL_20260303_014039_alvin-urgently-needs-a-web-designer.md
[2026-03-03 04:52:10] PENDING HUMAN REVIEW: EMAIL_20260303_014045_verified-george-is-looking-for-a-web-des.md
[2026-03-03 04:52:10] PENDING HUMAN REVIEW: EMAIL_20260303_014052_rosa-is-looking-for-a-web-designer.md
[2026-03-03 04:52:10] PENDING HUMAN REVIEW: EMAIL_20260303_014058_amnafarazai_employee_hackathon-google-oa.md
[2026-03-03 04:52:10] PENDING HUMAN REVIEW: EMAIL_20260303_014104_verified-ashley-is-looking-for-a-web-des.md
[2026-03-03 04:52:10] PENDING HUMAN REVIEW: EMAIL_20260303_014310_nancy-is-looking-for-a-graphic-designer.md
[2026-03-03 04:52:10] PENDING HUMAN REVIEW: EMAIL_20260303_014318_additional-details-shane-is-looking-for-.md
[2026-03-03 04:52:10] PENDING HUMAN REVIEW: EMAIL_20260303_014727_verified-willia-is-looking-for-a-graphic.md
[2026-03-03 04:52:10] PENDING HUMAN REVIEW: EMAIL_20260303_031154_verified-sandra-is-looking-for-a-web-des.md
[2026-03-03 04:52:11] PENDING HUMAN REVIEW: EMAIL_20260303_031200_additional-details-michael-is-looking-fo.md
[2026-03-03 04:52:11] PENDING HUMAN REVIEW: EMAIL_20260303_031205_rich-is-looking-for-a-web-designer-in-au.md
[2026-03-03 04:52:11] PENDING HUMAN REVIEW: EMAIL_20260303_031227_paul-is-looking-for-a-web-designer.md
[2026-03-03 04:52:11] PENDING HUMAN REVIEW: EMAIL_20260303_031237_verified-jesse-is-looking-for-a-web-desi.md
[2026-03-03 04:52:11] PENDING HUMAN REVIEW: EMAIL_20260303_031241_amnafarazai_employee_hackathon-google-cl.md
[2026-03-03 04:52:11] PENDING HUMAN REVIEW: EMAIL_20260303_031446_verified-duke-is-looking-for-a-web-desig.md
[2026-03-03 04:52:11] PENDING HUMAN REVIEW: EMAIL_20260303_031922_additional-details-jonathan-is-looking-f.md
[2026-03-03 04:52:11] PENDING HUMAN REVIEW: EMAIL_20260303_032129_sophia-is-looking-for-a-web-designer.md
[2026-03-03 04:52:11] PENDING HUMAN REVIEW: EMAIL_20260303_032736_roosevelt-is-looking-for-a-web-designer.md
[2026-03-03 04:52:11] PENDING HUMAN REVIEW: EMAIL_20260303_034146_additional-details-chris-is-looking-for-.md
[2026-03-03 04:52:11] PENDING HUMAN REVIEW: EMAIL_20260303_035558_additional-details-billie-is-looking-for.md
[2026-03-03 04:52:12] PENDING HUMAN REVIEW: EMAIL_20260303_043230_verified-esther-is-looking-for-a-web-des.md
[2026-03-03 04:52:12] PENDING HUMAN REVIEW: EMAIL_20260303_043440_salvador-is-looking-for-a-web-designer.md
[2026-03-03 04:52:12] PENDING HUMAN REVIEW: EMAIL_20260303_045113_cooper-is-looking-for-a-web-designer.md
[2026-03-03 04:52:12] PENDING HUMAN REVIEW: EMAIL_20260303_045124_verified-tyler-is-looking-for-a-web-desi.md
[2026-03-03 04:57:16] PENDING HUMAN REVIEW: budget_task.md
[2026-03-03 04:57:16] PENDING HUMAN REVIEW: EMAIL_20260303_014009_kimberly-urgently-needs-a-graphic-design.md
[2026-03-03 04:57:16] PENDING HUMAN REVIEW: EMAIL_20260303_014016_andreas-urgently-needs-a-web-designer.md
[2026-03-03 04:57:16] PENDING HUMAN REVIEW: EMAIL_20260303_014022_verified-zoraya-is-looking-for-a-web-des.md
[2026-03-03 04:57:16] PENDING HUMAN REVIEW: EMAIL_20260303_014028_jac-urgently-needs-a-web-designer.md
[2026-03-03 04:57:16] PENDING HUMAN REVIEW: EMAIL_20260303_014033_pr-specialist-at-pharma-and-15-more-soci.md
[2026-03-03 04:57:16] PENDING HUMAN REVIEW: EMAIL_20260303_014039_alvin-urgently-needs-a-web-designer.md
[2026-03-03 04:57:16] PENDING HUMAN REVIEW: EMAIL_20260303_014045_verified-george-is-looking-for-a-web-des.md
[2026-03-03 04:57:16] PENDING HUMAN REVIEW: EMAIL_20260303_014052_rosa-is-looking-for-a-web-designer.md
[2026-03-03 04:57:16] PENDING HUMAN REVIEW: EMAIL_20260303_014058_amnafarazai_employee_hackathon-google-oa.md
[2026-03-03 04:57:16] PENDING HUMAN REVIEW: EMAIL_20260303_014104_verified-ashley-is-looking-for-a-web-des.md
[2026-03-03 04:57:16] PENDING HUMAN REVIEW: EMAIL_20260303_014310_nancy-is-looking-for-a-graphic-designer.md
[2026-03-03 04:57:16] PENDING HUMAN REVIEW: EMAIL_20260303_014318_additional-details-shane-is-looking-for-.md
[2026-03-03 04:57:17] PENDING HUMAN REVIEW: EMAIL_20260303_014727_verified-willia-is-looking-for-a-graphic.md
[2026-03-03 04:57:17] PENDING HUMAN REVIEW: EMAIL_20260303_031154_verified-sandra-is-looking-for-a-web-des.md
[2026-03-03 04:57:17] PENDING HUMAN REVIEW: EMAIL_20260303_031200_additional-details-michael-is-looking-fo.md
[2026-03-03 04:57:17] PENDING HUMAN REVIEW: EMAIL_20260303_031205_rich-is-looking-for-a-web-designer-in-au.md

[2026-03-03 04:41:54] PENDING HUMAN REVIEW: EMAIL_20260303_043230_verified-esther-is-looking-for-a-web-des.md
[2026-03-03 04:41:54] PENDING HUMAN REVIEW: EMAIL_20260303_043440_salvador-is-looking-for-a-web-designer.md
[2026-03-03 04:47:00] PENDING HUMAN REVIEW: budget_task.md
[2026-03-03 04:47:00] PENDING HUMAN REVIEW: EMAIL_20260303_014009_kimberly-urgently-needs-a-graphic-design.md
[2026-03-03 04:47:01] PENDING HUMAN REVIEW: EMAIL_20260303_014016_andreas-urgently-needs-a-web-designer.md
[2026-03-03 04:47:01] PENDING HUMAN REVIEW: EMAIL_20260303_014022_verified-zoraya-is-looking-for-a-web-des.md
[2026-03-03 04:47:01] PENDING HUMAN REVIEW: EMAIL_20260303_014028_jac-urgently-needs-a-web-designer.md
[2026-03-03 04:47:01] PENDING HUMAN REVIEW: EMAIL_20260303_014033_pr-specialist-at-pharma-and-15-more-soci.md
[2026-03-03 04:47:01] PENDING HUMAN REVIEW: EMAIL_20260303_014039_alvin-urgently-needs-a-web-designer.md
[2026-03-03 04:47:02] PENDING HUMAN REVIEW: EMAIL_20260303_014045_verified-george-is-looking-for-a-web-des.md
[2026-03-03 04:47:02] PENDING HUMAN REVIEW: EMAIL_20260303_014052_rosa-is-looking-for-a-web-designer.md
[2026-03-03 04:47:02] PENDING HUMAN REVIEW: EMAIL_20260303_014058_amnafarazai_employee_hackathon-google-oa.md
[2026-03-03 04:47:02] PENDING HUMAN REVIEW: EMAIL_20260303_014104_verified-ashley-is-looking-for-a-web-des.md
[2026-03-03 04:47:02] PENDING HUMAN REVIEW: EMAIL_20260303_014310_nancy-is-looking-for-a-graphic-designer.md
[2026-03-03 04:47:03] PENDING HUMAN REVIEW: EMAIL_20260303_014318_additional-details-shane-is-looking-for-.md
[2026-03-03 04:47:03] PENDING HUMAN REVIEW: EMAIL_20260303_014727_verified-willia-is-looking-for-a-graphic.md
[2026-03-03 04:47:03] PENDING HUMAN REVIEW: EMAIL_20260303_031154_verified-sandra-is-looking-for-a-web-des.md
[2026-03-03 04:47:03] PENDING HUMAN REVIEW: EMAIL_20260303_031200_additional-details-michael-is-looking-fo.md
[2026-03-03 04:47:04] PENDING HUMAN REVIEW: EMAIL_20260303_031205_rich-is-looking-for-a-web-designer-in-au.md
[2026-03-03 04:47:04] PENDING HUMAN REVIEW: EMAIL_20260303_031227_paul-is-looking-for-a-web-designer.md
[2026-03-03 04:47:04] PENDING HUMAN REVIEW: EMAIL_20260303_031237_verified-jesse-is-looking-for-a-web-desi.md
[2026-03-03 04:47:04] PENDING HUMAN REVIEW: EMAIL_20260303_031241_amnafarazai_employee_hackathon-google-cl.md
[2026-03-03 04:47:04] PENDING HUMAN REVIEW: EMAIL_20260303_031446_verified-duke-is-looking-for-a-web-desig.md
[2026-03-03 04:47:04] PENDING HUMAN REVIEW: EMAIL_20260303_031922_additional-details-jonathan-is-looking-f.md
[2026-03-03 04:47:05] PENDING HUMAN REVIEW: EMAIL_20260303_032129_sophia-is-looking-for-a-web-designer.md
[2026-03-03 04:47:05] PENDING HUMAN REVIEW: EMAIL_20260303_032736_roosevelt-is-looking-for-a-web-designer.md
[2026-03-03 04:47:05] PENDING HUMAN REVIEW: EMAIL_20260303_034146_additional-details-chris-is-looking-for-.md
[2026-03-03 04:47:05] PENDING HUMAN REVIEW: EMAIL_20260303_035558_additional-details-billie-is-looking-for.md
[2026-03-03 04:47:05] PENDING HUMAN REVIEW: EMAIL_20260303_043230_verified-esther-is-looking-for-a-web-des.md
[2026-03-03 04:47:06] PENDING HUMAN REVIEW: EMAIL_20260303_043440_salvador-is-looking-for-a-web-designer.md
[2026-03-03 04:52:10] PENDING HUMAN REVIEW: budget_task.md
[2026-03-03 04:52:10] PENDING HUMAN REVIEW: EMAIL_20260303_014009_kimberly-urgently-needs-a-graphic-design.md
[2026-03-03 04:52:10] PENDING HUMAN REVIEW: EMAIL_20260303_014016_andreas-urgently-needs-a-web-designer.md
[2026-03-03 04:52:10] PENDING HUMAN REVIEW: EMAIL_20260303_014022_verified-zoraya-is-looking-for-a-web-des.md
[2026-03-03 04:52:10] PENDING HUMAN REVIEW: EMAIL_20260303_014028_jac-urgently-needs-a-web-designer.md
[2026-03-03 04:52:10] PENDING HUMAN REVIEW: EMAIL_20260303_014033_pr-specialist-at-pharma-and-15-more-soci.md
[2026-03-03 04:52:10] PENDING HUMAN REVIEW: EMAIL_20260303_014039_alvin-urgently-needs-a-web-designer.md
[2026-03-03 04:52:10] PENDING HUMAN REVIEW: EMAIL_20260303_014045_verified-george-is-looking-for-a-web-des.md
[2026-03-03 04:52:10] PENDING HUMAN REVIEW: EMAIL_20260303_014052_rosa-is-looking-for-a-web-designer.md
[2026-03-03 04:52:10] PENDING HUMAN REVIEW: EMAIL_20260303_014058_amnafarazai_employee_hackathon-google-oa.md
[2026-03-03 04:52:10] PENDING HUMAN REVIEW: EMAIL_20260303_014104_verified-ashley-is-looking-for-a-web-des.md
[2026-03-03 04:52:10] PENDING HUMAN REVIEW: EMAIL_20260303_014310_nancy-is-looking-for-a-graphic-designer.md
[2026-03-03 04:52:10] PENDING HUMAN REVIEW: EMAIL_20260303_014318_additional-details-shane-is-looking-for-.md
[2026-03-03 04:52:10] PENDING HUMAN REVIEW: EMAIL_20260303_014727_verified-willia-is-looking-for-a-graphic.md
[2026-03-03 04:52:10] PENDING HUMAN REVIEW: EMAIL_20260303_031154_verified-sandra-is-looking-for-a-web-des.md
[2026-03-03 04:52:11] PENDING HUMAN REVIEW: EMAIL_20260303_031200_additional-details-michael-is-looking-fo.md
[2026-03-03 04:52:11] PENDING HUMAN REVIEW: EMAIL_20260303_031205_rich-is-looking-for-a-web-designer-in-au.md
[2026-03-03 04:52:11] PENDING HUMAN REVIEW: EMAIL_20260303_031227_paul-is-looking-for-a-web-designer.md
[2026-03-03 04:52:11] PENDING HUMAN REVIEW: EMAIL_20260303_031237_verified-jesse-is-looking-for-a-web-desi.md
[2026-03-03 04:52:11] PENDING HUMAN REVIEW: EMAIL_20260303_031241_amnafarazai_employee_hackathon-google-cl.md
[2026-03-03 04:52:11] PENDING HUMAN REVIEW: EMAIL_20260303_031446_verified-duke-is-looking-for-a-web-desig.md
[2026-03-03 04:52:11] PENDING HUMAN REVIEW: EMAIL_20260303_031922_additional-details-jonathan-is-looking-f.md
[2026-03-03 04:52:11] PENDING HUMAN REVIEW: EMAIL_20260303_032129_sophia-is-looking-for-a-web-designer.md
[2026-03-03 04:52:11] PENDING HUMAN REVIEW: EMAIL_20260303_032736_roosevelt-is-looking-for-a-web-designer.md
[2026-03-03 04:52:11] PENDING HUMAN REVIEW: EMAIL_20260303_034146_additional-details-chris-is-looking-for-.md
[2026-03-03 04:52:11] PENDING HUMAN REVIEW: EMAIL_20260303_035558_additional-details-billie-is-looking-for.md
[2026-03-03 04:52:12] PENDING HUMAN REVIEW: EMAIL_20260303_043230_verified-esther-is-looking-for-a-web-des.md
[2026-03-03 04:52:12] PENDING HUMAN REVIEW: EMAIL_20260303_043440_salvador-is-looking-for-a-web-designer.md
[2026-03-03 04:52:12] PENDING HUMAN REVIEW: EMAIL_20260303_045113_cooper-is-looking-for-a-web-designer.md
[2026-03-03 04:52:12] PENDING HUMAN REVIEW: EMAIL_20260303_045124_verified-tyler-is-looking-for-a-web-desi.md
[2026-03-03 04:57:16] PENDING HUMAN REVIEW: budget_task.md
[2026-03-03 04:57:16] PENDING HUMAN REVIEW: EMAIL_20260303_014009_kimberly-urgently-needs-a-graphic-design.md
[2026-03-03 04:57:16] PENDING HUMAN REVIEW: EMAIL_20260303_014016_andreas-urgently-needs-a-web-designer.md
[2026-03-03 04:57:16] PENDING HUMAN REVIEW: EMAIL_20260303_014022_verified-zoraya-is-looking-for-a-web-des.md
[2026-03-03 04:57:16] PENDING HUMAN REVIEW: EMAIL_20260303_014028_jac-urgently-needs-a-web-designer.md
[2026-03-03 04:57:16] PENDING HUMAN REVIEW: EMAIL_20260303_014033_pr-specialist-at-pharma-and-15-more-soci.md
[2026-03-03 04:57:16] PENDING HUMAN REVIEW: EMAIL_20260303_014039_alvin-urgently-needs-a-web-designer.md
[2026-03-03 04:57:16] PENDING HUMAN REVIEW: EMAIL_20260303_014045_verified-george-is-looking-for-a-web-des.md
[2026-03-03 04:57:16] PENDING HUMAN REVIEW: EMAIL_20260303_014052_rosa-is-looking-for-a-web-designer.md
[2026-03-03 04:57:16] PENDING HUMAN REVIEW: EMAIL_20260303_014058_amnafarazai_employee_hackathon-google-oa.md
[2026-03-03 04:57:16] PENDING HUMAN REVIEW: EMAIL_20260303_014104_verified-ashley-is-looking-for-a-web-des.md
[2026-03-03 04:57:16] PENDING HUMAN REVIEW: EMAIL_20260303_014310_nancy-is-looking-for-a-graphic-designer.md
[2026-03-03 04:57:16] PENDING HUMAN REVIEW: EMAIL_20260303_014318_additional-details-shane-is-looking-for-.md
[2026-03-03 04:57:17] PENDING HUMAN REVIEW: EMAIL_20260303_014727_verified-willia-is-looking-for-a-graphic.md
[2026-03-03 04:57:17] PENDING HUMAN REVIEW: EMAIL_20260303_031154_verified-sandra-is-looking-for-a-web-des.md
[2026-03-03 04:57:17] PENDING HUMAN REVIEW: EMAIL_20260303_031200_additional-details-michael-is-looking-fo.md
[2026-03-03 04:57:17] PENDING HUMAN REVIEW: EMAIL_20260303_031205_rich-is-looking-for-a-web-designer-in-au.md[2026-03-03 04:57:17] PENDING HUMAN REVIEW: EMAIL_20260303_031227_paul-is-looking-for-a-web-designer.md
[2026-03-03 04:57:17] PENDING HUMAN REVIEW: EMAIL_20260303_031237_verified-jesse-is-looking-for-a-web-desi.md
[2026-03-03 04:57:17] PENDING HUMAN REVIEW: EMAIL_20260303_031241_amnafarazai_employee_hackathon-google-cl.md
[2026-03-03 04:57:17] PENDING HUMAN REVIEW: EMAIL_20260303_031446_verified-duke-is-looking-for-a-web-desig.md
[2026-03-03 04:57:17] PENDING HUMAN REVIEW: EMAIL_20260303_031922_additional-details-jonathan-is-looking-f.md
[2026-03-03 04:57:17] PENDING HUMAN REVIEW: EMAIL_20260303_032129_sophia-is-looking-for-a-web-designer.md
[2026-03-03 04:57:17] PENDING HUMAN REVIEW: EMAIL_20260303_032736_roosevelt-is-looking-for-a-web-designer.md
[2026-03-03 04:57:17] PENDING HUMAN REVIEW: EMAIL_20260303_034146_additional-details-chris-is-looking-for-.md
[2026-03-03 04:57:17] PENDING HUMAN REVIEW: EMAIL_20260303_035558_additional-details-billie-is-looking-for.md
[2026-03-03 04:57:17] PENDING HUMAN REVIEW: EMAIL_20260303_043230_verified-esther-is-looking-for-a-web-des.md
[2026-03-03 04:57:17] PENDING HUMAN REVIEW: EMAIL_20260303_043440_salvador-is-looking-for-a-web-designer.md
[2026-03-03 04:57:17] PENDING HUMAN REVIEW: EMAIL_20260303_045113_cooper-is-looking-for-a-web-designer.md
[2026-03-03 04:57:17] PENDING HUMAN REVIEW: EMAIL_20260303_045124_verified-tyler-is-looking-for-a-web-desi.md
[2026-03-03 05:02:39] PENDING HUMAN REVIEW: budget_task.md
[2026-03-03 05:02:41] PENDING HUMAN REVIEW: EMAIL_20260303_014009_kimberly-urgently-needs-a-graphic-design.md
[2026-03-03 05:02:42] PENDING HUMAN REVIEW: EMAIL_20260303_014016_andreas-urgently-needs-a-web-designer.md
[2026-03-03 05:02:43] PENDING HUMAN REVIEW: EMAIL_20260303_014022_verified-zoraya-is-looking-for-a-web-des.md
[2026-03-03 05:02:43] PENDING HUMAN REVIEW: EMAIL_20260303_014028_jac-urgently-needs-a-web-designer.md
[2026-03-03 05:02:44] PENDING HUMAN REVIEW: EMAIL_20260303_014033_pr-specialist-at-pharma-and-15-more-soci.md
[2026-03-03 05:02:44] PENDING HUMAN REVIEW: EMAIL_20260303_014039_alvin-urgently-needs-a-web-designer.md
[2026-03-03 05:02:45] PENDING HUMAN REVIEW: EMAIL_20260303_014045_verified-george-is-looking-for-a-web-des.md
[2026-03-03 05:02:48] PENDING HUMAN REVIEW: EMAIL_20260303_014052_rosa-is-looking-for-a-web-designer.md
[2026-03-03 05:02:49] PENDING HUMAN REVIEW: EMAIL_20260303_014058_amnafarazai_employee_hackathon-google-oa.md
[2026-03-03 05:02:50] PENDING HUMAN REVIEW: EMAIL_20260303_014104_verified-ashley-is-looking-for-a-web-des.md
[2026-03-03 05:02:51] PENDING HUMAN REVIEW: EMAIL_20260303_014310_nancy-is-looking-for-a-graphic-designer.md
[2026-03-03 05:02:56] PENDING HUMAN REVIEW: EMAIL_20260303_014318_additional-details-shane-is-looking-for-.md
[2026-03-03 05:03:01] PENDING HUMAN REVIEW: EMAIL_20260303_014727_verified-willia-is-looking-for-a-graphic.md
[2026-03-03 05:03:04] PENDING HUMAN REVIEW: EMAIL_20260303_031154_verified-sandra-is-looking-for-a-web-des.md
[2026-03-03 05:03:07] PENDING HUMAN REVIEW: EMAIL_20260303_031200_additional-details-michael-is-looking-fo.md
[2026-03-03 05:03:08] PENDING HUMAN REVIEW: EMAIL_20260303_031205_rich-is-looking-for-a-web-designer-in-au.md
[2026-03-03 05:03:10] PENDING HUMAN REVIEW: EMAIL_20260303_031227_paul-is-looking-for-a-web-designer.md
[2026-03-03 05:03:11] PENDING HUMAN REVIEW: EMAIL_20260303_031237_verified-jesse-is-looking-for-a-web-desi.md
[2026-03-03 05:03:14] PENDING HUMAN REVIEW: EMAIL_20260303_031241_amnafarazai_employee_hackathon-google-cl.md
[2026-03-03 05:03:15] PENDING HUMAN REVIEW: EMAIL_20260303_031446_verified-duke-is-looking-for-a-web-desig.md
[2026-03-03 05:03:16] PENDING HUMAN REVIEW: EMAIL_20260303_031922_additional-details-jonathan-is-looking-f.md
[2026-03-03 05:03:17] PENDING HUMAN REVIEW: EMAIL_20260303_032129_sophia-is-looking-for-a-web-designer.md
[2026-03-03 05:03:17] PENDING HUMAN REVIEW: EMAIL_20260303_032736_roosevelt-is-looking-for-a-web-designer.md
[2026-03-03 05:03:18] PENDING HUMAN REVIEW: EMAIL_20260303_034146_additional-details-chris-is-looking-for-.md
[2026-03-03 05:03:18] PENDING HUMAN REVIEW: EMAIL_20260303_035558_additional-details-billie-is-looking-for.md
[2026-03-03 05:03:19] PENDING HUMAN REVIEW: EMAIL_20260303_043230_verified-esther-is-looking-for-a-web-des.md
[2026-03-03 05:03:20] PENDING HUMAN REVIEW: EMAIL_20260303_043440_salvador-is-looking-for-a-web-designer.md
[2026-03-03 05:03:26] PENDING HUMAN REVIEW: EMAIL_20260303_045113_cooper-is-looking-for-a-web-designer.md
[2026-03-03 05:03:43] PENDING HUMAN REVIEW: EMAIL_20260303_045124_verified-tyler-is-looking-for-a-web-desi.md
[2026-03-03 05:08:47] PENDING HUMAN REVIEW: budget_task.md
[2026-03-03 05:08:47] PENDING HUMAN REVIEW: EMAIL_20260303_014009_kimberly-urgently-needs-a-graphic-design.md
[2026-03-03 05:08:47] PENDING HUMAN REVIEW: EMAIL_20260303_014016_andreas-urgently-needs-a-web-designer.md
[2026-03-03 05:08:47] PENDING HUMAN REVIEW: EMAIL_20260303_014022_verified-zoraya-is-looking-for-a-web-des.md
[2026-03-03 05:08:47] PENDING HUMAN REVIEW: EMAIL_20260303_014028_jac-urgently-needs-a-web-designer.md
[2026-03-03 05:08:47] PENDING HUMAN REVIEW: EMAIL_20260303_014033_pr-specialist-at-pharma-and-15-more-soci.md
[2026-03-03 05:08:47] PENDING HUMAN REVIEW: EMAIL_20260303_014039_alvin-urgently-needs-a-web-designer.md
[2026-03-03 05:08:48] PENDING HUMAN REVIEW: EMAIL_20260303_014045_verified-george-is-looking-for-a-web-des.md
[2026-03-03 05:08:48] PENDING HUMAN REVIEW: EMAIL_20260303_014052_rosa-is-looking-for-a-web-designer.md
[2026-03-03 05:08:48] PENDING HUMAN REVIEW: EMAIL_20260303_014058_amnafarazai_employee_hackathon-google-oa.md
[2026-03-03 05:08:48] PENDING HUMAN REVIEW: EMAIL_20260303_014104_verified-ashley-is-looking-for-a-web-des.md
[2026-03-03 05:08:48] PENDING HUMAN REVIEW: EMAIL_20260303_014310_nancy-is-looking-for-a-graphic-designer.md
[2026-03-03 05:08:48] PENDING HUMAN REVIEW: EMAIL_20260303_014318_additional-details-shane-is-looking-for-.md
[2026-03-03 05:08:48] PENDING HUMAN REVIEW: EMAIL_20260303_014727_verified-willia-is-looking-for-a-graphic.md
[2026-03-03 05:08:48] PENDING HUMAN REVIEW: EMAIL_20260303_031154_verified-sandra-is-looking-for-a-web-des.md
[2026-03-03 05:08:48] PENDING HUMAN REVIEW: EMAIL_20260303_031200_additional-details-michael-is-looking-fo.md
[2026-03-03 05:08:48] PENDING HUMAN REVIEW: EMAIL_20260303_031205_rich-is-looking-for-a-web-designer-in-au.md
[2026-03-03 05:08:48] PENDING HUMAN REVIEW: EMAIL_20260303_031227_paul-is-looking-for-a-web-designer.md
[2026-03-03 05:08:48] PENDING HUMAN REVIEW: EMAIL_20260303_031237_verified-jesse-is-looking-for-a-web-desi.md
[2026-03-03 05:08:48] PENDING HUMAN REVIEW: EMAIL_20260303_031241_amnafarazai_employee_hackathon-google-cl.md
[2026-03-03 05:08:48] PENDING HUMAN REVIEW: EMAIL_20260303_031446_verified-duke-is-looking-for-a-web-desig.md
[2026-03-03 05:08:49] PENDING HUMAN REVIEW: EMAIL_20260303_031922_additional-details-jonathan-is-looking-f.md
[2026-03-03 05:08:49] PENDING HUMAN REVIEW: EMAIL_20260303_032129_sophia-is-looking-for-a-web-designer.md
[2026-03-03 05:08:49] PENDING HUMAN REVIEW: EMAIL_20260303_032736_roosevelt-is-looking-for-a-web-designer.md
[2026-03-03 05:08:49] PENDING HUMAN REVIEW: EMAIL_20260303_034146_additional-details-chris-is-looking-for-.md
[2026-03-03 05:08:49] PENDING HUMAN REVIEW: EMAIL_20260303_035558_additional-details-billie-is-looking-for.md
[2026-03-03 05:08:49] PENDING HUMAN REVIEW: EMAIL_20260303_043230_verified-esther-is-looking-for-a-web-des.md
[2026-03-03 05:08:49] PENDING HUMAN REVIEW: EMAIL_20260303_043440_salvador-is-looking-for-a-web-designer.md
[2026-03-03 05:08:49] PENDING HUMAN REVIEW: EMAIL_20260303_045113_cooper-is-looking-for-a-web-designer.md
[2026-03-03 05:08:49] PENDING HUMAN REVIEW: EMAIL_20260303_045124_verified-tyler-is-looking-for-a-web-desi.md
[2026-03-03 05:08:49] PENDING HUMAN REVIEW: EMAIL_20260303_050344_additional-details-car-is-looking-for-a-.md
[2026-03-03 05:08:49] PENDING HUMAN REVIEW: EMAIL_20260303_050839_shawanna-is-looking-for-a-web-designer.md
[2026-03-03 05:13:51] PENDING HUMAN REVIEW: budget_task.md
[2026-03-03 05:13:51] PENDING HUMAN REVIEW: EMAIL_20260303_014009_kimberly-urgently-needs-a-graphic-design.md

[2026-03-03 04:57:17] PENDING HUMAN REVIEW: EMAIL_20260303_031227_paul-is-looking-for-a-web-designer.md
[2026-03-03 04:57:17] PENDING HUMAN REVIEW: EMAIL_20260303_031237_verified-jesse-is-looking-for-a-web-desi.md
[2026-03-03 04:57:17] PENDING HUMAN REVIEW: EMAIL_20260303_031241_amnafarazai_employee_hackathon-google-cl.md
[2026-03-03 04:57:17] PENDING HUMAN REVIEW: EMAIL_20260303_031446_verified-duke-is-looking-for-a-web-desig.md
[2026-03-03 04:57:17] PENDING HUMAN REVIEW: EMAIL_20260303_031922_additional-details-jonathan-is-looking-f.md
[2026-03-03 04:57:17] PENDING HUMAN REVIEW: EMAIL_20260303_032129_sophia-is-looking-for-a-web-designer.md
[2026-03-03 04:57:17] PENDING HUMAN REVIEW: EMAIL_20260303_032736_roosevelt-is-looking-for-a-web-designer.md
[2026-03-03 04:57:17] PENDING HUMAN REVIEW: EMAIL_20260303_034146_additional-details-chris-is-looking-for-.md
[2026-03-03 04:57:17] PENDING HUMAN REVIEW: EMAIL_20260303_035558_additional-details-billie-is-looking-for.md
[2026-03-03 04:57:17] PENDING HUMAN REVIEW: EMAIL_20260303_043230_verified-esther-is-looking-for-a-web-des.md
[2026-03-03 04:57:17] PENDING HUMAN REVIEW: EMAIL_20260303_043440_salvador-is-looking-for-a-web-designer.md
[2026-03-03 04:57:17] PENDING HUMAN REVIEW: EMAIL_20260303_045113_cooper-is-looking-for-a-web-designer.md
[2026-03-03 04:57:17] PENDING HUMAN REVIEW: EMAIL_20260303_045124_verified-tyler-is-looking-for-a-web-desi.md
[2026-03-03 05:02:39] PENDING HUMAN REVIEW: budget_task.md
[2026-03-03 05:02:41] PENDING HUMAN REVIEW: EMAIL_20260303_014009_kimberly-urgently-needs-a-graphic-design.md
[2026-03-03 05:02:42] PENDING HUMAN REVIEW: EMAIL_20260303_014016_andreas-urgently-needs-a-web-designer.md
[2026-03-03 05:02:43] PENDING HUMAN REVIEW: EMAIL_20260303_014022_verified-zoraya-is-looking-for-a-web-des.md
[2026-03-03 05:02:43] PENDING HUMAN REVIEW: EMAIL_20260303_014028_jac-urgently-needs-a-web-designer.md
[2026-03-03 05:02:44] PENDING HUMAN REVIEW: EMAIL_20260303_014033_pr-specialist-at-pharma-and-15-more-soci.md
[2026-03-03 05:02:44] PENDING HUMAN REVIEW: EMAIL_20260303_014039_alvin-urgently-needs-a-web-designer.md
[2026-03-03 05:02:45] PENDING HUMAN REVIEW: EMAIL_20260303_014045_verified-george-is-looking-for-a-web-des.md
[2026-03-03 05:02:48] PENDING HUMAN REVIEW: EMAIL_20260303_014052_rosa-is-looking-for-a-web-designer.md
[2026-03-03 05:02:49] PENDING HUMAN REVIEW: EMAIL_20260303_014058_amnafarazai_employee_hackathon-google-oa.md
[2026-03-03 05:02:50] PENDING HUMAN REVIEW: EMAIL_20260303_014104_verified-ashley-is-looking-for-a-web-des.md
[2026-03-03 05:02:51] PENDING HUMAN REVIEW: EMAIL_20260303_014310_nancy-is-looking-for-a-graphic-designer.md
[2026-03-03 05:02:56] PENDING HUMAN REVIEW: EMAIL_20260303_014318_additional-details-shane-is-looking-for-.md
[2026-03-03 05:03:01] PENDING HUMAN REVIEW: EMAIL_20260303_014727_verified-willia-is-looking-for-a-graphic.md
[2026-03-03 05:03:04] PENDING HUMAN REVIEW: EMAIL_20260303_031154_verified-sandra-is-looking-for-a-web-des.md
[2026-03-03 05:03:07] PENDING HUMAN REVIEW: EMAIL_20260303_031200_additional-details-michael-is-looking-fo.md
[2026-03-03 05:03:08] PENDING HUMAN REVIEW: EMAIL_20260303_031205_rich-is-looking-for-a-web-designer-in-au.md
[2026-03-03 05:03:10] PENDING HUMAN REVIEW: EMAIL_20260303_031227_paul-is-looking-for-a-web-designer.md
[2026-03-03 05:03:11] PENDING HUMAN REVIEW: EMAIL_20260303_031237_verified-jesse-is-looking-for-a-web-desi.md
[2026-03-03 05:03:14] PENDING HUMAN REVIEW: EMAIL_20260303_031241_amnafarazai_employee_hackathon-google-cl.md
[2026-03-03 05:03:15] PENDING HUMAN REVIEW: EMAIL_20260303_031446_verified-duke-is-looking-for-a-web-desig.md
[2026-03-03 05:03:16] PENDING HUMAN REVIEW: EMAIL_20260303_031922_additional-details-jonathan-is-looking-f.md
[2026-03-03 05:03:17] PENDING HUMAN REVIEW: EMAIL_20260303_032129_sophia-is-looking-for-a-web-designer.md
[2026-03-03 05:03:17] PENDING HUMAN REVIEW: EMAIL_20260303_032736_roosevelt-is-looking-for-a-web-designer.md
[2026-03-03 05:03:18] PENDING HUMAN REVIEW: EMAIL_20260303_034146_additional-details-chris-is-looking-for-.md
[2026-03-03 05:03:18] PENDING HUMAN REVIEW: EMAIL_20260303_035558_additional-details-billie-is-looking-for.md
[2026-03-03 05:03:19] PENDING HUMAN REVIEW: EMAIL_20260303_043230_verified-esther-is-looking-for-a-web-des.md
[2026-03-03 05:03:20] PENDING HUMAN REVIEW: EMAIL_20260303_043440_salvador-is-looking-for-a-web-designer.md
[2026-03-03 05:03:26] PENDING HUMAN REVIEW: EMAIL_20260303_045113_cooper-is-looking-for-a-web-designer.md
[2026-03-03 05:03:43] PENDING HUMAN REVIEW: EMAIL_20260303_045124_verified-tyler-is-looking-for-a-web-desi.md
[2026-03-03 05:08:47] PENDING HUMAN REVIEW: budget_task.md
[2026-03-03 05:08:47] PENDING HUMAN REVIEW: EMAIL_20260303_014009_kimberly-urgently-needs-a-graphic-design.md
[2026-03-03 05:08:47] PENDING HUMAN REVIEW: EMAIL_20260303_014016_andreas-urgently-needs-a-web-designer.md
[2026-03-03 05:08:47] PENDING HUMAN REVIEW: EMAIL_20260303_014022_verified-zoraya-is-looking-for-a-web-des.md
[2026-03-03 05:08:47] PENDING HUMAN REVIEW: EMAIL_20260303_014028_jac-urgently-needs-a-web-designer.md
[2026-03-03 05:08:47] PENDING HUMAN REVIEW: EMAIL_20260303_014033_pr-specialist-at-pharma-and-15-more-soci.md
[2026-03-03 05:08:47] PENDING HUMAN REVIEW: EMAIL_20260303_014039_alvin-urgently-needs-a-web-designer.md
[2026-03-03 05:08:48] PENDING HUMAN REVIEW: EMAIL_20260303_014045_verified-george-is-looking-for-a-web-des.md
[2026-03-03 05:08:48] PENDING HUMAN REVIEW: EMAIL_20260303_014052_rosa-is-looking-for-a-web-designer.md
[2026-03-03 05:08:48] PENDING HUMAN REVIEW: EMAIL_20260303_014058_amnafarazai_employee_hackathon-google-oa.md
[2026-03-03 05:08:48] PENDING HUMAN REVIEW: EMAIL_20260303_014104_verified-ashley-is-looking-for-a-web-des.md
[2026-03-03 05:08:48] PENDING HUMAN REVIEW: EMAIL_20260303_014310_nancy-is-looking-for-a-graphic-designer.md
[2026-03-03 05:08:48] PENDING HUMAN REVIEW: EMAIL_20260303_014318_additional-details-shane-is-looking-for-.md
[2026-03-03 05:08:48] PENDING HUMAN REVIEW: EMAIL_20260303_014727_verified-willia-is-looking-for-a-graphic.md
[2026-03-03 05:08:48] PENDING HUMAN REVIEW: EMAIL_20260303_031154_verified-sandra-is-looking-for-a-web-des.md
[2026-03-03 05:08:48] PENDING HUMAN REVIEW: EMAIL_20260303_031200_additional-details-michael-is-looking-fo.md
[2026-03-03 05:08:48] PENDING HUMAN REVIEW: EMAIL_20260303_031205_rich-is-looking-for-a-web-designer-in-au.md
[2026-03-03 05:08:48] PENDING HUMAN REVIEW: EMAIL_20260303_031227_paul-is-looking-for-a-web-designer.md
[2026-03-03 05:08:48] PENDING HUMAN REVIEW: EMAIL_20260303_031237_verified-jesse-is-looking-for-a-web-desi.md
[2026-03-03 05:08:48] PENDING HUMAN REVIEW: EMAIL_20260303_031241_amnafarazai_employee_hackathon-google-cl.md
[2026-03-03 05:08:48] PENDING HUMAN REVIEW: EMAIL_20260303_031446_verified-duke-is-looking-for-a-web-desig.md
[2026-03-03 05:08:49] PENDING HUMAN REVIEW: EMAIL_20260303_031922_additional-details-jonathan-is-looking-f.md
[2026-03-03 05:08:49] PENDING HUMAN REVIEW: EMAIL_20260303_032129_sophia-is-looking-for-a-web-designer.md
[2026-03-03 05:08:49] PENDING HUMAN REVIEW: EMAIL_20260303_032736_roosevelt-is-looking-for-a-web-designer.md
[2026-03-03 05:08:49] PENDING HUMAN REVIEW: EMAIL_20260303_034146_additional-details-chris-is-looking-for-.md
[2026-03-03 05:08:49] PENDING HUMAN REVIEW: EMAIL_20260303_035558_additional-details-billie-is-looking-for.md
[2026-03-03 05:08:49] PENDING HUMAN REVIEW: EMAIL_20260303_043230_verified-esther-is-looking-for-a-web-des.md
[2026-03-03 05:08:49] PENDING HUMAN REVIEW: EMAIL_20260303_043440_salvador-is-looking-for-a-web-designer.md
[2026-03-03 05:08:49] PENDING HUMAN REVIEW: EMAIL_20260303_045113_cooper-is-looking-for-a-web-designer.md
[2026-03-03 05:08:49] PENDING HUMAN REVIEW: EMAIL_20260303_045124_verified-tyler-is-looking-for-a-web-desi.md
[2026-03-03 05:08:49] PENDING HUMAN REVIEW: EMAIL_20260303_050344_additional-details-car-is-looking-for-a-.md
[2026-03-03 05:08:49] PENDING HUMAN REVIEW: EMAIL_20260303_050839_shawanna-is-looking-for-a-web-designer.md
[2026-03-03 05:13:51] PENDING HUMAN REVIEW: budget_task.md
[2026-03-03 05:13:51] PENDING HUMAN REVIEW: EMAIL_20260303_014009_kimberly-urgently-needs-a-graphic-design.md[2026-03-03 05:13:51] PENDING HUMAN REVIEW: EMAIL_20260303_014016_andreas-urgently-needs-a-web-designer.md
[2026-03-03 05:13:52] PENDING HUMAN REVIEW: EMAIL_20260303_014022_verified-zoraya-is-looking-for-a-web-des.md
[2026-03-03 05:13:52] PENDING HUMAN REVIEW: EMAIL_20260303_014028_jac-urgently-needs-a-web-designer.md
[2026-03-03 05:13:52] PENDING HUMAN REVIEW: EMAIL_20260303_014033_pr-specialist-at-pharma-and-15-more-soci.md
[2026-03-03 05:13:52] PENDING HUMAN REVIEW: EMAIL_20260303_014039_alvin-urgently-needs-a-web-designer.md
[2026-03-03 05:13:52] PENDING HUMAN REVIEW: EMAIL_20260303_014045_verified-george-is-looking-for-a-web-des.md
[2026-03-03 05:13:52] PENDING HUMAN REVIEW: EMAIL_20260303_014052_rosa-is-looking-for-a-web-designer.md
[2026-03-03 05:13:52] PENDING HUMAN REVIEW: EMAIL_20260303_014058_amnafarazai_employee_hackathon-google-oa.md
[2026-03-03 05:13:52] PENDING HUMAN REVIEW: EMAIL_20260303_014104_verified-ashley-is-looking-for-a-web-des.md
[2026-03-03 05:13:52] PENDING HUMAN REVIEW: EMAIL_20260303_014310_nancy-is-looking-for-a-graphic-designer.md
[2026-03-03 05:13:52] PENDING HUMAN REVIEW: EMAIL_20260303_014318_additional-details-shane-is-looking-for-.md
[2026-03-03 05:13:52] PENDING HUMAN REVIEW: EMAIL_20260303_014727_verified-willia-is-looking-for-a-graphic.md
[2026-03-03 05:13:52] PENDING HUMAN REVIEW: EMAIL_20260303_031154_verified-sandra-is-looking-for-a-web-des.md
[2026-03-03 05:13:52] PENDING HUMAN REVIEW: EMAIL_20260303_031200_additional-details-michael-is-looking-fo.md
[2026-03-03 05:13:53] PENDING HUMAN REVIEW: EMAIL_20260303_031205_rich-is-looking-for-a-web-designer-in-au.md
[2026-03-03 05:13:53] PENDING HUMAN REVIEW: EMAIL_20260303_031227_paul-is-looking-for-a-web-designer.md
[2026-03-03 05:13:53] PENDING HUMAN REVIEW: EMAIL_20260303_031237_verified-jesse-is-looking-for-a-web-desi.md
[2026-03-03 05:13:53] PENDING HUMAN REVIEW: EMAIL_20260303_031241_amnafarazai_employee_hackathon-google-cl.md
[2026-03-03 05:13:53] PENDING HUMAN REVIEW: EMAIL_20260303_031446_verified-duke-is-looking-for-a-web-desig.md
[2026-03-03 05:13:53] PENDING HUMAN REVIEW: EMAIL_20260303_031922_additional-details-jonathan-is-looking-f.md
[2026-03-03 05:13:53] PENDING HUMAN REVIEW: EMAIL_20260303_032129_sophia-is-looking-for-a-web-designer.md
[2026-03-03 05:13:53] PENDING HUMAN REVIEW: EMAIL_20260303_032736_roosevelt-is-looking-for-a-web-designer.md
[2026-03-03 05:13:53] PENDING HUMAN REVIEW: EMAIL_20260303_034146_additional-details-chris-is-looking-for-.md
[2026-03-03 05:13:53] PENDING HUMAN REVIEW: EMAIL_20260303_035558_additional-details-billie-is-looking-for.md
[2026-03-03 05:13:53] PENDING HUMAN REVIEW: EMAIL_20260303_043230_verified-esther-is-looking-for-a-web-des.md
[2026-03-03 05:13:54] PENDING HUMAN REVIEW: EMAIL_20260303_043440_salvador-is-looking-for-a-web-designer.md
[2026-03-03 05:13:54] PENDING HUMAN REVIEW: EMAIL_20260303_045113_cooper-is-looking-for-a-web-designer.md
[2026-03-03 05:13:54] PENDING HUMAN REVIEW: EMAIL_20260303_045124_verified-tyler-is-looking-for-a-web-desi.md
[2026-03-03 05:13:54] PENDING HUMAN REVIEW: EMAIL_20260303_050344_additional-details-car-is-looking-for-a-.md
[2026-03-03 05:13:54] PENDING HUMAN REVIEW: EMAIL_20260303_050839_shawanna-is-looking-for-a-web-designer.md
[2026-03-03 05:18:54] PENDING HUMAN REVIEW: budget_task.md
[2026-03-03 05:18:54] PENDING HUMAN REVIEW: EMAIL_20260303_014009_kimberly-urgently-needs-a-graphic-design.md
[2026-03-03 05:18:54] PENDING HUMAN REVIEW: EMAIL_20260303_014016_andreas-urgently-needs-a-web-designer.md
[2026-03-03 05:18:54] PENDING HUMAN REVIEW: EMAIL_20260303_014022_verified-zoraya-is-looking-for-a-web-des.md
[2026-03-03 05:18:55] PENDING HUMAN REVIEW: EMAIL_20260303_014028_jac-urgently-needs-a-web-designer.md
[2026-03-03 05:18:55] PENDING HUMAN REVIEW: EMAIL_20260303_014033_pr-specialist-at-pharma-and-15-more-soci.md
[2026-03-03 05:18:55] PENDING HUMAN REVIEW: EMAIL_20260303_014039_alvin-urgently-needs-a-web-designer.md
[2026-03-03 05:18:55] PENDING HUMAN REVIEW: EMAIL_20260303_014045_verified-george-is-looking-for-a-web-des.md
[2026-03-03 05:18:55] PENDING HUMAN REVIEW: EMAIL_20260303_014052_rosa-is-looking-for-a-web-designer.md
[2026-03-03 05:18:55] PENDING HUMAN REVIEW: EMAIL_20260303_014058_amnafarazai_employee_hackathon-google-oa.md
[2026-03-03 05:18:55] PENDING HUMAN REVIEW: EMAIL_20260303_014104_verified-ashley-is-looking-for-a-web-des.md
[2026-03-03 05:18:55] PENDING HUMAN REVIEW: EMAIL_20260303_014310_nancy-is-looking-for-a-graphic-designer.md
[2026-03-03 05:18:55] PENDING HUMAN REVIEW: EMAIL_20260303_014318_additional-details-shane-is-looking-for-.md
[2026-03-03 05:18:55] PENDING HUMAN REVIEW: EMAIL_20260303_014727_verified-willia-is-looking-for-a-graphic.md
[2026-03-03 05:18:55] PENDING HUMAN REVIEW: EMAIL_20260303_031154_verified-sandra-is-looking-for-a-web-des.md
[2026-03-03 05:18:55] PENDING HUMAN REVIEW: EMAIL_20260303_031200_additional-details-michael-is-looking-fo.md
[2026-03-03 05:18:55] PENDING HUMAN REVIEW: EMAIL_20260303_031205_rich-is-looking-for-a-web-designer-in-au.md
[2026-03-03 05:18:55] PENDING HUMAN REVIEW: EMAIL_20260303_031227_paul-is-looking-for-a-web-designer.md
[2026-03-03 05:18:55] PENDING HUMAN REVIEW: EMAIL_20260303_031237_verified-jesse-is-looking-for-a-web-desi.md
[2026-03-03 05:18:55] PENDING HUMAN REVIEW: EMAIL_20260303_031241_amnafarazai_employee_hackathon-google-cl.md
[2026-03-03 05:18:55] PENDING HUMAN REVIEW: EMAIL_20260303_031446_verified-duke-is-looking-for-a-web-desig.md
[2026-03-03 05:18:55] PENDING HUMAN REVIEW: EMAIL_20260303_031922_additional-details-jonathan-is-looking-f.md
[2026-03-03 05:18:56] PENDING HUMAN REVIEW: EMAIL_20260303_032129_sophia-is-looking-for-a-web-designer.md
[2026-03-03 05:18:56] PENDING HUMAN REVIEW: EMAIL_20260303_032736_roosevelt-is-looking-for-a-web-designer.md
[2026-03-03 05:18:56] PENDING HUMAN REVIEW: EMAIL_20260303_034146_additional-details-chris-is-looking-for-.md
[2026-03-03 05:18:56] PENDING HUMAN REVIEW: EMAIL_20260303_035558_additional-details-billie-is-looking-for.md
[2026-03-03 05:18:56] PENDING HUMAN REVIEW: EMAIL_20260303_043230_verified-esther-is-looking-for-a-web-des.md
[2026-03-03 05:18:56] PENDING HUMAN REVIEW: EMAIL_20260303_043440_salvador-is-looking-for-a-web-designer.md
[2026-03-03 05:18:56] PENDING HUMAN REVIEW: EMAIL_20260303_045113_cooper-is-looking-for-a-web-designer.md
[2026-03-03 05:18:56] PENDING HUMAN REVIEW: EMAIL_20260303_045124_verified-tyler-is-looking-for-a-web-desi.md
[2026-03-03 05:18:56] PENDING HUMAN REVIEW: EMAIL_20260303_050344_additional-details-car-is-looking-for-a-.md
[2026-03-03 05:18:56] PENDING HUMAN REVIEW: EMAIL_20260303_050839_shawanna-is-looking-for-a-web-designer.md
[2026-03-03 05:24:01] PENDING HUMAN REVIEW: budget_task.md
[2026-03-03 05:24:01] PENDING HUMAN REVIEW: EMAIL_20260303_014009_kimberly-urgently-needs-a-graphic-design.md
[2026-03-03 05:24:01] PENDING HUMAN REVIEW: EMAIL_20260303_014016_andreas-urgently-needs-a-web-designer.md
[2026-03-03 05:24:01] PENDING HUMAN REVIEW: EMAIL_20260303_014022_verified-zoraya-is-looking-for-a-web-des.md
[2026-03-03 05:24:02] PENDING HUMAN REVIEW: EMAIL_20260303_014028_jac-urgently-needs-a-web-designer.md
[2026-03-03 05:24:02] PENDING HUMAN REVIEW: EMAIL_20260303_014033_pr-specialist-at-pharma-and-15-more-soci.md
[2026-03-03 05:24:02] PENDING HUMAN REVIEW: EMAIL_20260303_014039_alvin-urgently-needs-a-web-designer.md
[2026-03-03 05:24:02] PENDING HUMAN REVIEW: EMAIL_20260303_014045_verified-george-is-looking-for-a-web-des.md
[2026-03-03 05:24:02] PENDING HUMAN REVIEW: EMAIL_20260303_014052_rosa-is-looking-for-a-web-designer.md
[2026-03-03 05:24:02] PENDING HUMAN REVIEW: EMAIL_20260303_014058_amnafarazai_employee_hackathon-google-oa.md
[2026-03-03 05:24:03] PENDING HUMAN REVIEW: EMAIL_20260303_014104_verified-ashley-is-looking-for-a-web-des.md
[2026-03-03 05:24:03] PENDING HUMAN REVIEW: EMAIL_20260303_014310_nancy-is-looking-for-a-graphic-designer.md
[2026-03-03 05:24:03] PENDING HUMAN REVIEW: EMAIL_20260303_014318_additional-details-shane-is-looking-for-.md
[2026-03-03 05:24:04] PENDING HUMAN REVIEW: EMAIL_20260303_014727_verified-willia-is-looking-for-a-graphic.md
[2026-03-03 05:24:04] PENDING HUMAN REVIEW: EMAIL_20260303_031154_verified-sandra-is-looking-for-a-web-des.md

[2026-03-03 05:13:51] PENDING HUMAN REVIEW: EMAIL_20260303_014016_andreas-urgently-needs-a-web-designer.md
[2026-03-03 05:13:52] PENDING HUMAN REVIEW: EMAIL_20260303_014022_verified-zoraya-is-looking-for-a-web-des.md
[2026-03-03 05:13:52] PENDING HUMAN REVIEW: EMAIL_20260303_014028_jac-urgently-needs-a-web-designer.md
[2026-03-03 05:13:52] PENDING HUMAN REVIEW: EMAIL_20260303_014033_pr-specialist-at-pharma-and-15-more-soci.md
[2026-03-03 05:13:52] PENDING HUMAN REVIEW: EMAIL_20260303_014039_alvin-urgently-needs-a-web-designer.md
[2026-03-03 05:13:52] PENDING HUMAN REVIEW: EMAIL_20260303_014045_verified-george-is-looking-for-a-web-des.md
[2026-03-03 05:13:52] PENDING HUMAN REVIEW: EMAIL_20260303_014052_rosa-is-looking-for-a-web-designer.md
[2026-03-03 05:13:52] PENDING HUMAN REVIEW: EMAIL_20260303_014058_amnafarazai_employee_hackathon-google-oa.md
[2026-03-03 05:13:52] PENDING HUMAN REVIEW: EMAIL_20260303_014104_verified-ashley-is-looking-for-a-web-des.md
[2026-03-03 05:13:52] PENDING HUMAN REVIEW: EMAIL_20260303_014310_nancy-is-looking-for-a-graphic-designer.md
[2026-03-03 05:13:52] PENDING HUMAN REVIEW: EMAIL_20260303_014318_additional-details-shane-is-looking-for-.md
[2026-03-03 05:13:52] PENDING HUMAN REVIEW: EMAIL_20260303_014727_verified-willia-is-looking-for-a-graphic.md
[2026-03-03 05:13:52] PENDING HUMAN REVIEW: EMAIL_20260303_031154_verified-sandra-is-looking-for-a-web-des.md
[2026-03-03 05:13:52] PENDING HUMAN REVIEW: EMAIL_20260303_031200_additional-details-michael-is-looking-fo.md
[2026-03-03 05:13:53] PENDING HUMAN REVIEW: EMAIL_20260303_031205_rich-is-looking-for-a-web-designer-in-au.md
[2026-03-03 05:13:53] PENDING HUMAN REVIEW: EMAIL_20260303_031227_paul-is-looking-for-a-web-designer.md
[2026-03-03 05:13:53] PENDING HUMAN REVIEW: EMAIL_20260303_031237_verified-jesse-is-looking-for-a-web-desi.md
[2026-03-03 05:13:53] PENDING HUMAN REVIEW: EMAIL_20260303_031241_amnafarazai_employee_hackathon-google-cl.md
[2026-03-03 05:13:53] PENDING HUMAN REVIEW: EMAIL_20260303_031446_verified-duke-is-looking-for-a-web-desig.md
[2026-03-03 05:13:53] PENDING HUMAN REVIEW: EMAIL_20260303_031922_additional-details-jonathan-is-looking-f.md
[2026-03-03 05:13:53] PENDING HUMAN REVIEW: EMAIL_20260303_032129_sophia-is-looking-for-a-web-designer.md
[2026-03-03 05:13:53] PENDING HUMAN REVIEW: EMAIL_20260303_032736_roosevelt-is-looking-for-a-web-designer.md
[2026-03-03 05:13:53] PENDING HUMAN REVIEW: EMAIL_20260303_034146_additional-details-chris-is-looking-for-.md
[2026-03-03 05:13:53] PENDING HUMAN REVIEW: EMAIL_20260303_035558_additional-details-billie-is-looking-for.md
[2026-03-03 05:13:53] PENDING HUMAN REVIEW: EMAIL_20260303_043230_verified-esther-is-looking-for-a-web-des.md
[2026-03-03 05:13:54] PENDING HUMAN REVIEW: EMAIL_20260303_043440_salvador-is-looking-for-a-web-designer.md
[2026-03-03 05:13:54] PENDING HUMAN REVIEW: EMAIL_20260303_045113_cooper-is-looking-for-a-web-designer.md
[2026-03-03 05:13:54] PENDING HUMAN REVIEW: EMAIL_20260303_045124_verified-tyler-is-looking-for-a-web-desi.md
[2026-03-03 05:13:54] PENDING HUMAN REVIEW: EMAIL_20260303_050344_additional-details-car-is-looking-for-a-.md
[2026-03-03 05:13:54] PENDING HUMAN REVIEW: EMAIL_20260303_050839_shawanna-is-looking-for-a-web-designer.md
[2026-03-03 05:18:54] PENDING HUMAN REVIEW: budget_task.md
[2026-03-03 05:18:54] PENDING HUMAN REVIEW: EMAIL_20260303_014009_kimberly-urgently-needs-a-graphic-design.md
[2026-03-03 05:18:54] PENDING HUMAN REVIEW: EMAIL_20260303_014016_andreas-urgently-needs-a-web-designer.md
[2026-03-03 05:18:54] PENDING HUMAN REVIEW: EMAIL_20260303_014022_verified-zoraya-is-looking-for-a-web-des.md
[2026-03-03 05:18:55] PENDING HUMAN REVIEW: EMAIL_20260303_014028_jac-urgently-needs-a-web-designer.md
[2026-03-03 05:18:55] PENDING HUMAN REVIEW: EMAIL_20260303_014033_pr-specialist-at-pharma-and-15-more-soci.md
[2026-03-03 05:18:55] PENDING HUMAN REVIEW: EMAIL_20260303_014039_alvin-urgently-needs-a-web-designer.md
[2026-03-03 05:18:55] PENDING HUMAN REVIEW: EMAIL_20260303_014045_verified-george-is-looking-for-a-web-des.md
[2026-03-03 05:18:55] PENDING HUMAN REVIEW: EMAIL_20260303_014052_rosa-is-looking-for-a-web-designer.md
[2026-03-03 05:18:55] PENDING HUMAN REVIEW: EMAIL_20260303_014058_amnafarazai_employee_hackathon-google-oa.md
[2026-03-03 05:18:55] PENDING HUMAN REVIEW: EMAIL_20260303_014104_verified-ashley-is-looking-for-a-web-des.md
[2026-03-03 05:18:55] PENDING HUMAN REVIEW: EMAIL_20260303_014310_nancy-is-looking-for-a-graphic-designer.md
[2026-03-03 05:18:55] PENDING HUMAN REVIEW: EMAIL_20260303_014318_additional-details-shane-is-looking-for-.md
[2026-03-03 05:18:55] PENDING HUMAN REVIEW: EMAIL_20260303_014727_verified-willia-is-looking-for-a-graphic.md
[2026-03-03 05:18:55] PENDING HUMAN REVIEW: EMAIL_20260303_031154_verified-sandra-is-looking-for-a-web-des.md
[2026-03-03 05:18:55] PENDING HUMAN REVIEW: EMAIL_20260303_031200_additional-details-michael-is-looking-fo.md
[2026-03-03 05:18:55] PENDING HUMAN REVIEW: EMAIL_20260303_031205_rich-is-looking-for-a-web-designer-in-au.md
[2026-03-03 05:18:55] PENDING HUMAN REVIEW: EMAIL_20260303_031227_paul-is-looking-for-a-web-designer.md
[2026-03-03 05:18:55] PENDING HUMAN REVIEW: EMAIL_20260303_031237_verified-jesse-is-looking-for-a-web-desi.md
[2026-03-03 05:18:55] PENDING HUMAN REVIEW: EMAIL_20260303_031241_amnafarazai_employee_hackathon-google-cl.md
[2026-03-03 05:18:55] PENDING HUMAN REVIEW: EMAIL_20260303_031446_verified-duke-is-looking-for-a-web-desig.md
[2026-03-03 05:18:55] PENDING HUMAN REVIEW: EMAIL_20260303_031922_additional-details-jonathan-is-looking-f.md
[2026-03-03 05:18:56] PENDING HUMAN REVIEW: EMAIL_20260303_032129_sophia-is-looking-for-a-web-designer.md
[2026-03-03 05:18:56] PENDING HUMAN REVIEW: EMAIL_20260303_032736_roosevelt-is-looking-for-a-web-designer.md
[2026-03-03 05:18:56] PENDING HUMAN REVIEW: EMAIL_20260303_034146_additional-details-chris-is-looking-for-.md
[2026-03-03 05:18:56] PENDING HUMAN REVIEW: EMAIL_20260303_035558_additional-details-billie-is-looking-for.md
[2026-03-03 05:18:56] PENDING HUMAN REVIEW: EMAIL_20260303_043230_verified-esther-is-looking-for-a-web-des.md
[2026-03-03 05:18:56] PENDING HUMAN REVIEW: EMAIL_20260303_043440_salvador-is-looking-for-a-web-designer.md
[2026-03-03 05:18:56] PENDING HUMAN REVIEW: EMAIL_20260303_045113_cooper-is-looking-for-a-web-designer.md
[2026-03-03 05:18:56] PENDING HUMAN REVIEW: EMAIL_20260303_045124_verified-tyler-is-looking-for-a-web-desi.md
[2026-03-03 05:18:56] PENDING HUMAN REVIEW: EMAIL_20260303_050344_additional-details-car-is-looking-for-a-.md
[2026-03-03 05:18:56] PENDING HUMAN REVIEW: EMAIL_20260303_050839_shawanna-is-looking-for-a-web-designer.md
[2026-03-03 05:24:01] PENDING HUMAN REVIEW: budget_task.md
[2026-03-03 05:24:01] PENDING HUMAN REVIEW: EMAIL_20260303_014009_kimberly-urgently-needs-a-graphic-design.md
[2026-03-03 05:24:01] PENDING HUMAN REVIEW: EMAIL_20260303_014016_andreas-urgently-needs-a-web-designer.md
[2026-03-03 05:24:01] PENDING HUMAN REVIEW: EMAIL_20260303_014022_verified-zoraya-is-looking-for-a-web-des.md
[2026-03-03 05:24:02] PENDING HUMAN REVIEW: EMAIL_20260303_014028_jac-urgently-needs-a-web-designer.md
[2026-03-03 05:24:02] PENDING HUMAN REVIEW: EMAIL_20260303_014033_pr-specialist-at-pharma-and-15-more-soci.md
[2026-03-03 05:24:02] PENDING HUMAN REVIEW: EMAIL_20260303_014039_alvin-urgently-needs-a-web-designer.md
[2026-03-03 05:24:02] PENDING HUMAN REVIEW: EMAIL_20260303_014045_verified-george-is-looking-for-a-web-des.md
[2026-03-03 05:24:02] PENDING HUMAN REVIEW: EMAIL_20260303_014052_rosa-is-looking-for-a-web-designer.md
[2026-03-03 05:24:02] PENDING HUMAN REVIEW: EMAIL_20260303_014058_amnafarazai_employee_hackathon-google-oa.md
[2026-03-03 05:24:03] PENDING HUMAN REVIEW: EMAIL_20260303_014104_verified-ashley-is-looking-for-a-web-des.md
[2026-03-03 05:24:03] PENDING HUMAN REVIEW: EMAIL_20260303_014310_nancy-is-looking-for-a-graphic-designer.md
[2026-03-03 05:24:03] PENDING HUMAN REVIEW: EMAIL_20260303_014318_additional-details-shane-is-looking-for-.md
[2026-03-03 05:24:04] PENDING HUMAN REVIEW: EMAIL_20260303_014727_verified-willia-is-looking-for-a-graphic.md
[2026-03-03 05:24:04] PENDING HUMAN REVIEW: EMAIL_20260303_031154_verified-sandra-is-looking-for-a-web-des.md[2026-03-03 05:24:04] PENDING HUMAN REVIEW: EMAIL_20260303_031200_additional-details-michael-is-looking-fo.md
[2026-03-03 05:24:04] PENDING HUMAN REVIEW: EMAIL_20260303_031205_rich-is-looking-for-a-web-designer-in-au.md
[2026-03-03 05:24:04] PENDING HUMAN REVIEW: EMAIL_20260303_031227_paul-is-looking-for-a-web-designer.md
[2026-03-03 05:24:04] PENDING HUMAN REVIEW: EMAIL_20260303_031237_verified-jesse-is-looking-for-a-web-desi.md
[2026-03-03 05:24:04] PENDING HUMAN REVIEW: EMAIL_20260303_031241_amnafarazai_employee_hackathon-google-cl.md
[2026-03-03 05:24:04] PENDING HUMAN REVIEW: EMAIL_20260303_031446_verified-duke-is-looking-for-a-web-desig.md
[2026-03-03 05:24:05] PENDING HUMAN REVIEW: EMAIL_20260303_031922_additional-details-jonathan-is-looking-f.md
[2026-03-03 05:24:05] PENDING HUMAN REVIEW: EMAIL_20260303_032129_sophia-is-looking-for-a-web-designer.md
[2026-03-03 05:24:05] PENDING HUMAN REVIEW: EMAIL_20260303_032736_roosevelt-is-looking-for-a-web-designer.md
[2026-03-03 05:24:05] PENDING HUMAN REVIEW: EMAIL_20260303_034146_additional-details-chris-is-looking-for-.md
[2026-03-03 05:24:05] PENDING HUMAN REVIEW: EMAIL_20260303_035558_additional-details-billie-is-looking-for.md
[2026-03-03 05:24:05] PENDING HUMAN REVIEW: EMAIL_20260303_043230_verified-esther-is-looking-for-a-web-des.md
[2026-03-03 05:24:05] PENDING HUMAN REVIEW: EMAIL_20260303_043440_salvador-is-looking-for-a-web-designer.md
[2026-03-03 05:24:05] PENDING HUMAN REVIEW: EMAIL_20260303_045113_cooper-is-looking-for-a-web-designer.md
[2026-03-03 05:24:05] PENDING HUMAN REVIEW: EMAIL_20260303_045124_verified-tyler-is-looking-for-a-web-desi.md
[2026-03-03 05:24:06] PENDING HUMAN REVIEW: EMAIL_20260303_050344_additional-details-car-is-looking-for-a-.md
[2026-03-03 05:24:06] PENDING HUMAN REVIEW: EMAIL_20260303_050839_shawanna-is-looking-for-a-web-designer.md
[2026-03-03 05:24:06] PENDING HUMAN REVIEW: EMAIL_20260303_052109_additional-details-albert-is-looking-for.md
[2026-03-03 05:29:11] PENDING HUMAN REVIEW: budget_task.md
[2026-03-03 05:29:11] PENDING HUMAN REVIEW: EMAIL_20260303_014009_kimberly-urgently-needs-a-graphic-design.md
[2026-03-03 05:29:11] PENDING HUMAN REVIEW: EMAIL_20260303_014016_andreas-urgently-needs-a-web-designer.md
[2026-03-03 05:29:11] PENDING HUMAN REVIEW: EMAIL_20260303_014022_verified-zoraya-is-looking-for-a-web-des.md
[2026-03-03 05:29:11] PENDING HUMAN REVIEW: EMAIL_20260303_014028_jac-urgently-needs-a-web-designer.md
[2026-03-03 05:29:11] PENDING HUMAN REVIEW: EMAIL_20260303_014033_pr-specialist-at-pharma-and-15-more-soci.md
[2026-03-03 05:29:11] PENDING HUMAN REVIEW: EMAIL_20260303_014039_alvin-urgently-needs-a-web-designer.md
[2026-03-03 05:29:11] PENDING HUMAN REVIEW: EMAIL_20260303_014045_verified-george-is-looking-for-a-web-des.md
[2026-03-03 05:29:11] PENDING HUMAN REVIEW: EMAIL_20260303_014052_rosa-is-looking-for-a-web-designer.md
[2026-03-03 05:29:11] PENDING HUMAN REVIEW: EMAIL_20260303_014058_amnafarazai_employee_hackathon-google-oa.md
[2026-03-03 05:29:11] PENDING HUMAN REVIEW: EMAIL_20260303_014104_verified-ashley-is-looking-for-a-web-des.md
[2026-03-03 05:29:11] PENDING HUMAN REVIEW: EMAIL_20260303_014310_nancy-is-looking-for-a-graphic-designer.md
[2026-03-03 05:29:11] PENDING HUMAN REVIEW: EMAIL_20260303_014318_additional-details-shane-is-looking-for-.md
[2026-03-03 05:29:12] PENDING HUMAN REVIEW: EMAIL_20260303_014727_verified-willia-is-looking-for-a-graphic.md
[2026-03-03 05:29:12] PENDING HUMAN REVIEW: EMAIL_20260303_031154_verified-sandra-is-looking-for-a-web-des.md
[2026-03-03 05:29:12] PENDING HUMAN REVIEW: EMAIL_20260303_031200_additional-details-michael-is-looking-fo.md
[2026-03-03 05:29:12] PENDING HUMAN REVIEW: EMAIL_20260303_031205_rich-is-looking-for-a-web-designer-in-au.md
[2026-03-03 05:29:12] PENDING HUMAN REVIEW: EMAIL_20260303_031227_paul-is-looking-for-a-web-designer.md
[2026-03-03 05:29:12] PENDING HUMAN REVIEW: EMAIL_20260303_031237_verified-jesse-is-looking-for-a-web-desi.md
[2026-03-03 05:29:12] PENDING HUMAN REVIEW: EMAIL_20260303_031241_amnafarazai_employee_hackathon-google-cl.md
[2026-03-03 05:29:12] PENDING HUMAN REVIEW: EMAIL_20260303_031446_verified-duke-is-looking-for-a-web-desig.md
[2026-03-03 05:29:12] PENDING HUMAN REVIEW: EMAIL_20260303_031922_additional-details-jonathan-is-looking-f.md
[2026-03-03 05:29:12] PENDING HUMAN REVIEW: EMAIL_20260303_032129_sophia-is-looking-for-a-web-designer.md
[2026-03-03 05:29:12] PENDING HUMAN REVIEW: EMAIL_20260303_032736_roosevelt-is-looking-for-a-web-designer.md
[2026-03-03 05:29:12] PENDING HUMAN REVIEW: EMAIL_20260303_034146_additional-details-chris-is-looking-for-.md
[2026-03-03 05:29:12] PENDING HUMAN REVIEW: EMAIL_20260303_035558_additional-details-billie-is-looking-for.md
[2026-03-03 05:29:12] PENDING HUMAN REVIEW: EMAIL_20260303_043230_verified-esther-is-looking-for-a-web-des.md
[2026-03-03 05:29:12] PENDING HUMAN REVIEW: EMAIL_20260303_043440_salvador-is-looking-for-a-web-designer.md
[2026-03-03 05:29:12] PENDING HUMAN REVIEW: EMAIL_20260303_045113_cooper-is-looking-for-a-web-designer.md
[2026-03-03 05:29:12] PENDING HUMAN REVIEW: EMAIL_20260303_045124_verified-tyler-is-looking-for-a-web-desi.md
[2026-03-03 05:29:12] PENDING HUMAN REVIEW: EMAIL_20260303_050344_additional-details-car-is-looking-for-a-.md
[2026-03-03 05:29:12] PENDING HUMAN REVIEW: EMAIL_20260303_050839_shawanna-is-looking-for-a-web-designer.md
[2026-03-03 05:29:12] PENDING HUMAN REVIEW: EMAIL_20260303_052109_additional-details-albert-is-looking-for.md
[2026-03-03 06:33:57] PENDING HUMAN REVIEW: budget_task.md
[2026-03-03 06:33:58] PENDING HUMAN REVIEW: EMAIL_20260303_014009_kimberly-urgently-needs-a-graphic-design.md
[2026-03-03 06:33:59] PENDING HUMAN REVIEW: EMAIL_20260303_014016_andreas-urgently-needs-a-web-designer.md
[2026-03-03 06:33:59] PENDING HUMAN REVIEW: EMAIL_20260303_014022_verified-zoraya-is-looking-for-a-web-des.md
[2026-03-03 06:34:01] PENDING HUMAN REVIEW: EMAIL_20260303_014028_jac-urgently-needs-a-web-designer.md
[2026-03-03 06:34:02] PENDING HUMAN REVIEW: EMAIL_20260303_014033_pr-specialist-at-pharma-and-15-more-soci.md
[2026-03-03 06:34:03] PENDING HUMAN REVIEW: EMAIL_20260303_014039_alvin-urgently-needs-a-web-designer.md
[2026-03-03 06:34:04] PENDING HUMAN REVIEW: EMAIL_20260303_014045_verified-george-is-looking-for-a-web-des.md
[2026-03-03 06:34:05] PENDING HUMAN REVIEW: EMAIL_20260303_014052_rosa-is-looking-for-a-web-designer.md
[2026-03-03 06:34:06] PENDING HUMAN REVIEW: EMAIL_20260303_014058_amnafarazai_employee_hackathon-google-oa.md
[2026-03-03 06:34:07] PENDING HUMAN REVIEW: EMAIL_20260303_014104_verified-ashley-is-looking-for-a-web-des.md
[2026-03-03 06:34:07] PENDING HUMAN REVIEW: EMAIL_20260303_014310_nancy-is-looking-for-a-graphic-designer.md
[2026-03-03 06:34:07] PENDING HUMAN REVIEW: EMAIL_20260303_014318_additional-details-shane-is-looking-for-.md
[2026-03-03 06:34:08] PENDING HUMAN REVIEW: EMAIL_20260303_014727_verified-willia-is-looking-for-a-graphic.md
[2026-03-03 06:34:08] PENDING HUMAN REVIEW: EMAIL_20260303_031154_verified-sandra-is-looking-for-a-web-des.md
[2026-03-03 06:34:08] PENDING HUMAN REVIEW: EMAIL_20260303_031200_additional-details-michael-is-looking-fo.md
[2026-03-03 06:34:08] PENDING HUMAN REVIEW: EMAIL_20260303_031205_rich-is-looking-for-a-web-designer-in-au.md
[2026-03-03 06:34:08] PENDING HUMAN REVIEW: EMAIL_20260303_031227_paul-is-looking-for-a-web-designer.md
[2026-03-03 06:34:08] PENDING HUMAN REVIEW: EMAIL_20260303_031237_verified-jesse-is-looking-for-a-web-desi.md
[2026-03-03 06:34:08] PENDING HUMAN REVIEW: EMAIL_20260303_031241_amnafarazai_employee_hackathon-google-cl.md
[2026-03-03 06:34:08] PENDING HUMAN REVIEW: EMAIL_20260303_031446_verified-duke-is-looking-for-a-web-desig.md
[2026-03-03 06:34:09] PENDING HUMAN REVIEW: EMAIL_20260303_031922_additional-details-jonathan-is-looking-f.md
[2026-03-03 06:34:09] PENDING HUMAN REVIEW: EMAIL_20260303_032129_sophia-is-looking-for-a-web-designer.md
[2026-03-03 06:34:09] PENDING HUMAN REVIEW: EMAIL_20260303_032736_roosevelt-is-looking-for-a-web-designer.md
[2026-03-03 06:34:09] PENDING HUMAN REVIEW: EMAIL_20260303_034146_additional-details-chris-is-looking-for-.md
[2026-03-03 06:34:09] PENDING HUMAN REVIEW: EMAIL_20260303_035558_additional-details-billie-is-looking-for.md

[2026-03-03 05:24:04] PENDING HUMAN REVIEW: EMAIL_20260303_031200_additional-details-michael-is-looking-fo.md
[2026-03-03 05:24:04] PENDING HUMAN REVIEW: EMAIL_20260303_031205_rich-is-looking-for-a-web-designer-in-au.md
[2026-03-03 05:24:04] PENDING HUMAN REVIEW: EMAIL_20260303_031227_paul-is-looking-for-a-web-designer.md
[2026-03-03 05:24:04] PENDING HUMAN REVIEW: EMAIL_20260303_031237_verified-jesse-is-looking-for-a-web-desi.md
[2026-03-03 05:24:04] PENDING HUMAN REVIEW: EMAIL_20260303_031241_amnafarazai_employee_hackathon-google-cl.md
[2026-03-03 05:24:04] PENDING HUMAN REVIEW: EMAIL_20260303_031446_verified-duke-is-looking-for-a-web-desig.md
[2026-03-03 05:24:05] PENDING HUMAN REVIEW: EMAIL_20260303_031922_additional-details-jonathan-is-looking-f.md
[2026-03-03 05:24:05] PENDING HUMAN REVIEW: EMAIL_20260303_032129_sophia-is-looking-for-a-web-designer.md
[2026-03-03 05:24:05] PENDING HUMAN REVIEW: EMAIL_20260303_032736_roosevelt-is-looking-for-a-web-designer.md
[2026-03-03 05:24:05] PENDING HUMAN REVIEW: EMAIL_20260303_034146_additional-details-chris-is-looking-for-.md
[2026-03-03 05:24:05] PENDING HUMAN REVIEW: EMAIL_20260303_035558_additional-details-billie-is-looking-for.md
[2026-03-03 05:24:05] PENDING HUMAN REVIEW: EMAIL_20260303_043230_verified-esther-is-looking-for-a-web-des.md
[2026-03-03 05:24:05] PENDING HUMAN REVIEW: EMAIL_20260303_043440_salvador-is-looking-for-a-web-designer.md
[2026-03-03 05:24:05] PENDING HUMAN REVIEW: EMAIL_20260303_045113_cooper-is-looking-for-a-web-designer.md
[2026-03-03 05:24:05] PENDING HUMAN REVIEW: EMAIL_20260303_045124_verified-tyler-is-looking-for-a-web-desi.md
[2026-03-03 05:24:06] PENDING HUMAN REVIEW: EMAIL_20260303_050344_additional-details-car-is-looking-for-a-.md
[2026-03-03 05:24:06] PENDING HUMAN REVIEW: EMAIL_20260303_050839_shawanna-is-looking-for-a-web-designer.md
[2026-03-03 05:24:06] PENDING HUMAN REVIEW: EMAIL_20260303_052109_additional-details-albert-is-looking-for.md
[2026-03-03 05:29:11] PENDING HUMAN REVIEW: budget_task.md
[2026-03-03 05:29:11] PENDING HUMAN REVIEW: EMAIL_20260303_014009_kimberly-urgently-needs-a-graphic-design.md
[2026-03-03 05:29:11] PENDING HUMAN REVIEW: EMAIL_20260303_014016_andreas-urgently-needs-a-web-designer.md
[2026-03-03 05:29:11] PENDING HUMAN REVIEW: EMAIL_20260303_014022_verified-zoraya-is-looking-for-a-web-des.md
[2026-03-03 05:29:11] PENDING HUMAN REVIEW: EMAIL_20260303_014028_jac-urgently-needs-a-web-designer.md
[2026-03-03 05:29:11] PENDING HUMAN REVIEW: EMAIL_20260303_014033_pr-specialist-at-pharma-and-15-more-soci.md
[2026-03-03 05:29:11] PENDING HUMAN REVIEW: EMAIL_20260303_014039_alvin-urgently-needs-a-web-designer.md
[2026-03-03 05:29:11] PENDING HUMAN REVIEW: EMAIL_20260303_014045_verified-george-is-looking-for-a-web-des.md
[2026-03-03 05:29:11] PENDING HUMAN REVIEW: EMAIL_20260303_014052_rosa-is-looking-for-a-web-designer.md
[2026-03-03 05:29:11] PENDING HUMAN REVIEW: EMAIL_20260303_014058_amnafarazai_employee_hackathon-google-oa.md
[2026-03-03 05:29:11] PENDING HUMAN REVIEW: EMAIL_20260303_014104_verified-ashley-is-looking-for-a-web-des.md
[2026-03-03 05:29:11] PENDING HUMAN REVIEW: EMAIL_20260303_014310_nancy-is-looking-for-a-graphic-designer.md
[2026-03-03 05:29:11] PENDING HUMAN REVIEW: EMAIL_20260303_014318_additional-details-shane-is-looking-for-.md
[2026-03-03 05:29:12] PENDING HUMAN REVIEW: EMAIL_20260303_014727_verified-willia-is-looking-for-a-graphic.md
[2026-03-03 05:29:12] PENDING HUMAN REVIEW: EMAIL_20260303_031154_verified-sandra-is-looking-for-a-web-des.md
[2026-03-03 05:29:12] PENDING HUMAN REVIEW: EMAIL_20260303_031200_additional-details-michael-is-looking-fo.md
[2026-03-03 05:29:12] PENDING HUMAN REVIEW: EMAIL_20260303_031205_rich-is-looking-for-a-web-designer-in-au.md
[2026-03-03 05:29:12] PENDING HUMAN REVIEW: EMAIL_20260303_031227_paul-is-looking-for-a-web-designer.md
[2026-03-03 05:29:12] PENDING HUMAN REVIEW: EMAIL_20260303_031237_verified-jesse-is-looking-for-a-web-desi.md
[2026-03-03 05:29:12] PENDING HUMAN REVIEW: EMAIL_20260303_031241_amnafarazai_employee_hackathon-google-cl.md
[2026-03-03 05:29:12] PENDING HUMAN REVIEW: EMAIL_20260303_031446_verified-duke-is-looking-for-a-web-desig.md
[2026-03-03 05:29:12] PENDING HUMAN REVIEW: EMAIL_20260303_031922_additional-details-jonathan-is-looking-f.md
[2026-03-03 05:29:12] PENDING HUMAN REVIEW: EMAIL_20260303_032129_sophia-is-looking-for-a-web-designer.md
[2026-03-03 05:29:12] PENDING HUMAN REVIEW: EMAIL_20260303_032736_roosevelt-is-looking-for-a-web-designer.md
[2026-03-03 05:29:12] PENDING HUMAN REVIEW: EMAIL_20260303_034146_additional-details-chris-is-looking-for-.md
[2026-03-03 05:29:12] PENDING HUMAN REVIEW: EMAIL_20260303_035558_additional-details-billie-is-looking-for.md
[2026-03-03 05:29:12] PENDING HUMAN REVIEW: EMAIL_20260303_043230_verified-esther-is-looking-for-a-web-des.md
[2026-03-03 05:29:12] PENDING HUMAN REVIEW: EMAIL_20260303_043440_salvador-is-looking-for-a-web-designer.md
[2026-03-03 05:29:12] PENDING HUMAN REVIEW: EMAIL_20260303_045113_cooper-is-looking-for-a-web-designer.md
[2026-03-03 05:29:12] PENDING HUMAN REVIEW: EMAIL_20260303_045124_verified-tyler-is-looking-for-a-web-desi.md
[2026-03-03 05:29:12] PENDING HUMAN REVIEW: EMAIL_20260303_050344_additional-details-car-is-looking-for-a-.md
[2026-03-03 05:29:12] PENDING HUMAN REVIEW: EMAIL_20260303_050839_shawanna-is-looking-for-a-web-designer.md
[2026-03-03 05:29:12] PENDING HUMAN REVIEW: EMAIL_20260303_052109_additional-details-albert-is-looking-for.md
[2026-03-03 06:33:57] PENDING HUMAN REVIEW: budget_task.md
[2026-03-03 06:33:58] PENDING HUMAN REVIEW: EMAIL_20260303_014009_kimberly-urgently-needs-a-graphic-design.md
[2026-03-03 06:33:59] PENDING HUMAN REVIEW: EMAIL_20260303_014016_andreas-urgently-needs-a-web-designer.md
[2026-03-03 06:33:59] PENDING HUMAN REVIEW: EMAIL_20260303_014022_verified-zoraya-is-looking-for-a-web-des.md
[2026-03-03 06:34:01] PENDING HUMAN REVIEW: EMAIL_20260303_014028_jac-urgently-needs-a-web-designer.md
[2026-03-03 06:34:02] PENDING HUMAN REVIEW: EMAIL_20260303_014033_pr-specialist-at-pharma-and-15-more-soci.md
[2026-03-03 06:34:03] PENDING HUMAN REVIEW: EMAIL_20260303_014039_alvin-urgently-needs-a-web-designer.md
[2026-03-03 06:34:04] PENDING HUMAN REVIEW: EMAIL_20260303_014045_verified-george-is-looking-for-a-web-des.md
[2026-03-03 06:34:05] PENDING HUMAN REVIEW: EMAIL_20260303_014052_rosa-is-looking-for-a-web-designer.md
[2026-03-03 06:34:06] PENDING HUMAN REVIEW: EMAIL_20260303_014058_amnafarazai_employee_hackathon-google-oa.md
[2026-03-03 06:34:07] PENDING HUMAN REVIEW: EMAIL_20260303_014104_verified-ashley-is-looking-for-a-web-des.md
[2026-03-03 06:34:07] PENDING HUMAN REVIEW: EMAIL_20260303_014310_nancy-is-looking-for-a-graphic-designer.md
[2026-03-03 06:34:07] PENDING HUMAN REVIEW: EMAIL_20260303_014318_additional-details-shane-is-looking-for-.md
[2026-03-03 06:34:08] PENDING HUMAN REVIEW: EMAIL_20260303_014727_verified-willia-is-looking-for-a-graphic.md
[2026-03-03 06:34:08] PENDING HUMAN REVIEW: EMAIL_20260303_031154_verified-sandra-is-looking-for-a-web-des.md
[2026-03-03 06:34:08] PENDING HUMAN REVIEW: EMAIL_20260303_031200_additional-details-michael-is-looking-fo.md
[2026-03-03 06:34:08] PENDING HUMAN REVIEW: EMAIL_20260303_031205_rich-is-looking-for-a-web-designer-in-au.md
[2026-03-03 06:34:08] PENDING HUMAN REVIEW: EMAIL_20260303_031227_paul-is-looking-for-a-web-designer.md
[2026-03-03 06:34:08] PENDING HUMAN REVIEW: EMAIL_20260303_031237_verified-jesse-is-looking-for-a-web-desi.md
[2026-03-03 06:34:08] PENDING HUMAN REVIEW: EMAIL_20260303_031241_amnafarazai_employee_hackathon-google-cl.md
[2026-03-03 06:34:08] PENDING HUMAN REVIEW: EMAIL_20260303_031446_verified-duke-is-looking-for-a-web-desig.md
[2026-03-03 06:34:09] PENDING HUMAN REVIEW: EMAIL_20260303_031922_additional-details-jonathan-is-looking-f.md
[2026-03-03 06:34:09] PENDING HUMAN REVIEW: EMAIL_20260303_032129_sophia-is-looking-for-a-web-designer.md
[2026-03-03 06:34:09] PENDING HUMAN REVIEW: EMAIL_20260303_032736_roosevelt-is-looking-for-a-web-designer.md
[2026-03-03 06:34:09] PENDING HUMAN REVIEW: EMAIL_20260303_034146_additional-details-chris-is-looking-for-.md
[2026-03-03 06:34:09] PENDING HUMAN REVIEW: EMAIL_20260303_035558_additional-details-billie-is-looking-for.md[2026-03-03 06:34:09] PENDING HUMAN REVIEW: EMAIL_20260303_043230_verified-esther-is-looking-for-a-web-des.md
[2026-03-03 06:34:09] PENDING HUMAN REVIEW: EMAIL_20260303_043440_salvador-is-looking-for-a-web-designer.md
[2026-03-03 06:34:09] PENDING HUMAN REVIEW: EMAIL_20260303_045113_cooper-is-looking-for-a-web-designer.md
[2026-03-03 06:34:10] PENDING HUMAN REVIEW: EMAIL_20260303_045124_verified-tyler-is-looking-for-a-web-desi.md
[2026-03-03 06:34:10] PENDING HUMAN REVIEW: EMAIL_20260303_050344_additional-details-car-is-looking-for-a-.md
[2026-03-03 06:34:10] PENDING HUMAN REVIEW: EMAIL_20260303_050839_shawanna-is-looking-for-a-web-designer.md
[2026-03-03 06:34:10] PENDING HUMAN REVIEW: EMAIL_20260303_052109_additional-details-albert-is-looking-for.md
[2026-03-03 06:39:21] PENDING HUMAN REVIEW: budget_task.md
[2026-03-03 06:39:22] PENDING HUMAN REVIEW: EMAIL_20260303_014009_kimberly-urgently-needs-a-graphic-design.md
[2026-03-03 06:39:24] PENDING HUMAN REVIEW: EMAIL_20260303_014016_andreas-urgently-needs-a-web-designer.md
[2026-03-03 06:39:25] PENDING HUMAN REVIEW: EMAIL_20260303_014022_verified-zoraya-is-looking-for-a-web-des.md
[2026-03-03 06:39:26] PENDING HUMAN REVIEW: EMAIL_20260303_014028_jac-urgently-needs-a-web-designer.md
[2026-03-03 06:39:27] PENDING HUMAN REVIEW: EMAIL_20260303_014033_pr-specialist-at-pharma-and-15-more-soci.md
[2026-03-03 06:39:28] PENDING HUMAN REVIEW: EMAIL_20260303_014039_alvin-urgently-needs-a-web-designer.md
[2026-03-03 06:39:30] PENDING HUMAN REVIEW: EMAIL_20260303_014045_verified-george-is-looking-for-a-web-des.md
[2026-03-03 06:39:31] PENDING HUMAN REVIEW: EMAIL_20260303_014052_rosa-is-looking-for-a-web-designer.md
[2026-03-03 06:39:32] PENDING HUMAN REVIEW: EMAIL_20260303_014058_amnafarazai_employee_hackathon-google-oa.md
[2026-03-03 06:39:33] PENDING HUMAN REVIEW: EMAIL_20260303_014104_verified-ashley-is-looking-for-a-web-des.md
[2026-03-03 06:39:34] PENDING HUMAN REVIEW: EMAIL_20260303_014310_nancy-is-looking-for-a-graphic-designer.md
[2026-03-03 06:39:36] PENDING HUMAN REVIEW: EMAIL_20260303_014318_additional-details-shane-is-looking-for-.md
[2026-03-03 06:39:38] PENDING HUMAN REVIEW: EMAIL_20260303_014727_verified-willia-is-looking-for-a-graphic.md
[2026-03-03 06:39:41] PENDING HUMAN REVIEW: EMAIL_20260303_031154_verified-sandra-is-looking-for-a-web-des.md
[2026-03-03 06:39:45] PENDING HUMAN REVIEW: EMAIL_20260303_031200_additional-details-michael-is-looking-fo.md
[2026-03-03 06:39:47] PENDING HUMAN REVIEW: EMAIL_20260303_031205_rich-is-looking-for-a-web-designer-in-au.md
[2026-03-03 06:39:49] PENDING HUMAN REVIEW: EMAIL_20260303_031227_paul-is-looking-for-a-web-designer.md
[2026-03-03 06:39:52] PENDING HUMAN REVIEW: EMAIL_20260303_031237_verified-jesse-is-looking-for-a-web-desi.md
[2026-03-03 06:39:54] PENDING HUMAN REVIEW: EMAIL_20260303_031241_amnafarazai_employee_hackathon-google-cl.md
[2026-03-03 06:39:58] PENDING HUMAN REVIEW: EMAIL_20260303_031446_verified-duke-is-looking-for-a-web-desig.md
[2026-03-03 06:40:02] PENDING HUMAN REVIEW: EMAIL_20260303_031922_additional-details-jonathan-is-looking-f.md
[2026-03-03 06:40:04] PENDING HUMAN REVIEW: EMAIL_20260303_032129_sophia-is-looking-for-a-web-designer.md
[2026-03-03 06:40:07] PENDING HUMAN REVIEW: EMAIL_20260303_032736_roosevelt-is-looking-for-a-web-designer.md
[2026-03-03 06:40:09] PENDING HUMAN REVIEW: EMAIL_20260303_034146_additional-details-chris-is-looking-for-.md
[2026-03-03 06:40:11] PENDING HUMAN REVIEW: EMAIL_20260303_035558_additional-details-billie-is-looking-for.md
[2026-03-03 06:40:11] PENDING HUMAN REVIEW: EMAIL_20260303_043230_verified-esther-is-looking-for-a-web-des.md
[2026-03-03 06:40:12] PENDING HUMAN REVIEW: EMAIL_20260303_043440_salvador-is-looking-for-a-web-designer.md
[2026-03-03 06:40:13] PENDING HUMAN REVIEW: EMAIL_20260303_045113_cooper-is-looking-for-a-web-designer.md
[2026-03-03 06:40:14] PENDING HUMAN REVIEW: EMAIL_20260303_045124_verified-tyler-is-looking-for-a-web-desi.md
[2026-03-03 06:40:15] PENDING HUMAN REVIEW: EMAIL_20260303_050344_additional-details-car-is-looking-for-a-.md
[2026-03-03 06:40:16] PENDING HUMAN REVIEW: EMAIL_20260303_050839_shawanna-is-looking-for-a-web-designer.md
[2026-03-03 06:40:16] PENDING HUMAN REVIEW: EMAIL_20260303_052109_additional-details-albert-is-looking-for.md
[2026-03-03 06:40:17] PENDING HUMAN REVIEW: EMAIL_20260303_063708_verified-nathan-is-looking-for-a-graphic.md
[2026-03-03 06:45:37] PENDING HUMAN REVIEW: budget_task.md
[2026-03-03 06:45:39] PENDING HUMAN REVIEW: EMAIL_20260303_014009_kimberly-urgently-needs-a-graphic-design.md
[2026-03-03 06:45:41] PENDING HUMAN REVIEW: EMAIL_20260303_014016_andreas-urgently-needs-a-web-designer.md
[2026-03-03 06:45:43] PENDING HUMAN REVIEW: EMAIL_20260303_014022_verified-zoraya-is-looking-for-a-web-des.md
[2026-03-03 06:45:45] PENDING HUMAN REVIEW: EMAIL_20260303_014028_jac-urgently-needs-a-web-designer.md
[2026-03-03 06:45:47] PENDING HUMAN REVIEW: EMAIL_20260303_014033_pr-specialist-at-pharma-and-15-more-soci.md
[2026-03-03 06:45:48] PENDING HUMAN REVIEW: EMAIL_20260303_014039_alvin-urgently-needs-a-web-designer.md
[2026-03-03 06:45:50] PENDING HUMAN REVIEW: EMAIL_20260303_014045_verified-george-is-looking-for-a-web-des.md
[2026-03-03 06:45:52] PENDING HUMAN REVIEW: EMAIL_20260303_014052_rosa-is-looking-for-a-web-designer.md
[2026-03-03 06:45:54] PENDING HUMAN REVIEW: EMAIL_20260303_014058_amnafarazai_employee_hackathon-google-oa.md
[2026-03-03 06:45:56] PENDING HUMAN REVIEW: EMAIL_20260303_014104_verified-ashley-is-looking-for-a-web-des.md
[2026-03-03 06:45:57] PENDING HUMAN REVIEW: EMAIL_20260303_014310_nancy-is-looking-for-a-graphic-designer.md
[2026-03-03 06:45:59] PENDING HUMAN REVIEW: EMAIL_20260303_014318_additional-details-shane-is-looking-for-.md
[2026-03-03 06:46:01] PENDING HUMAN REVIEW: EMAIL_20260303_014727_verified-willia-is-looking-for-a-graphic.md
[2026-03-03 06:46:02] PENDING HUMAN REVIEW: EMAIL_20260303_031154_verified-sandra-is-looking-for-a-web-des.md
[2026-03-03 06:46:04] PENDING HUMAN REVIEW: EMAIL_20260303_031200_additional-details-michael-is-looking-fo.md
[2026-03-03 06:46:06] PENDING HUMAN REVIEW: EMAIL_20260303_031205_rich-is-looking-for-a-web-designer-in-au.md
[2026-03-03 06:46:08] PENDING HUMAN REVIEW: EMAIL_20260303_031227_paul-is-looking-for-a-web-designer.md
[2026-03-03 06:46:10] PENDING HUMAN REVIEW: EMAIL_20260303_031237_verified-jesse-is-looking-for-a-web-desi.md
[2026-03-03 06:46:11] PENDING HUMAN REVIEW: EMAIL_20260303_031241_amnafarazai_employee_hackathon-google-cl.md
[2026-03-03 06:46:13] PENDING HUMAN REVIEW: EMAIL_20260303_031446_verified-duke-is-looking-for-a-web-desig.md
[2026-03-03 06:46:15] PENDING HUMAN REVIEW: EMAIL_20260303_031922_additional-details-jonathan-is-looking-f.md
[2026-03-03 06:46:16] PENDING HUMAN REVIEW: EMAIL_20260303_032129_sophia-is-looking-for-a-web-designer.md
[2026-03-03 06:46:18] PENDING HUMAN REVIEW: EMAIL_20260303_032736_roosevelt-is-looking-for-a-web-designer.md
[2026-03-03 06:46:19] PENDING HUMAN REVIEW: EMAIL_20260303_034146_additional-details-chris-is-looking-for-.md
[2026-03-03 06:46:21] PENDING HUMAN REVIEW: EMAIL_20260303_035558_additional-details-billie-is-looking-for.md
[2026-03-03 06:46:23] PENDING HUMAN REVIEW: EMAIL_20260303_043230_verified-esther-is-looking-for-a-web-des.md
[2026-03-03 06:46:25] PENDING HUMAN REVIEW: EMAIL_20260303_043440_salvador-is-looking-for-a-web-designer.md
[2026-03-03 06:46:27] PENDING HUMAN REVIEW: EMAIL_20260303_045113_cooper-is-looking-for-a-web-designer.md
[2026-03-03 06:46:29] PENDING HUMAN REVIEW: EMAIL_20260303_045124_verified-tyler-is-looking-for-a-web-desi.md
[2026-03-03 06:46:31] PENDING HUMAN REVIEW: EMAIL_20260303_050344_additional-details-car-is-looking-for-a-.md
[2026-03-03 06:46:33] PENDING HUMAN REVIEW: EMAIL_20260303_050839_shawanna-is-looking-for-a-web-designer.md
[2026-03-03 06:46:36] PENDING HUMAN REVIEW: EMAIL_20260303_052109_additional-details-albert-is-looking-for.md
[2026-03-03 06:46:38] PENDING HUMAN REVIEW: EMAIL_20260303_063708_verified-nathan-is-looking-for-a-graphic.md
[2026-03-03 06:51:48] PENDING HUMAN REVIEW: budget_task.md
[2026-03-03 06:51:49] PENDING HUMAN REVIEW: EMAIL_20260303_014009_kimberly-urgently-needs-a-graphic-design.md

[2026-03-03 06:34:09] PENDING HUMAN REVIEW: EMAIL_20260303_043230_verified-esther-is-looking-for-a-web-des.md
[2026-03-03 06:34:09] PENDING HUMAN REVIEW: EMAIL_20260303_043440_salvador-is-looking-for-a-web-designer.md
[2026-03-03 06:34:09] PENDING HUMAN REVIEW: EMAIL_20260303_045113_cooper-is-looking-for-a-web-designer.md
[2026-03-03 06:34:10] PENDING HUMAN REVIEW: EMAIL_20260303_045124_verified-tyler-is-looking-for-a-web-desi.md
[2026-03-03 06:34:10] PENDING HUMAN REVIEW: EMAIL_20260303_050344_additional-details-car-is-looking-for-a-.md
[2026-03-03 06:34:10] PENDING HUMAN REVIEW: EMAIL_20260303_050839_shawanna-is-looking-for-a-web-designer.md
[2026-03-03 06:34:10] PENDING HUMAN REVIEW: EMAIL_20260303_052109_additional-details-albert-is-looking-for.md
[2026-03-03 06:39:21] PENDING HUMAN REVIEW: budget_task.md
[2026-03-03 06:39:22] PENDING HUMAN REVIEW: EMAIL_20260303_014009_kimberly-urgently-needs-a-graphic-design.md
[2026-03-03 06:39:24] PENDING HUMAN REVIEW: EMAIL_20260303_014016_andreas-urgently-needs-a-web-designer.md
[2026-03-03 06:39:25] PENDING HUMAN REVIEW: EMAIL_20260303_014022_verified-zoraya-is-looking-for-a-web-des.md
[2026-03-03 06:39:26] PENDING HUMAN REVIEW: EMAIL_20260303_014028_jac-urgently-needs-a-web-designer.md
[2026-03-03 06:39:27] PENDING HUMAN REVIEW: EMAIL_20260303_014033_pr-specialist-at-pharma-and-15-more-soci.md
[2026-03-03 06:39:28] PENDING HUMAN REVIEW: EMAIL_20260303_014039_alvin-urgently-needs-a-web-designer.md
[2026-03-03 06:39:30] PENDING HUMAN REVIEW: EMAIL_20260303_014045_verified-george-is-looking-for-a-web-des.md
[2026-03-03 06:39:31] PENDING HUMAN REVIEW: EMAIL_20260303_014052_rosa-is-looking-for-a-web-designer.md
[2026-03-03 06:39:32] PENDING HUMAN REVIEW: EMAIL_20260303_014058_amnafarazai_employee_hackathon-google-oa.md
[2026-03-03 06:39:33] PENDING HUMAN REVIEW: EMAIL_20260303_014104_verified-ashley-is-looking-for-a-web-des.md
[2026-03-03 06:39:34] PENDING HUMAN REVIEW: EMAIL_20260303_014310_nancy-is-looking-for-a-graphic-designer.md
[2026-03-03 06:39:36] PENDING HUMAN REVIEW: EMAIL_20260303_014318_additional-details-shane-is-looking-for-.md
[2026-03-03 06:39:38] PENDING HUMAN REVIEW: EMAIL_20260303_014727_verified-willia-is-looking-for-a-graphic.md
[2026-03-03 06:39:41] PENDING HUMAN REVIEW: EMAIL_20260303_031154_verified-sandra-is-looking-for-a-web-des.md
[2026-03-03 06:39:45] PENDING HUMAN REVIEW: EMAIL_20260303_031200_additional-details-michael-is-looking-fo.md
[2026-03-03 06:39:47] PENDING HUMAN REVIEW: EMAIL_20260303_031205_rich-is-looking-for-a-web-designer-in-au.md
[2026-03-03 06:39:49] PENDING HUMAN REVIEW: EMAIL_20260303_031227_paul-is-looking-for-a-web-designer.md
[2026-03-03 06:39:52] PENDING HUMAN REVIEW: EMAIL_20260303_031237_verified-jesse-is-looking-for-a-web-desi.md
[2026-03-03 06:39:54] PENDING HUMAN REVIEW: EMAIL_20260303_031241_amnafarazai_employee_hackathon-google-cl.md
[2026-03-03 06:39:58] PENDING HUMAN REVIEW: EMAIL_20260303_031446_verified-duke-is-looking-for-a-web-desig.md
[2026-03-03 06:40:02] PENDING HUMAN REVIEW: EMAIL_20260303_031922_additional-details-jonathan-is-looking-f.md
[2026-03-03 06:40:04] PENDING HUMAN REVIEW: EMAIL_20260303_032129_sophia-is-looking-for-a-web-designer.md
[2026-03-03 06:40:07] PENDING HUMAN REVIEW: EMAIL_20260303_032736_roosevelt-is-looking-for-a-web-designer.md
[2026-03-03 06:40:09] PENDING HUMAN REVIEW: EMAIL_20260303_034146_additional-details-chris-is-looking-for-.md
[2026-03-03 06:40:11] PENDING HUMAN REVIEW: EMAIL_20260303_035558_additional-details-billie-is-looking-for.md
[2026-03-03 06:40:11] PENDING HUMAN REVIEW: EMAIL_20260303_043230_verified-esther-is-looking-for-a-web-des.md
[2026-03-03 06:40:12] PENDING HUMAN REVIEW: EMAIL_20260303_043440_salvador-is-looking-for-a-web-designer.md
[2026-03-03 06:40:13] PENDING HUMAN REVIEW: EMAIL_20260303_045113_cooper-is-looking-for-a-web-designer.md
[2026-03-03 06:40:14] PENDING HUMAN REVIEW: EMAIL_20260303_045124_verified-tyler-is-looking-for-a-web-desi.md
[2026-03-03 06:40:15] PENDING HUMAN REVIEW: EMAIL_20260303_050344_additional-details-car-is-looking-for-a-.md
[2026-03-03 06:40:16] PENDING HUMAN REVIEW: EMAIL_20260303_050839_shawanna-is-looking-for-a-web-designer.md
[2026-03-03 06:40:16] PENDING HUMAN REVIEW: EMAIL_20260303_052109_additional-details-albert-is-looking-for.md
[2026-03-03 06:40:17] PENDING HUMAN REVIEW: EMAIL_20260303_063708_verified-nathan-is-looking-for-a-graphic.md
[2026-03-03 06:45:37] PENDING HUMAN REVIEW: budget_task.md
[2026-03-03 06:45:39] PENDING HUMAN REVIEW: EMAIL_20260303_014009_kimberly-urgently-needs-a-graphic-design.md
[2026-03-03 06:45:41] PENDING HUMAN REVIEW: EMAIL_20260303_014016_andreas-urgently-needs-a-web-designer.md
[2026-03-03 06:45:43] PENDING HUMAN REVIEW: EMAIL_20260303_014022_verified-zoraya-is-looking-for-a-web-des.md
[2026-03-03 06:45:45] PENDING HUMAN REVIEW: EMAIL_20260303_014028_jac-urgently-needs-a-web-designer.md
[2026-03-03 06:45:47] PENDING HUMAN REVIEW: EMAIL_20260303_014033_pr-specialist-at-pharma-and-15-more-soci.md
[2026-03-03 06:45:48] PENDING HUMAN REVIEW: EMAIL_20260303_014039_alvin-urgently-needs-a-web-designer.md
[2026-03-03 06:45:50] PENDING HUMAN REVIEW: EMAIL_20260303_014045_verified-george-is-looking-for-a-web-des.md
[2026-03-03 06:45:52] PENDING HUMAN REVIEW: EMAIL_20260303_014052_rosa-is-looking-for-a-web-designer.md
[2026-03-03 06:45:54] PENDING HUMAN REVIEW: EMAIL_20260303_014058_amnafarazai_employee_hackathon-google-oa.md
[2026-03-03 06:45:56] PENDING HUMAN REVIEW: EMAIL_20260303_014104_verified-ashley-is-looking-for-a-web-des.md
[2026-03-03 06:45:57] PENDING HUMAN REVIEW: EMAIL_20260303_014310_nancy-is-looking-for-a-graphic-designer.md
[2026-03-03 06:45:59] PENDING HUMAN REVIEW: EMAIL_20260303_014318_additional-details-shane-is-looking-for-.md
[2026-03-03 06:46:01] PENDING HUMAN REVIEW: EMAIL_20260303_014727_verified-willia-is-looking-for-a-graphic.md
[2026-03-03 06:46:02] PENDING HUMAN REVIEW: EMAIL_20260303_031154_verified-sandra-is-looking-for-a-web-des.md
[2026-03-03 06:46:04] PENDING HUMAN REVIEW: EMAIL_20260303_031200_additional-details-michael-is-looking-fo.md
[2026-03-03 06:46:06] PENDING HUMAN REVIEW: EMAIL_20260303_031205_rich-is-looking-for-a-web-designer-in-au.md
[2026-03-03 06:46:08] PENDING HUMAN REVIEW: EMAIL_20260303_031227_paul-is-looking-for-a-web-designer.md
[2026-03-03 06:46:10] PENDING HUMAN REVIEW: EMAIL_20260303_031237_verified-jesse-is-looking-for-a-web-desi.md
[2026-03-03 06:46:11] PENDING HUMAN REVIEW: EMAIL_20260303_031241_amnafarazai_employee_hackathon-google-cl.md
[2026-03-03 06:46:13] PENDING HUMAN REVIEW: EMAIL_20260303_031446_verified-duke-is-looking-for-a-web-desig.md
[2026-03-03 06:46:15] PENDING HUMAN REVIEW: EMAIL_20260303_031922_additional-details-jonathan-is-looking-f.md
[2026-03-03 06:46:16] PENDING HUMAN REVIEW: EMAIL_20260303_032129_sophia-is-looking-for-a-web-designer.md
[2026-03-03 06:46:18] PENDING HUMAN REVIEW: EMAIL_20260303_032736_roosevelt-is-looking-for-a-web-designer.md
[2026-03-03 06:46:19] PENDING HUMAN REVIEW: EMAIL_20260303_034146_additional-details-chris-is-looking-for-.md
[2026-03-03 06:46:21] PENDING HUMAN REVIEW: EMAIL_20260303_035558_additional-details-billie-is-looking-for.md
[2026-03-03 06:46:23] PENDING HUMAN REVIEW: EMAIL_20260303_043230_verified-esther-is-looking-for-a-web-des.md
[2026-03-03 06:46:25] PENDING HUMAN REVIEW: EMAIL_20260303_043440_salvador-is-looking-for-a-web-designer.md
[2026-03-03 06:46:27] PENDING HUMAN REVIEW: EMAIL_20260303_045113_cooper-is-looking-for-a-web-designer.md
[2026-03-03 06:46:29] PENDING HUMAN REVIEW: EMAIL_20260303_045124_verified-tyler-is-looking-for-a-web-desi.md
[2026-03-03 06:46:31] PENDING HUMAN REVIEW: EMAIL_20260303_050344_additional-details-car-is-looking-for-a-.md
[2026-03-03 06:46:33] PENDING HUMAN REVIEW: EMAIL_20260303_050839_shawanna-is-looking-for-a-web-designer.md
[2026-03-03 06:46:36] PENDING HUMAN REVIEW: EMAIL_20260303_052109_additional-details-albert-is-looking-for.md
[2026-03-03 06:46:38] PENDING HUMAN REVIEW: EMAIL_20260303_063708_verified-nathan-is-looking-for-a-graphic.md
[2026-03-03 06:51:48] PENDING HUMAN REVIEW: budget_task.md
[2026-03-03 06:51:49] PENDING HUMAN REVIEW: EMAIL_20260303_014009_kimberly-urgently-needs-a-graphic-design.md[2026-03-03 06:51:50] PENDING HUMAN REVIEW: EMAIL_20260303_014016_andreas-urgently-needs-a-web-designer.md
[2026-03-03 06:51:51] PENDING HUMAN REVIEW: EMAIL_20260303_014022_verified-zoraya-is-looking-for-a-web-des.md
[2026-03-03 06:51:52] PENDING HUMAN REVIEW: EMAIL_20260303_014028_jac-urgently-needs-a-web-designer.md
[2026-03-03 06:51:52] PENDING HUMAN REVIEW: EMAIL_20260303_014033_pr-specialist-at-pharma-and-15-more-soci.md
[2026-03-03 06:51:53] PENDING HUMAN REVIEW: EMAIL_20260303_014039_alvin-urgently-needs-a-web-designer.md
[2026-03-03 06:51:53] PENDING HUMAN REVIEW: EMAIL_20260303_014045_verified-george-is-looking-for-a-web-des.md
[2026-03-03 06:51:53] PENDING HUMAN REVIEW: EMAIL_20260303_014052_rosa-is-looking-for-a-web-designer.md
[2026-03-03 06:51:54] PENDING HUMAN REVIEW: EMAIL_20260303_014058_amnafarazai_employee_hackathon-google-oa.md
[2026-03-03 06:51:54] PENDING HUMAN REVIEW: EMAIL_20260303_014104_verified-ashley-is-looking-for-a-web-des.md
[2026-03-03 06:51:55] PENDING HUMAN REVIEW: EMAIL_20260303_014310_nancy-is-looking-for-a-graphic-designer.md
[2026-03-03 06:51:55] PENDING HUMAN REVIEW: EMAIL_20260303_014318_additional-details-shane-is-looking-for-.md
[2026-03-03 06:51:56] PENDING HUMAN REVIEW: EMAIL_20260303_014727_verified-willia-is-looking-for-a-graphic.md
[2026-03-03 06:51:56] PENDING HUMAN REVIEW: EMAIL_20260303_031154_verified-sandra-is-looking-for-a-web-des.md
[2026-03-03 06:51:56] PENDING HUMAN REVIEW: EMAIL_20260303_031200_additional-details-michael-is-looking-fo.md
[2026-03-03 06:51:56] PENDING HUMAN REVIEW: EMAIL_20260303_031205_rich-is-looking-for-a-web-designer-in-au.md
[2026-03-03 06:51:57] PENDING HUMAN REVIEW: EMAIL_20260303_031227_paul-is-looking-for-a-web-designer.md
[2026-03-03 06:51:57] PENDING HUMAN REVIEW: EMAIL_20260303_031237_verified-jesse-is-looking-for-a-web-desi.md
[2026-03-03 06:51:57] PENDING HUMAN REVIEW: EMAIL_20260303_031241_amnafarazai_employee_hackathon-google-cl.md
[2026-03-03 06:51:58] PENDING HUMAN REVIEW: EMAIL_20260303_031446_verified-duke-is-looking-for-a-web-desig.md
[2026-03-03 06:51:58] PENDING HUMAN REVIEW: EMAIL_20260303_031922_additional-details-jonathan-is-looking-f.md
[2026-03-03 06:51:58] PENDING HUMAN REVIEW: EMAIL_20260303_032129_sophia-is-looking-for-a-web-designer.md
[2026-03-03 06:51:59] PENDING HUMAN REVIEW: EMAIL_20260303_032736_roosevelt-is-looking-for-a-web-designer.md
[2026-03-03 06:51:59] PENDING HUMAN REVIEW: EMAIL_20260303_034146_additional-details-chris-is-looking-for-.md
[2026-03-03 06:52:00] PENDING HUMAN REVIEW: EMAIL_20260303_035558_additional-details-billie-is-looking-for.md
[2026-03-03 06:52:00] PENDING HUMAN REVIEW: EMAIL_20260303_043230_verified-esther-is-looking-for-a-web-des.md
[2026-03-03 06:52:00] PENDING HUMAN REVIEW: EMAIL_20260303_043440_salvador-is-looking-for-a-web-designer.md
[2026-03-03 06:52:00] PENDING HUMAN REVIEW: EMAIL_20260303_045113_cooper-is-looking-for-a-web-designer.md
[2026-03-03 06:52:01] PENDING HUMAN REVIEW: EMAIL_20260303_045124_verified-tyler-is-looking-for-a-web-desi.md
[2026-03-03 06:52:01] PENDING HUMAN REVIEW: EMAIL_20260303_050344_additional-details-car-is-looking-for-a-.md
[2026-03-03 06:52:01] PENDING HUMAN REVIEW: EMAIL_20260303_050839_shawanna-is-looking-for-a-web-designer.md
[2026-03-03 06:52:02] PENDING HUMAN REVIEW: EMAIL_20260303_052109_additional-details-albert-is-looking-for.md
[2026-03-03 06:52:02] PENDING HUMAN REVIEW: EMAIL_20260303_063708_verified-nathan-is-looking-for-a-graphic.md
[2026-03-03 06:52:02] PENDING HUMAN REVIEW: EMAIL_20260303_064816_additional-details-wendel-is-looking-for.md
[2026-03-03 06:57:06] PENDING HUMAN REVIEW: budget_task.md
[2026-03-03 06:57:07] PENDING HUMAN REVIEW: EMAIL_20260303_014009_kimberly-urgently-needs-a-graphic-design.md
[2026-03-03 06:57:07] PENDING HUMAN REVIEW: EMAIL_20260303_014016_andreas-urgently-needs-a-web-designer.md
[2026-03-03 06:57:07] PENDING HUMAN REVIEW: EMAIL_20260303_014022_verified-zoraya-is-looking-for-a-web-des.md
[2026-03-03 06:57:08] PENDING HUMAN REVIEW: EMAIL_20260303_014028_jac-urgently-needs-a-web-designer.md
[2026-03-03 06:57:08] PENDING HUMAN REVIEW: EMAIL_20260303_014033_pr-specialist-at-pharma-and-15-more-soci.md
[2026-03-03 06:57:08] PENDING HUMAN REVIEW: EMAIL_20260303_014039_alvin-urgently-needs-a-web-designer.md
[2026-03-03 06:57:08] PENDING HUMAN REVIEW: EMAIL_20260303_014045_verified-george-is-looking-for-a-web-des.md
[2026-03-03 06:57:08] PENDING HUMAN REVIEW: EMAIL_20260303_014052_rosa-is-looking-for-a-web-designer.md
[2026-03-03 06:57:08] PENDING HUMAN REVIEW: EMAIL_20260303_014058_amnafarazai_employee_hackathon-google-oa.md
[2026-03-03 06:57:09] PENDING HUMAN REVIEW: EMAIL_20260303_014104_verified-ashley-is-looking-for-a-web-des.md
[2026-03-03 06:57:09] PENDING HUMAN REVIEW: EMAIL_20260303_014310_nancy-is-looking-for-a-graphic-designer.md
[2026-03-03 06:57:10] PENDING HUMAN REVIEW: EMAIL_20260303_014318_additional-details-shane-is-looking-for-.md
[2026-03-03 06:57:10] PENDING HUMAN REVIEW: EMAIL_20260303_014727_verified-willia-is-looking-for-a-graphic.md
[2026-03-03 06:57:10] PENDING HUMAN REVIEW: EMAIL_20260303_031154_verified-sandra-is-looking-for-a-web-des.md
[2026-03-03 06:57:11] PENDING HUMAN REVIEW: EMAIL_20260303_031200_additional-details-michael-is-looking-fo.md
[2026-03-03 06:57:11] PENDING HUMAN REVIEW: EMAIL_20260303_031205_rich-is-looking-for-a-web-designer-in-au.md
[2026-03-03 06:57:11] PENDING HUMAN REVIEW: EMAIL_20260303_031227_paul-is-looking-for-a-web-designer.md
[2026-03-03 06:57:11] PENDING HUMAN REVIEW: EMAIL_20260303_031237_verified-jesse-is-looking-for-a-web-desi.md
[2026-03-03 06:57:12] PENDING HUMAN REVIEW: EMAIL_20260303_031241_amnafarazai_employee_hackathon-google-cl.md
[2026-03-03 06:57:12] PENDING HUMAN REVIEW: EMAIL_20260303_031446_verified-duke-is-looking-for-a-web-desig.md
[2026-03-03 06:57:13] PENDING HUMAN REVIEW: EMAIL_20260303_031922_additional-details-jonathan-is-looking-f.md
[2026-03-03 06:57:14] PENDING HUMAN REVIEW: EMAIL_20260303_032129_sophia-is-looking-for-a-web-designer.md
[2026-03-03 06:57:14] PENDING HUMAN REVIEW: EMAIL_20260303_032736_roosevelt-is-looking-for-a-web-designer.md
[2026-03-03 06:57:15] PENDING HUMAN REVIEW: EMAIL_20260303_034146_additional-details-chris-is-looking-for-.md
[2026-03-03 06:57:15] PENDING HUMAN REVIEW: EMAIL_20260303_035558_additional-details-billie-is-looking-for.md
[2026-03-03 06:57:15] PENDING HUMAN REVIEW: EMAIL_20260303_043230_verified-esther-is-looking-for-a-web-des.md
[2026-03-03 06:57:15] PENDING HUMAN REVIEW: EMAIL_20260303_043440_salvador-is-looking-for-a-web-designer.md
[2026-03-03 06:57:16] PENDING HUMAN REVIEW: EMAIL_20260303_045113_cooper-is-looking-for-a-web-designer.md
[2026-03-03 06:57:16] PENDING HUMAN REVIEW: EMAIL_20260303_045124_verified-tyler-is-looking-for-a-web-desi.md
[2026-03-03 06:57:16] PENDING HUMAN REVIEW: EMAIL_20260303_050344_additional-details-car-is-looking-for-a-.md
[2026-03-03 06:57:16] PENDING HUMAN REVIEW: EMAIL_20260303_050839_shawanna-is-looking-for-a-web-designer.md
[2026-03-03 06:57:17] PENDING HUMAN REVIEW: EMAIL_20260303_052109_additional-details-albert-is-looking-for.md
[2026-03-03 06:57:17] PENDING HUMAN REVIEW: EMAIL_20260303_063708_verified-nathan-is-looking-for-a-graphic.md
[2026-03-03 06:57:17] PENDING HUMAN REVIEW: EMAIL_20260303_064816_additional-details-wendel-is-looking-for.md
[2026-03-03 06:57:17] PENDING HUMAN REVIEW: EMAIL_20260303_065644_kim-is-looking-for-a-graphic-designer.md
[2026-03-03 07:02:18] PENDING HUMAN REVIEW: budget_task.md
[2026-03-03 07:02:18] PENDING HUMAN REVIEW: EMAIL_20260303_014009_kimberly-urgently-needs-a-graphic-design.md
[2026-03-03 07:02:18] PENDING HUMAN REVIEW: EMAIL_20260303_014016_andreas-urgently-needs-a-web-designer.md
[2026-03-03 07:02:18] PENDING HUMAN REVIEW: EMAIL_20260303_014022_verified-zoraya-is-looking-for-a-web-des.md
[2026-03-03 07:02:18] PENDING HUMAN REVIEW: EMAIL_20260303_014028_jac-urgently-needs-a-web-designer.md
[2026-03-03 07:02:19] PENDING HUMAN REVIEW: EMAIL_20260303_014033_pr-specialist-at-pharma-and-15-more-soci.md
[2026-03-03 07:02:19] PENDING HUMAN REVIEW: EMAIL_20260303_014039_alvin-urgently-needs-a-web-designer.md
[2026-03-03 07:02:19] PENDING HUMAN REVIEW: EMAIL_20260303_014045_verified-george-is-looking-for-a-web-des.md

[2026-03-03 06:51:50] PENDING HUMAN REVIEW: EMAIL_20260303_014016_andreas-urgently-needs-a-web-designer.md
[2026-03-03 06:51:51] PENDING HUMAN REVIEW: EMAIL_20260303_014022_verified-zoraya-is-looking-for-a-web-des.md
[2026-03-03 06:51:52] PENDING HUMAN REVIEW: EMAIL_20260303_014028_jac-urgently-needs-a-web-designer.md
[2026-03-03 06:51:52] PENDING HUMAN REVIEW: EMAIL_20260303_014033_pr-specialist-at-pharma-and-15-more-soci.md
[2026-03-03 06:51:53] PENDING HUMAN REVIEW: EMAIL_20260303_014039_alvin-urgently-needs-a-web-designer.md
[2026-03-03 06:51:53] PENDING HUMAN REVIEW: EMAIL_20260303_014045_verified-george-is-looking-for-a-web-des.md
[2026-03-03 06:51:53] PENDING HUMAN REVIEW: EMAIL_20260303_014052_rosa-is-looking-for-a-web-designer.md
[2026-03-03 06:51:54] PENDING HUMAN REVIEW: EMAIL_20260303_014058_amnafarazai_employee_hackathon-google-oa.md
[2026-03-03 06:51:54] PENDING HUMAN REVIEW: EMAIL_20260303_014104_verified-ashley-is-looking-for-a-web-des.md
[2026-03-03 06:51:55] PENDING HUMAN REVIEW: EMAIL_20260303_014310_nancy-is-looking-for-a-graphic-designer.md
[2026-03-03 06:51:55] PENDING HUMAN REVIEW: EMAIL_20260303_014318_additional-details-shane-is-looking-for-.md
[2026-03-03 06:51:56] PENDING HUMAN REVIEW: EMAIL_20260303_014727_verified-willia-is-looking-for-a-graphic.md
[2026-03-03 06:51:56] PENDING HUMAN REVIEW: EMAIL_20260303_031154_verified-sandra-is-looking-for-a-web-des.md
[2026-03-03 06:51:56] PENDING HUMAN REVIEW: EMAIL_20260303_031200_additional-details-michael-is-looking-fo.md
[2026-03-03 06:51:56] PENDING HUMAN REVIEW: EMAIL_20260303_031205_rich-is-looking-for-a-web-designer-in-au.md
[2026-03-03 06:51:57] PENDING HUMAN REVIEW: EMAIL_20260303_031227_paul-is-looking-for-a-web-designer.md
[2026-03-03 06:51:57] PENDING HUMAN REVIEW: EMAIL_20260303_031237_verified-jesse-is-looking-for-a-web-desi.md
[2026-03-03 06:51:57] PENDING HUMAN REVIEW: EMAIL_20260303_031241_amnafarazai_employee_hackathon-google-cl.md
[2026-03-03 06:51:58] PENDING HUMAN REVIEW: EMAIL_20260303_031446_verified-duke-is-looking-for-a-web-desig.md
[2026-03-03 06:51:58] PENDING HUMAN REVIEW: EMAIL_20260303_031922_additional-details-jonathan-is-looking-f.md
[2026-03-03 06:51:58] PENDING HUMAN REVIEW: EMAIL_20260303_032129_sophia-is-looking-for-a-web-designer.md
[2026-03-03 06:51:59] PENDING HUMAN REVIEW: EMAIL_20260303_032736_roosevelt-is-looking-for-a-web-designer.md
[2026-03-03 06:51:59] PENDING HUMAN REVIEW: EMAIL_20260303_034146_additional-details-chris-is-looking-for-.md
[2026-03-03 06:52:00] PENDING HUMAN REVIEW: EMAIL_20260303_035558_additional-details-billie-is-looking-for.md
[2026-03-03 06:52:00] PENDING HUMAN REVIEW: EMAIL_20260303_043230_verified-esther-is-looking-for-a-web-des.md
[2026-03-03 06:52:00] PENDING HUMAN REVIEW: EMAIL_20260303_043440_salvador-is-looking-for-a-web-designer.md
[2026-03-03 06:52:00] PENDING HUMAN REVIEW: EMAIL_20260303_045113_cooper-is-looking-for-a-web-designer.md
[2026-03-03 06:52:01] PENDING HUMAN REVIEW: EMAIL_20260303_045124_verified-tyler-is-looking-for-a-web-desi.md
[2026-03-03 06:52:01] PENDING HUMAN REVIEW: EMAIL_20260303_050344_additional-details-car-is-looking-for-a-.md
[2026-03-03 06:52:01] PENDING HUMAN REVIEW: EMAIL_20260303_050839_shawanna-is-looking-for-a-web-designer.md
[2026-03-03 06:52:02] PENDING HUMAN REVIEW: EMAIL_20260303_052109_additional-details-albert-is-looking-for.md
[2026-03-03 06:52:02] PENDING HUMAN REVIEW: EMAIL_20260303_063708_verified-nathan-is-looking-for-a-graphic.md
[2026-03-03 06:52:02] PENDING HUMAN REVIEW: EMAIL_20260303_064816_additional-details-wendel-is-looking-for.md
[2026-03-03 06:57:06] PENDING HUMAN REVIEW: budget_task.md
[2026-03-03 06:57:07] PENDING HUMAN REVIEW: EMAIL_20260303_014009_kimberly-urgently-needs-a-graphic-design.md
[2026-03-03 06:57:07] PENDING HUMAN REVIEW: EMAIL_20260303_014016_andreas-urgently-needs-a-web-designer.md
[2026-03-03 06:57:07] PENDING HUMAN REVIEW: EMAIL_20260303_014022_verified-zoraya-is-looking-for-a-web-des.md
[2026-03-03 06:57:08] PENDING HUMAN REVIEW: EMAIL_20260303_014028_jac-urgently-needs-a-web-designer.md
[2026-03-03 06:57:08] PENDING HUMAN REVIEW: EMAIL_20260303_014033_pr-specialist-at-pharma-and-15-more-soci.md
[2026-03-03 06:57:08] PENDING HUMAN REVIEW: EMAIL_20260303_014039_alvin-urgently-needs-a-web-designer.md
[2026-03-03 06:57:08] PENDING HUMAN REVIEW: EMAIL_20260303_014045_verified-george-is-looking-for-a-web-des.md
[2026-03-03 06:57:08] PENDING HUMAN REVIEW: EMAIL_20260303_014052_rosa-is-looking-for-a-web-designer.md
[2026-03-03 06:57:08] PENDING HUMAN REVIEW: EMAIL_20260303_014058_amnafarazai_employee_hackathon-google-oa.md
[2026-03-03 06:57:09] PENDING HUMAN REVIEW: EMAIL_20260303_014104_verified-ashley-is-looking-for-a-web-des.md
[2026-03-03 06:57:09] PENDING HUMAN REVIEW: EMAIL_20260303_014310_nancy-is-looking-for-a-graphic-designer.md
[2026-03-03 06:57:10] PENDING HUMAN REVIEW: EMAIL_20260303_014318_additional-details-shane-is-looking-for-.md
[2026-03-03 06:57:10] PENDING HUMAN REVIEW: EMAIL_20260303_014727_verified-willia-is-looking-for-a-graphic.md
[2026-03-03 06:57:10] PENDING HUMAN REVIEW: EMAIL_20260303_031154_verified-sandra-is-looking-for-a-web-des.md
[2026-03-03 06:57:11] PENDING HUMAN REVIEW: EMAIL_20260303_031200_additional-details-michael-is-looking-fo.md
[2026-03-03 06:57:11] PENDING HUMAN REVIEW: EMAIL_20260303_031205_rich-is-looking-for-a-web-designer-in-au.md
[2026-03-03 06:57:11] PENDING HUMAN REVIEW: EMAIL_20260303_031227_paul-is-looking-for-a-web-designer.md
[2026-03-03 06:57:11] PENDING HUMAN REVIEW: EMAIL_20260303_031237_verified-jesse-is-looking-for-a-web-desi.md
[2026-03-03 06:57:12] PENDING HUMAN REVIEW: EMAIL_20260303_031241_amnafarazai_employee_hackathon-google-cl.md
[2026-03-03 06:57:12] PENDING HUMAN REVIEW: EMAIL_20260303_031446_verified-duke-is-looking-for-a-web-desig.md
[2026-03-03 06:57:13] PENDING HUMAN REVIEW: EMAIL_20260303_031922_additional-details-jonathan-is-looking-f.md
[2026-03-03 06:57:14] PENDING HUMAN REVIEW: EMAIL_20260303_032129_sophia-is-looking-for-a-web-designer.md
[2026-03-03 06:57:14] PENDING HUMAN REVIEW: EMAIL_20260303_032736_roosevelt-is-looking-for-a-web-designer.md
[2026-03-03 06:57:15] PENDING HUMAN REVIEW: EMAIL_20260303_034146_additional-details-chris-is-looking-for-.md
[2026-03-03 06:57:15] PENDING HUMAN REVIEW: EMAIL_20260303_035558_additional-details-billie-is-looking-for.md
[2026-03-03 06:57:15] PENDING HUMAN REVIEW: EMAIL_20260303_043230_verified-esther-is-looking-for-a-web-des.md
[2026-03-03 06:57:15] PENDING HUMAN REVIEW: EMAIL_20260303_043440_salvador-is-looking-for-a-web-designer.md
[2026-03-03 06:57:16] PENDING HUMAN REVIEW: EMAIL_20260303_045113_cooper-is-looking-for-a-web-designer.md
[2026-03-03 06:57:16] PENDING HUMAN REVIEW: EMAIL_20260303_045124_verified-tyler-is-looking-for-a-web-desi.md
[2026-03-03 06:57:16] PENDING HUMAN REVIEW: EMAIL_20260303_050344_additional-details-car-is-looking-for-a-.md
[2026-03-03 06:57:16] PENDING HUMAN REVIEW: EMAIL_20260303_050839_shawanna-is-looking-for-a-web-designer.md
[2026-03-03 06:57:17] PENDING HUMAN REVIEW: EMAIL_20260303_052109_additional-details-albert-is-looking-for.md
[2026-03-03 06:57:17] PENDING HUMAN REVIEW: EMAIL_20260303_063708_verified-nathan-is-looking-for-a-graphic.md
[2026-03-03 06:57:17] PENDING HUMAN REVIEW: EMAIL_20260303_064816_additional-details-wendel-is-looking-for.md
[2026-03-03 06:57:17] PENDING HUMAN REVIEW: EMAIL_20260303_065644_kim-is-looking-for-a-graphic-designer.md
[2026-03-03 07:02:18] PENDING HUMAN REVIEW: budget_task.md
[2026-03-03 07:02:18] PENDING HUMAN REVIEW: EMAIL_20260303_014009_kimberly-urgently-needs-a-graphic-design.md
[2026-03-03 07:02:18] PENDING HUMAN REVIEW: EMAIL_20260303_014016_andreas-urgently-needs-a-web-designer.md
[2026-03-03 07:02:18] PENDING HUMAN REVIEW: EMAIL_20260303_014022_verified-zoraya-is-looking-for-a-web-des.md
[2026-03-03 07:02:18] PENDING HUMAN REVIEW: EMAIL_20260303_014028_jac-urgently-needs-a-web-designer.md
[2026-03-03 07:02:19] PENDING HUMAN REVIEW: EMAIL_20260303_014033_pr-specialist-at-pharma-and-15-more-soci.md
[2026-03-03 07:02:19] PENDING HUMAN REVIEW: EMAIL_20260303_014039_alvin-urgently-needs-a-web-designer.md
[2026-03-03 07:02:19] PENDING HUMAN REVIEW: EMAIL_20260303_014045_verified-george-is-looking-for-a-web-des.md[2026-03-03 07:02:19] PENDING HUMAN REVIEW: EMAIL_20260303_014052_rosa-is-looking-for-a-web-designer.md
[2026-03-03 07:02:19] PENDING HUMAN REVIEW: EMAIL_20260303_014058_amnafarazai_employee_hackathon-google-oa.md
[2026-03-03 07:02:19] PENDING HUMAN REVIEW: EMAIL_20260303_014104_verified-ashley-is-looking-for-a-web-des.md
[2026-03-03 07:02:19] PENDING HUMAN REVIEW: EMAIL_20260303_014310_nancy-is-looking-for-a-graphic-designer.md
[2026-03-03 07:02:19] PENDING HUMAN REVIEW: EMAIL_20260303_014318_additional-details-shane-is-looking-for-.md
[2026-03-03 07:02:20] PENDING HUMAN REVIEW: EMAIL_20260303_014727_verified-willia-is-looking-for-a-graphic.md
[2026-03-03 07:02:20] PENDING HUMAN REVIEW: EMAIL_20260303_031154_verified-sandra-is-looking-for-a-web-des.md
[2026-03-03 07:02:20] PENDING HUMAN REVIEW: EMAIL_20260303_031200_additional-details-michael-is-looking-fo.md
[2026-03-03 07:02:21] PENDING HUMAN REVIEW: EMAIL_20260303_031205_rich-is-looking-for-a-web-designer-in-au.md
[2026-03-03 07:02:21] PENDING HUMAN REVIEW: EMAIL_20260303_031227_paul-is-looking-for-a-web-designer.md
[2026-03-03 07:02:21] PENDING HUMAN REVIEW: EMAIL_20260303_031237_verified-jesse-is-looking-for-a-web-desi.md
[2026-03-03 07:02:21] PENDING HUMAN REVIEW: EMAIL_20260303_031241_amnafarazai_employee_hackathon-google-cl.md
[2026-03-03 07:02:22] PENDING HUMAN REVIEW: EMAIL_20260303_031446_verified-duke-is-looking-for-a-web-desig.md
[2026-03-03 07:02:22] PENDING HUMAN REVIEW: EMAIL_20260303_031922_additional-details-jonathan-is-looking-f.md
[2026-03-03 07:02:22] PENDING HUMAN REVIEW: EMAIL_20260303_032129_sophia-is-looking-for-a-web-designer.md
[2026-03-03 07:02:22] PENDING HUMAN REVIEW: EMAIL_20260303_032736_roosevelt-is-looking-for-a-web-designer.md
[2026-03-03 07:02:22] PENDING HUMAN REVIEW: EMAIL_20260303_034146_additional-details-chris-is-looking-for-.md
[2026-03-03 07:02:23] PENDING HUMAN REVIEW: EMAIL_20260303_035558_additional-details-billie-is-looking-for.md
[2026-03-03 07:02:23] PENDING HUMAN REVIEW: EMAIL_20260303_043230_verified-esther-is-looking-for-a-web-des.md
[2026-03-03 07:02:23] PENDING HUMAN REVIEW: EMAIL_20260303_043440_salvador-is-looking-for-a-web-designer.md
[2026-03-03 07:02:23] PENDING HUMAN REVIEW: EMAIL_20260303_045113_cooper-is-looking-for-a-web-designer.md
[2026-03-03 07:02:23] PENDING HUMAN REVIEW: EMAIL_20260303_045124_verified-tyler-is-looking-for-a-web-desi.md
[2026-03-03 07:02:24] PENDING HUMAN REVIEW: EMAIL_20260303_050344_additional-details-car-is-looking-for-a-.md
[2026-03-03 07:02:24] PENDING HUMAN REVIEW: EMAIL_20260303_050839_shawanna-is-looking-for-a-web-designer.md
[2026-03-03 07:02:24] PENDING HUMAN REVIEW: EMAIL_20260303_052109_additional-details-albert-is-looking-for.md
[2026-03-03 07:02:24] PENDING HUMAN REVIEW: EMAIL_20260303_063708_verified-nathan-is-looking-for-a-graphic.md
[2026-03-03 07:02:25] PENDING HUMAN REVIEW: EMAIL_20260303_064816_additional-details-wendel-is-looking-for.md
[2026-03-03 07:02:25] PENDING HUMAN REVIEW: EMAIL_20260303_065644_kim-is-looking-for-a-graphic-designer.md
[2026-03-03 07:02:25] PENDING HUMAN REVIEW: EMAIL_20260303_065755_additional-details-maurice-is-looking-fo.md
[2026-03-03 07:02:25] PENDING HUMAN REVIEW: EMAIL_20260303_065919_additional-details-carlos-is-looking-for.md
[2026-03-03 07:02:25] PENDING HUMAN REVIEW: EMAIL_20260303_065952_verified-matt-is-looking-for-a-logo-desi.md
[2026-03-03 07:02:25] PENDING HUMAN REVIEW: EMAIL_20260303_070119_cj-is-looking-for-a-web-designer.md
[2026-03-03 07:07:26] PENDING HUMAN REVIEW: budget_task.md
[2026-03-03 07:07:26] PENDING HUMAN REVIEW: EMAIL_20260303_014009_kimberly-urgently-needs-a-graphic-design.md
[2026-03-03 07:07:26] PENDING HUMAN REVIEW: EMAIL_20260303_014016_andreas-urgently-needs-a-web-designer.md
[2026-03-03 07:07:26] PENDING HUMAN REVIEW: EMAIL_20260303_014022_verified-zoraya-is-looking-for-a-web-des.md
[2026-03-03 07:07:26] PENDING HUMAN REVIEW: EMAIL_20260303_014028_jac-urgently-needs-a-web-designer.md
[2026-03-03 07:07:26] PENDING HUMAN REVIEW: EMAIL_20260303_014033_pr-specialist-at-pharma-and-15-more-soci.md
[2026-03-03 07:07:26] PENDING HUMAN REVIEW: EMAIL_20260303_014039_alvin-urgently-needs-a-web-designer.md
[2026-03-03 07:07:26] PENDING HUMAN REVIEW: EMAIL_20260303_014045_verified-george-is-looking-for-a-web-des.md
[2026-03-03 07:07:26] PENDING HUMAN REVIEW: EMAIL_20260303_014052_rosa-is-looking-for-a-web-designer.md
[2026-03-03 07:07:26] PENDING HUMAN REVIEW: EMAIL_20260303_014058_amnafarazai_employee_hackathon-google-oa.md
[2026-03-03 07:07:26] PENDING HUMAN REVIEW: EMAIL_20260303_014104_verified-ashley-is-looking-for-a-web-des.md
[2026-03-03 07:07:26] PENDING HUMAN REVIEW: EMAIL_20260303_014310_nancy-is-looking-for-a-graphic-designer.md
[2026-03-03 07:07:26] PENDING HUMAN REVIEW: EMAIL_20260303_014318_additional-details-shane-is-looking-for-.md
[2026-03-03 07:07:26] PENDING HUMAN REVIEW: EMAIL_20260303_014727_verified-willia-is-looking-for-a-graphic.md
[2026-03-03 07:07:26] PENDING HUMAN REVIEW: EMAIL_20260303_031154_verified-sandra-is-looking-for-a-web-des.md
[2026-03-03 07:07:26] PENDING HUMAN REVIEW: EMAIL_20260303_031200_additional-details-michael-is-looking-fo.md
[2026-03-03 07:07:26] PENDING HUMAN REVIEW: EMAIL_20260303_031205_rich-is-looking-for-a-web-designer-in-au.md
[2026-03-03 07:07:26] PENDING HUMAN REVIEW: EMAIL_20260303_031227_paul-is-looking-for-a-web-designer.md
[2026-03-03 07:07:26] PENDING HUMAN REVIEW: EMAIL_20260303_031237_verified-jesse-is-looking-for-a-web-desi.md
[2026-03-03 07:07:26] PENDING HUMAN REVIEW: EMAIL_20260303_031241_amnafarazai_employee_hackathon-google-cl.md
[2026-03-03 07:07:26] PENDING HUMAN REVIEW: EMAIL_20260303_031446_verified-duke-is-looking-for-a-web-desig.md
[2026-03-03 07:07:27] PENDING HUMAN REVIEW: EMAIL_20260303_031922_additional-details-jonathan-is-looking-f.md
[2026-03-03 07:07:27] PENDING HUMAN REVIEW: EMAIL_20260303_032129_sophia-is-looking-for-a-web-designer.md
[2026-03-03 07:07:27] PENDING HUMAN REVIEW: EMAIL_20260303_032736_roosevelt-is-looking-for-a-web-designer.md
[2026-03-03 07:07:27] PENDING HUMAN REVIEW: EMAIL_20260303_034146_additional-details-chris-is-looking-for-.md
[2026-03-03 07:07:27] PENDING HUMAN REVIEW: EMAIL_20260303_035558_additional-details-billie-is-looking-for.md
[2026-03-03 07:07:27] PENDING HUMAN REVIEW: EMAIL_20260303_043230_verified-esther-is-looking-for-a-web-des.md
[2026-03-03 07:07:27] PENDING HUMAN REVIEW: EMAIL_20260303_043440_salvador-is-looking-for-a-web-designer.md
[2026-03-03 07:07:27] PENDING HUMAN REVIEW: EMAIL_20260303_045113_cooper-is-looking-for-a-web-designer.md
[2026-03-03 07:07:27] PENDING HUMAN REVIEW: EMAIL_20260303_045124_verified-tyler-is-looking-for-a-web-desi.md
[2026-03-03 07:07:27] PENDING HUMAN REVIEW: EMAIL_20260303_050344_additional-details-car-is-looking-for-a-.md
[2026-03-03 07:07:27] PENDING HUMAN REVIEW: EMAIL_20260303_050839_shawanna-is-looking-for-a-web-designer.md
[2026-03-03 07:07:27] PENDING HUMAN REVIEW: EMAIL_20260303_052109_additional-details-albert-is-looking-for.md
[2026-03-03 07:07:27] PENDING HUMAN REVIEW: EMAIL_20260303_063708_verified-nathan-is-looking-for-a-graphic.md
[2026-03-03 07:07:27] PENDING HUMAN REVIEW: EMAIL_20260303_064816_additional-details-wendel-is-looking-for.md
[2026-03-03 07:07:27] PENDING HUMAN REVIEW: EMAIL_20260303_065644_kim-is-looking-for-a-graphic-designer.md
[2026-03-03 07:07:27] PENDING HUMAN REVIEW: EMAIL_20260303_065755_additional-details-maurice-is-looking-fo.md
[2026-03-03 07:07:27] PENDING HUMAN REVIEW: EMAIL_20260303_065919_additional-details-carlos-is-looking-for.md
[2026-03-03 07:07:27] PENDING HUMAN REVIEW: EMAIL_20260303_065952_verified-matt-is-looking-for-a-logo-desi.md
[2026-03-03 07:07:27] PENDING HUMAN REVIEW: EMAIL_20260303_070119_cj-is-looking-for-a-web-designer.md
[2026-03-03 07:07:28] PENDING HUMAN REVIEW: EMAIL_20260303_070440_mike-is-looking-for-a-graphic-designer.md
[2026-03-03 07:07:28] PENDING HUMAN REVIEW: EMAIL_20260303_070451_additional-details-angel-is-looking-for-.md
[2026-03-03 07:07:28] PENDING HUMAN REVIEW: EMAIL_20260303_070500_additional-details-nicolas-is-looking-fo.md
[2026-03-03 07:12:28] PENDING HUMAN REVIEW: budget_task.md
[2026-03-03 07:12:28] PENDING HUMAN REVIEW: EMAIL_20260303_014009_kimberly-urgently-needs-a-graphic-design.md

[2026-03-03 07:02:19] PENDING HUMAN REVIEW: EMAIL_20260303_014052_rosa-is-looking-for-a-web-designer.md
[2026-03-03 07:02:19] PENDING HUMAN REVIEW: EMAIL_20260303_014058_amnafarazai_employee_hackathon-google-oa.md
[2026-03-03 07:02:19] PENDING HUMAN REVIEW: EMAIL_20260303_014104_verified-ashley-is-looking-for-a-web-des.md
[2026-03-03 07:02:19] PENDING HUMAN REVIEW: EMAIL_20260303_014310_nancy-is-looking-for-a-graphic-designer.md
[2026-03-03 07:02:19] PENDING HUMAN REVIEW: EMAIL_20260303_014318_additional-details-shane-is-looking-for-.md
[2026-03-03 07:02:20] PENDING HUMAN REVIEW: EMAIL_20260303_014727_verified-willia-is-looking-for-a-graphic.md
[2026-03-03 07:02:20] PENDING HUMAN REVIEW: EMAIL_20260303_031154_verified-sandra-is-looking-for-a-web-des.md
[2026-03-03 07:02:20] PENDING HUMAN REVIEW: EMAIL_20260303_031200_additional-details-michael-is-looking-fo.md
[2026-03-03 07:02:21] PENDING HUMAN REVIEW: EMAIL_20260303_031205_rich-is-looking-for-a-web-designer-in-au.md
[2026-03-03 07:02:21] PENDING HUMAN REVIEW: EMAIL_20260303_031227_paul-is-looking-for-a-web-designer.md
[2026-03-03 07:02:21] PENDING HUMAN REVIEW: EMAIL_20260303_031237_verified-jesse-is-looking-for-a-web-desi.md
[2026-03-03 07:02:21] PENDING HUMAN REVIEW: EMAIL_20260303_031241_amnafarazai_employee_hackathon-google-cl.md
[2026-03-03 07:02:22] PENDING HUMAN REVIEW: EMAIL_20260303_031446_verified-duke-is-looking-for-a-web-desig.md
[2026-03-03 07:02:22] PENDING HUMAN REVIEW: EMAIL_20260303_031922_additional-details-jonathan-is-looking-f.md
[2026-03-03 07:02:22] PENDING HUMAN REVIEW: EMAIL_20260303_032129_sophia-is-looking-for-a-web-designer.md
[2026-03-03 07:02:22] PENDING HUMAN REVIEW: EMAIL_20260303_032736_roosevelt-is-looking-for-a-web-designer.md
[2026-03-03 07:02:22] PENDING HUMAN REVIEW: EMAIL_20260303_034146_additional-details-chris-is-looking-for-.md
[2026-03-03 07:02:23] PENDING HUMAN REVIEW: EMAIL_20260303_035558_additional-details-billie-is-looking-for.md
[2026-03-03 07:02:23] PENDING HUMAN REVIEW: EMAIL_20260303_043230_verified-esther-is-looking-for-a-web-des.md
[2026-03-03 07:02:23] PENDING HUMAN REVIEW: EMAIL_20260303_043440_salvador-is-looking-for-a-web-designer.md
[2026-03-03 07:02:23] PENDING HUMAN REVIEW: EMAIL_20260303_045113_cooper-is-looking-for-a-web-designer.md
[2026-03-03 07:02:23] PENDING HUMAN REVIEW: EMAIL_20260303_045124_verified-tyler-is-looking-for-a-web-desi.md
[2026-03-03 07:02:24] PENDING HUMAN REVIEW: EMAIL_20260303_050344_additional-details-car-is-looking-for-a-.md
[2026-03-03 07:02:24] PENDING HUMAN REVIEW: EMAIL_20260303_050839_shawanna-is-looking-for-a-web-designer.md
[2026-03-03 07:02:24] PENDING HUMAN REVIEW: EMAIL_20260303_052109_additional-details-albert-is-looking-for.md
[2026-03-03 07:02:24] PENDING HUMAN REVIEW: EMAIL_20260303_063708_verified-nathan-is-looking-for-a-graphic.md
[2026-03-03 07:02:25] PENDING HUMAN REVIEW: EMAIL_20260303_064816_additional-details-wendel-is-looking-for.md
[2026-03-03 07:02:25] PENDING HUMAN REVIEW: EMAIL_20260303_065644_kim-is-looking-for-a-graphic-designer.md
[2026-03-03 07:02:25] PENDING HUMAN REVIEW: EMAIL_20260303_065755_additional-details-maurice-is-looking-fo.md
[2026-03-03 07:02:25] PENDING HUMAN REVIEW: EMAIL_20260303_065919_additional-details-carlos-is-looking-for.md
[2026-03-03 07:02:25] PENDING HUMAN REVIEW: EMAIL_20260303_065952_verified-matt-is-looking-for-a-logo-desi.md
[2026-03-03 07:02:25] PENDING HUMAN REVIEW: EMAIL_20260303_070119_cj-is-looking-for-a-web-designer.md
[2026-03-03 07:07:26] PENDING HUMAN REVIEW: budget_task.md
[2026-03-03 07:07:26] PENDING HUMAN REVIEW: EMAIL_20260303_014009_kimberly-urgently-needs-a-graphic-design.md
[2026-03-03 07:07:26] PENDING HUMAN REVIEW: EMAIL_20260303_014016_andreas-urgently-needs-a-web-designer.md
[2026-03-03 07:07:26] PENDING HUMAN REVIEW: EMAIL_20260303_014022_verified-zoraya-is-looking-for-a-web-des.md
[2026-03-03 07:07:26] PENDING HUMAN REVIEW: EMAIL_20260303_014028_jac-urgently-needs-a-web-designer.md
[2026-03-03 07:07:26] PENDING HUMAN REVIEW: EMAIL_20260303_014033_pr-specialist-at-pharma-and-15-more-soci.md
[2026-03-03 07:07:26] PENDING HUMAN REVIEW: EMAIL_20260303_014039_alvin-urgently-needs-a-web-designer.md
[2026-03-03 07:07:26] PENDING HUMAN REVIEW: EMAIL_20260303_014045_verified-george-is-looking-for-a-web-des.md
[2026-03-03 07:07:26] PENDING HUMAN REVIEW: EMAIL_20260303_014052_rosa-is-looking-for-a-web-designer.md
[2026-03-03 07:07:26] PENDING HUMAN REVIEW: EMAIL_20260303_014058_amnafarazai_employee_hackathon-google-oa.md
[2026-03-03 07:07:26] PENDING HUMAN REVIEW: EMAIL_20260303_014104_verified-ashley-is-looking-for-a-web-des.md
[2026-03-03 07:07:26] PENDING HUMAN REVIEW: EMAIL_20260303_014310_nancy-is-looking-for-a-graphic-designer.md
[2026-03-03 07:07:26] PENDING HUMAN REVIEW: EMAIL_20260303_014318_additional-details-shane-is-looking-for-.md
[2026-03-03 07:07:26] PENDING HUMAN REVIEW: EMAIL_20260303_014727_verified-willia-is-looking-for-a-graphic.md
[2026-03-03 07:07:26] PENDING HUMAN REVIEW: EMAIL_20260303_031154_verified-sandra-is-looking-for-a-web-des.md
[2026-03-03 07:07:26] PENDING HUMAN REVIEW: EMAIL_20260303_031200_additional-details-michael-is-looking-fo.md
[2026-03-03 07:07:26] PENDING HUMAN REVIEW: EMAIL_20260303_031205_rich-is-looking-for-a-web-designer-in-au.md
[2026-03-03 07:07:26] PENDING HUMAN REVIEW: EMAIL_20260303_031227_paul-is-looking-for-a-web-designer.md
[2026-03-03 07:07:26] PENDING HUMAN REVIEW: EMAIL_20260303_031237_verified-jesse-is-looking-for-a-web-desi.md
[2026-03-03 07:07:26] PENDING HUMAN REVIEW: EMAIL_20260303_031241_amnafarazai_employee_hackathon-google-cl.md
[2026-03-03 07:07:26] PENDING HUMAN REVIEW: EMAIL_20260303_031446_verified-duke-is-looking-for-a-web-desig.md
[2026-03-03 07:07:27] PENDING HUMAN REVIEW: EMAIL_20260303_031922_additional-details-jonathan-is-looking-f.md
[2026-03-03 07:07:27] PENDING HUMAN REVIEW: EMAIL_20260303_032129_sophia-is-looking-for-a-web-designer.md
[2026-03-03 07:07:27] PENDING HUMAN REVIEW: EMAIL_20260303_032736_roosevelt-is-looking-for-a-web-designer.md
[2026-03-03 07:07:27] PENDING HUMAN REVIEW: EMAIL_20260303_034146_additional-details-chris-is-looking-for-.md
[2026-03-03 07:07:27] PENDING HUMAN REVIEW: EMAIL_20260303_035558_additional-details-billie-is-looking-for.md
[2026-03-03 07:07:27] PENDING HUMAN REVIEW: EMAIL_20260303_043230_verified-esther-is-looking-for-a-web-des.md
[2026-03-03 07:07:27] PENDING HUMAN REVIEW: EMAIL_20260303_043440_salvador-is-looking-for-a-web-designer.md
[2026-03-03 07:07:27] PENDING HUMAN REVIEW: EMAIL_20260303_045113_cooper-is-looking-for-a-web-designer.md
[2026-03-03 07:07:27] PENDING HUMAN REVIEW: EMAIL_20260303_045124_verified-tyler-is-looking-for-a-web-desi.md
[2026-03-03 07:07:27] PENDING HUMAN REVIEW: EMAIL_20260303_050344_additional-details-car-is-looking-for-a-.md
[2026-03-03 07:07:27] PENDING HUMAN REVIEW: EMAIL_20260303_050839_shawanna-is-looking-for-a-web-designer.md
[2026-03-03 07:07:27] PENDING HUMAN REVIEW: EMAIL_20260303_052109_additional-details-albert-is-looking-for.md
[2026-03-03 07:07:27] PENDING HUMAN REVIEW: EMAIL_20260303_063708_verified-nathan-is-looking-for-a-graphic.md
[2026-03-03 07:07:27] PENDING HUMAN REVIEW: EMAIL_20260303_064816_additional-details-wendel-is-looking-for.md
[2026-03-03 07:07:27] PENDING HUMAN REVIEW: EMAIL_20260303_065644_kim-is-looking-for-a-graphic-designer.md
[2026-03-03 07:07:27] PENDING HUMAN REVIEW: EMAIL_20260303_065755_additional-details-maurice-is-looking-fo.md
[2026-03-03 07:07:27] PENDING HUMAN REVIEW: EMAIL_20260303_065919_additional-details-carlos-is-looking-for.md
[2026-03-03 07:07:27] PENDING HUMAN REVIEW: EMAIL_20260303_065952_verified-matt-is-looking-for-a-logo-desi.md
[2026-03-03 07:07:27] PENDING HUMAN REVIEW: EMAIL_20260303_070119_cj-is-looking-for-a-web-designer.md
[2026-03-03 07:07:28] PENDING HUMAN REVIEW: EMAIL_20260303_070440_mike-is-looking-for-a-graphic-designer.md
[2026-03-03 07:07:28] PENDING HUMAN REVIEW: EMAIL_20260303_070451_additional-details-angel-is-looking-for-.md
[2026-03-03 07:07:28] PENDING HUMAN REVIEW: EMAIL_20260303_070500_additional-details-nicolas-is-looking-fo.md
[2026-03-03 07:12:28] PENDING HUMAN REVIEW: budget_task.md
[2026-03-03 07:12:28] PENDING HUMAN REVIEW: EMAIL_20260303_014009_kimberly-urgently-needs-a-graphic-design.md[2026-03-03 07:12:28] PENDING HUMAN REVIEW: EMAIL_20260303_014016_andreas-urgently-needs-a-web-designer.md
[2026-03-03 07:12:28] PENDING HUMAN REVIEW: EMAIL_20260303_014022_verified-zoraya-is-looking-for-a-web-des.md
[2026-03-03 07:12:28] PENDING HUMAN REVIEW: EMAIL_20260303_014028_jac-urgently-needs-a-web-designer.md
[2026-03-03 07:12:28] PENDING HUMAN REVIEW: EMAIL_20260303_014033_pr-specialist-at-pharma-and-15-more-soci.md
[2026-03-03 07:12:28] PENDING HUMAN REVIEW: EMAIL_20260303_014039_alvin-urgently-needs-a-web-designer.md
[2026-03-03 07:12:29] PENDING HUMAN REVIEW: EMAIL_20260303_014045_verified-george-is-looking-for-a-web-des.md
[2026-03-03 07:12:29] PENDING HUMAN REVIEW: EMAIL_20260303_014052_rosa-is-looking-for-a-web-designer.md
[2026-03-03 07:12:29] PENDING HUMAN REVIEW: EMAIL_20260303_014058_amnafarazai_employee_hackathon-google-oa.md
[2026-03-03 07:12:29] PENDING HUMAN REVIEW: EMAIL_20260303_014104_verified-ashley-is-looking-for-a-web-des.md
[2026-03-03 07:12:29] PENDING HUMAN REVIEW: EMAIL_20260303_014310_nancy-is-looking-for-a-graphic-designer.md
[2026-03-03 07:12:29] PENDING HUMAN REVIEW: EMAIL_20260303_014318_additional-details-shane-is-looking-for-.md
[2026-03-03 07:12:29] PENDING HUMAN REVIEW: EMAIL_20260303_014727_verified-willia-is-looking-for-a-graphic.md
[2026-03-03 07:12:29] PENDING HUMAN REVIEW: EMAIL_20260303_031154_verified-sandra-is-looking-for-a-web-des.md
[2026-03-03 07:12:29] PENDING HUMAN REVIEW: EMAIL_20260303_031200_additional-details-michael-is-looking-fo.md
[2026-03-03 07:12:29] PENDING HUMAN REVIEW: EMAIL_20260303_031205_rich-is-looking-for-a-web-designer-in-au.md
[2026-03-03 07:12:30] PENDING HUMAN REVIEW: EMAIL_20260303_031227_paul-is-looking-for-a-web-designer.md
[2026-03-03 07:12:30] PENDING HUMAN REVIEW: EMAIL_20260303_031237_verified-jesse-is-looking-for-a-web-desi.md
[2026-03-03 07:12:30] PENDING HUMAN REVIEW: EMAIL_20260303_031241_amnafarazai_employee_hackathon-google-cl.md
[2026-03-03 07:12:30] PENDING HUMAN REVIEW: EMAIL_20260303_031446_verified-duke-is-looking-for-a-web-desig.md
[2026-03-03 07:12:30] PENDING HUMAN REVIEW: EMAIL_20260303_031922_additional-details-jonathan-is-looking-f.md
[2026-03-03 07:12:30] PENDING HUMAN REVIEW: EMAIL_20260303_032129_sophia-is-looking-for-a-web-designer.md
[2026-03-03 07:12:30] PENDING HUMAN REVIEW: EMAIL_20260303_032736_roosevelt-is-looking-for-a-web-designer.md
[2026-03-03 07:12:30] PENDING HUMAN REVIEW: EMAIL_20260303_034146_additional-details-chris-is-looking-for-.md
[2026-03-03 07:12:30] PENDING HUMAN REVIEW: EMAIL_20260303_035558_additional-details-billie-is-looking-for.md
[2026-03-03 07:12:30] PENDING HUMAN REVIEW: EMAIL_20260303_043230_verified-esther-is-looking-for-a-web-des.md
[2026-03-03 07:12:30] PENDING HUMAN REVIEW: EMAIL_20260303_043440_salvador-is-looking-for-a-web-designer.md
[2026-03-03 07:12:30] PENDING HUMAN REVIEW: EMAIL_20260303_045113_cooper-is-looking-for-a-web-designer.md
[2026-03-03 07:12:30] PENDING HUMAN REVIEW: EMAIL_20260303_045124_verified-tyler-is-looking-for-a-web-desi.md
[2026-03-03 07:12:30] PENDING HUMAN REVIEW: EMAIL_20260303_050344_additional-details-car-is-looking-for-a-.md
[2026-03-03 07:12:30] PENDING HUMAN REVIEW: EMAIL_20260303_050839_shawanna-is-looking-for-a-web-designer.md
[2026-03-03 07:12:31] PENDING HUMAN REVIEW: EMAIL_20260303_052109_additional-details-albert-is-looking-for.md
[2026-03-03 07:12:31] PENDING HUMAN REVIEW: EMAIL_20260303_063708_verified-nathan-is-looking-for-a-graphic.md
[2026-03-03 07:12:31] PENDING HUMAN REVIEW: EMAIL_20260303_064816_additional-details-wendel-is-looking-for.md
[2026-03-03 07:12:31] PENDING HUMAN REVIEW: EMAIL_20260303_065644_kim-is-looking-for-a-graphic-designer.md
[2026-03-03 07:12:31] PENDING HUMAN REVIEW: EMAIL_20260303_065755_additional-details-maurice-is-looking-fo.md
[2026-03-03 07:12:31] PENDING HUMAN REVIEW: EMAIL_20260303_065919_additional-details-carlos-is-looking-for.md
[2026-03-03 07:12:31] PENDING HUMAN REVIEW: EMAIL_20260303_065952_verified-matt-is-looking-for-a-logo-desi.md
[2026-03-03 07:12:31] PENDING HUMAN REVIEW: EMAIL_20260303_070119_cj-is-looking-for-a-web-designer.md
[2026-03-03 07:12:31] PENDING HUMAN REVIEW: EMAIL_20260303_070440_mike-is-looking-for-a-graphic-designer.md
[2026-03-03 07:12:31] PENDING HUMAN REVIEW: EMAIL_20260303_070451_additional-details-angel-is-looking-for-.md
[2026-03-03 07:12:31] PENDING HUMAN REVIEW: EMAIL_20260303_070500_additional-details-nicolas-is-looking-fo.md
[2026-03-03 07:12:31] PENDING HUMAN REVIEW: EMAIL_20260303_071110_additional-details-silas-is-looking-for-.md
[2026-03-03 07:17:33] PENDING HUMAN REVIEW: budget_task.md
[2026-03-03 07:17:33] PENDING HUMAN REVIEW: EMAIL_20260303_014009_kimberly-urgently-needs-a-graphic-design.md
[2026-03-03 07:17:33] PENDING HUMAN REVIEW: EMAIL_20260303_014016_andreas-urgently-needs-a-web-designer.md
[2026-03-03 07:17:34] PENDING HUMAN REVIEW: EMAIL_20260303_014022_verified-zoraya-is-looking-for-a-web-des.md
[2026-03-03 07:17:34] PENDING HUMAN REVIEW: EMAIL_20260303_014028_jac-urgently-needs-a-web-designer.md
[2026-03-03 07:17:34] PENDING HUMAN REVIEW: EMAIL_20260303_014033_pr-specialist-at-pharma-and-15-more-soci.md
[2026-03-03 07:17:34] PENDING HUMAN REVIEW: EMAIL_20260303_014039_alvin-urgently-needs-a-web-designer.md
[2026-03-03 07:17:34] PENDING HUMAN REVIEW: EMAIL_20260303_014045_verified-george-is-looking-for-a-web-des.md
[2026-03-03 07:17:34] PENDING HUMAN REVIEW: EMAIL_20260303_014052_rosa-is-looking-for-a-web-designer.md
[2026-03-03 07:17:34] PENDING HUMAN REVIEW: EMAIL_20260303_014058_amnafarazai_employee_hackathon-google-oa.md
[2026-03-03 07:17:34] PENDING HUMAN REVIEW: EMAIL_20260303_014104_verified-ashley-is-looking-for-a-web-des.md
[2026-03-03 07:17:35] PENDING HUMAN REVIEW: EMAIL_20260303_014310_nancy-is-looking-for-a-graphic-designer.md
[2026-03-03 07:17:35] PENDING HUMAN REVIEW: EMAIL_20260303_014318_additional-details-shane-is-looking-for-.md
[2026-03-03 07:17:35] PENDING HUMAN REVIEW: EMAIL_20260303_014727_verified-willia-is-looking-for-a-graphic.md
[2026-03-03 07:17:35] PENDING HUMAN REVIEW: EMAIL_20260303_031154_verified-sandra-is-looking-for-a-web-des.md
[2026-03-03 07:17:35] PENDING HUMAN REVIEW: EMAIL_20260303_031200_additional-details-michael-is-looking-fo.md
[2026-03-03 07:17:35] PENDING HUMAN REVIEW: EMAIL_20260303_031205_rich-is-looking-for-a-web-designer-in-au.md
[2026-03-03 07:17:36] PENDING HUMAN REVIEW: EMAIL_20260303_031227_paul-is-looking-for-a-web-designer.md
[2026-03-03 07:17:36] PENDING HUMAN REVIEW: EMAIL_20260303_031237_verified-jesse-is-looking-for-a-web-desi.md
[2026-03-03 07:17:36] PENDING HUMAN REVIEW: EMAIL_20260303_031241_amnafarazai_employee_hackathon-google-cl.md
[2026-03-03 07:17:36] PENDING HUMAN REVIEW: EMAIL_20260303_031446_verified-duke-is-looking-for-a-web-desig.md
[2026-03-03 07:17:36] PENDING HUMAN REVIEW: EMAIL_20260303_031922_additional-details-jonathan-is-looking-f.md
[2026-03-03 07:17:36] PENDING HUMAN REVIEW: EMAIL_20260303_032129_sophia-is-looking-for-a-web-designer.md
[2026-03-03 07:17:37] PENDING HUMAN REVIEW: EMAIL_20260303_032736_roosevelt-is-looking-for-a-web-designer.md
[2026-03-03 07:17:37] PENDING HUMAN REVIEW: EMAIL_20260303_034146_additional-details-chris-is-looking-for-.md
[2026-03-03 07:17:37] PENDING HUMAN REVIEW: EMAIL_20260303_035558_additional-details-billie-is-looking-for.md
[2026-03-03 07:17:37] PENDING HUMAN REVIEW: EMAIL_20260303_043230_verified-esther-is-looking-for-a-web-des.md
[2026-03-03 07:17:37] PENDING HUMAN REVIEW: EMAIL_20260303_043440_salvador-is-looking-for-a-web-designer.md
[2026-03-03 07:17:37] PENDING HUMAN REVIEW: EMAIL_20260303_045113_cooper-is-looking-for-a-web-designer.md
[2026-03-03 07:17:38] PENDING HUMAN REVIEW: EMAIL_20260303_045124_verified-tyler-is-looking-for-a-web-desi.md
[2026-03-03 07:17:38] PENDING HUMAN REVIEW: EMAIL_20260303_050344_additional-details-car-is-looking-for-a-.md
[2026-03-03 07:17:38] PENDING HUMAN REVIEW: EMAIL_20260303_050839_shawanna-is-looking-for-a-web-designer.md
[2026-03-03 07:17:38] PENDING HUMAN REVIEW: EMAIL_20260303_052109_additional-details-albert-is-looking-for.md
[2026-03-03 07:17:38] PENDING HUMAN REVIEW: EMAIL_20260303_063708_verified-nathan-is-looking-for-a-graphic.md

[2026-03-03 07:12:28] PENDING HUMAN REVIEW: EMAIL_20260303_014016_andreas-urgently-needs-a-web-designer.md
[2026-03-03 07:12:28] PENDING HUMAN REVIEW: EMAIL_20260303_014022_verified-zoraya-is-looking-for-a-web-des.md
[2026-03-03 07:12:28] PENDING HUMAN REVIEW: EMAIL_20260303_014028_jac-urgently-needs-a-web-designer.md
[2026-03-03 07:12:28] PENDING HUMAN REVIEW: EMAIL_20260303_014033_pr-specialist-at-pharma-and-15-more-soci.md
[2026-03-03 07:12:28] PENDING HUMAN REVIEW: EMAIL_20260303_014039_alvin-urgently-needs-a-web-designer.md
[2026-03-03 07:12:29] PENDING HUMAN REVIEW: EMAIL_20260303_014045_verified-george-is-looking-for-a-web-des.md
[2026-03-03 07:12:29] PENDING HUMAN REVIEW: EMAIL_20260303_014052_rosa-is-looking-for-a-web-designer.md
[2026-03-03 07:12:29] PENDING HUMAN REVIEW: EMAIL_20260303_014058_amnafarazai_employee_hackathon-google-oa.md
[2026-03-03 07:12:29] PENDING HUMAN REVIEW: EMAIL_20260303_014104_verified-ashley-is-looking-for-a-web-des.md
[2026-03-03 07:12:29] PENDING HUMAN REVIEW: EMAIL_20260303_014310_nancy-is-looking-for-a-graphic-designer.md
[2026-03-03 07:12:29] PENDING HUMAN REVIEW: EMAIL_20260303_014318_additional-details-shane-is-looking-for-.md
[2026-03-03 07:12:29] PENDING HUMAN REVIEW: EMAIL_20260303_014727_verified-willia-is-looking-for-a-graphic.md
[2026-03-03 07:12:29] PENDING HUMAN REVIEW: EMAIL_20260303_031154_verified-sandra-is-looking-for-a-web-des.md
[2026-03-03 07:12:29] PENDING HUMAN REVIEW: EMAIL_20260303_031200_additional-details-michael-is-looking-fo.md
[2026-03-03 07:12:29] PENDING HUMAN REVIEW: EMAIL_20260303_031205_rich-is-looking-for-a-web-designer-in-au.md
[2026-03-03 07:12:30] PENDING HUMAN REVIEW: EMAIL_20260303_031227_paul-is-looking-for-a-web-designer.md
[2026-03-03 07:12:30] PENDING HUMAN REVIEW: EMAIL_20260303_031237_verified-jesse-is-looking-for-a-web-desi.md
[2026-03-03 07:12:30] PENDING HUMAN REVIEW: EMAIL_20260303_031241_amnafarazai_employee_hackathon-google-cl.md
[2026-03-03 07:12:30] PENDING HUMAN REVIEW: EMAIL_20260303_031446_verified-duke-is-looking-for-a-web-desig.md
[2026-03-03 07:12:30] PENDING HUMAN REVIEW: EMAIL_20260303_031922_additional-details-jonathan-is-looking-f.md
[2026-03-03 07:12:30] PENDING HUMAN REVIEW: EMAIL_20260303_032129_sophia-is-looking-for-a-web-designer.md
[2026-03-03 07:12:30] PENDING HUMAN REVIEW: EMAIL_20260303_032736_roosevelt-is-looking-for-a-web-designer.md
[2026-03-03 07:12:30] PENDING HUMAN REVIEW: EMAIL_20260303_034146_additional-details-chris-is-looking-for-.md
[2026-03-03 07:12:30] PENDING HUMAN REVIEW: EMAIL_20260303_035558_additional-details-billie-is-looking-for.md
[2026-03-03 07:12:30] PENDING HUMAN REVIEW: EMAIL_20260303_043230_verified-esther-is-looking-for-a-web-des.md
[2026-03-03 07:12:30] PENDING HUMAN REVIEW: EMAIL_20260303_043440_salvador-is-looking-for-a-web-designer.md
[2026-03-03 07:12:30] PENDING HUMAN REVIEW: EMAIL_20260303_045113_cooper-is-looking-for-a-web-designer.md
[2026-03-03 07:12:30] PENDING HUMAN REVIEW: EMAIL_20260303_045124_verified-tyler-is-looking-for-a-web-desi.md
[2026-03-03 07:12:30] PENDING HUMAN REVIEW: EMAIL_20260303_050344_additional-details-car-is-looking-for-a-.md
[2026-03-03 07:12:30] PENDING HUMAN REVIEW: EMAIL_20260303_050839_shawanna-is-looking-for-a-web-designer.md
[2026-03-03 07:12:31] PENDING HUMAN REVIEW: EMAIL_20260303_052109_additional-details-albert-is-looking-for.md
[2026-03-03 07:12:31] PENDING HUMAN REVIEW: EMAIL_20260303_063708_verified-nathan-is-looking-for-a-graphic.md
[2026-03-03 07:12:31] PENDING HUMAN REVIEW: EMAIL_20260303_064816_additional-details-wendel-is-looking-for.md
[2026-03-03 07:12:31] PENDING HUMAN REVIEW: EMAIL_20260303_065644_kim-is-looking-for-a-graphic-designer.md
[2026-03-03 07:12:31] PENDING HUMAN REVIEW: EMAIL_20260303_065755_additional-details-maurice-is-looking-fo.md
[2026-03-03 07:12:31] PENDING HUMAN REVIEW: EMAIL_20260303_065919_additional-details-carlos-is-looking-for.md
[2026-03-03 07:12:31] PENDING HUMAN REVIEW: EMAIL_20260303_065952_verified-matt-is-looking-for-a-logo-desi.md
[2026-03-03 07:12:31] PENDING HUMAN REVIEW: EMAIL_20260303_070119_cj-is-looking-for-a-web-designer.md
[2026-03-03 07:12:31] PENDING HUMAN REVIEW: EMAIL_20260303_070440_mike-is-looking-for-a-graphic-designer.md
[2026-03-03 07:12:31] PENDING HUMAN REVIEW: EMAIL_20260303_070451_additional-details-angel-is-looking-for-.md
[2026-03-03 07:12:31] PENDING HUMAN REVIEW: EMAIL_20260303_070500_additional-details-nicolas-is-looking-fo.md
[2026-03-03 07:12:31] PENDING HUMAN REVIEW: EMAIL_20260303_071110_additional-details-silas-is-looking-for-.md
[2026-03-03 07:17:33] PENDING HUMAN REVIEW: budget_task.md
[2026-03-03 07:17:33] PENDING HUMAN REVIEW: EMAIL_20260303_014009_kimberly-urgently-needs-a-graphic-design.md
[2026-03-03 07:17:33] PENDING HUMAN REVIEW: EMAIL_20260303_014016_andreas-urgently-needs-a-web-designer.md
[2026-03-03 07:17:34] PENDING HUMAN REVIEW: EMAIL_20260303_014022_verified-zoraya-is-looking-for-a-web-des.md
[2026-03-03 07:17:34] PENDING HUMAN REVIEW: EMAIL_20260303_014028_jac-urgently-needs-a-web-designer.md
[2026-03-03 07:17:34] PENDING HUMAN REVIEW: EMAIL_20260303_014033_pr-specialist-at-pharma-and-15-more-soci.md
[2026-03-03 07:17:34] PENDING HUMAN REVIEW: EMAIL_20260303_014039_alvin-urgently-needs-a-web-designer.md
[2026-03-03 07:17:34] PENDING HUMAN REVIEW: EMAIL_20260303_014045_verified-george-is-looking-for-a-web-des.md
[2026-03-03 07:17:34] PENDING HUMAN REVIEW: EMAIL_20260303_014052_rosa-is-looking-for-a-web-designer.md
[2026-03-03 07:17:34] PENDING HUMAN REVIEW: EMAIL_20260303_014058_amnafarazai_employee_hackathon-google-oa.md
[2026-03-03 07:17:34] PENDING HUMAN REVIEW: EMAIL_20260303_014104_verified-ashley-is-looking-for-a-web-des.md
[2026-03-03 07:17:35] PENDING HUMAN REVIEW: EMAIL_20260303_014310_nancy-is-looking-for-a-graphic-designer.md
[2026-03-03 07:17:35] PENDING HUMAN REVIEW: EMAIL_20260303_014318_additional-details-shane-is-looking-for-.md
[2026-03-03 07:17:35] PENDING HUMAN REVIEW: EMAIL_20260303_014727_verified-willia-is-looking-for-a-graphic.md
[2026-03-03 07:17:35] PENDING HUMAN REVIEW: EMAIL_20260303_031154_verified-sandra-is-looking-for-a-web-des.md
[2026-03-03 07:17:35] PENDING HUMAN REVIEW: EMAIL_20260303_031200_additional-details-michael-is-looking-fo.md
[2026-03-03 07:17:35] PENDING HUMAN REVIEW: EMAIL_20260303_031205_rich-is-looking-for-a-web-designer-in-au.md
[2026-03-03 07:17:36] PENDING HUMAN REVIEW: EMAIL_20260303_031227_paul-is-looking-for-a-web-designer.md
[2026-03-03 07:17:36] PENDING HUMAN REVIEW: EMAIL_20260303_031237_verified-jesse-is-looking-for-a-web-desi.md
[2026-03-03 07:17:36] PENDING HUMAN REVIEW: EMAIL_20260303_031241_amnafarazai_employee_hackathon-google-cl.md
[2026-03-03 07:17:36] PENDING HUMAN REVIEW: EMAIL_20260303_031446_verified-duke-is-looking-for-a-web-desig.md
[2026-03-03 07:17:36] PENDING HUMAN REVIEW: EMAIL_20260303_031922_additional-details-jonathan-is-looking-f.md
[2026-03-03 07:17:36] PENDING HUMAN REVIEW: EMAIL_20260303_032129_sophia-is-looking-for-a-web-designer.md
[2026-03-03 07:17:37] PENDING HUMAN REVIEW: EMAIL_20260303_032736_roosevelt-is-looking-for-a-web-designer.md
[2026-03-03 07:17:37] PENDING HUMAN REVIEW: EMAIL_20260303_034146_additional-details-chris-is-looking-for-.md
[2026-03-03 07:17:37] PENDING HUMAN REVIEW: EMAIL_20260303_035558_additional-details-billie-is-looking-for.md
[2026-03-03 07:17:37] PENDING HUMAN REVIEW: EMAIL_20260303_043230_verified-esther-is-looking-for-a-web-des.md
[2026-03-03 07:17:37] PENDING HUMAN REVIEW: EMAIL_20260303_043440_salvador-is-looking-for-a-web-designer.md
[2026-03-03 07:17:37] PENDING HUMAN REVIEW: EMAIL_20260303_045113_cooper-is-looking-for-a-web-designer.md
[2026-03-03 07:17:38] PENDING HUMAN REVIEW: EMAIL_20260303_045124_verified-tyler-is-looking-for-a-web-desi.md
[2026-03-03 07:17:38] PENDING HUMAN REVIEW: EMAIL_20260303_050344_additional-details-car-is-looking-for-a-.md
[2026-03-03 07:17:38] PENDING HUMAN REVIEW: EMAIL_20260303_050839_shawanna-is-looking-for-a-web-designer.md
[2026-03-03 07:17:38] PENDING HUMAN REVIEW: EMAIL_20260303_052109_additional-details-albert-is-looking-for.md
[2026-03-03 07:17:38] PENDING HUMAN REVIEW: EMAIL_20260303_063708_verified-nathan-is-looking-for-a-graphic.md[2026-03-03 07:17:38] PENDING HUMAN REVIEW: EMAIL_20260303_064816_additional-details-wendel-is-looking-for.md
[2026-03-03 07:17:38] PENDING HUMAN REVIEW: EMAIL_20260303_065644_kim-is-looking-for-a-graphic-designer.md
[2026-03-03 07:17:38] PENDING HUMAN REVIEW: EMAIL_20260303_065755_additional-details-maurice-is-looking-fo.md
[2026-03-03 07:17:38] PENDING HUMAN REVIEW: EMAIL_20260303_065919_additional-details-carlos-is-looking-for.md
[2026-03-03 07:17:38] PENDING HUMAN REVIEW: EMAIL_20260303_065952_verified-matt-is-looking-for-a-logo-desi.md
[2026-03-03 07:17:38] PENDING HUMAN REVIEW: EMAIL_20260303_070119_cj-is-looking-for-a-web-designer.md
[2026-03-03 07:17:38] PENDING HUMAN REVIEW: EMAIL_20260303_070440_mike-is-looking-for-a-graphic-designer.md
[2026-03-03 07:17:38] PENDING HUMAN REVIEW: EMAIL_20260303_070451_additional-details-angel-is-looking-for-.md
[2026-03-03 07:17:38] PENDING HUMAN REVIEW: EMAIL_20260303_070500_additional-details-nicolas-is-looking-fo.md
[2026-03-03 07:17:38] PENDING HUMAN REVIEW: EMAIL_20260303_071110_additional-details-silas-is-looking-for-.md
[2026-03-03 07:17:38] PENDING HUMAN REVIEW: EMAIL_20260303_071724_additional-details-charles-is-looking-fo.md
[2026-03-03 07:22:39] PENDING HUMAN REVIEW: budget_task.md
[2026-03-03 07:22:39] PENDING HUMAN REVIEW: EMAIL_20260303_014009_kimberly-urgently-needs-a-graphic-design.md
[2026-03-03 07:22:39] PENDING HUMAN REVIEW: EMAIL_20260303_014016_andreas-urgently-needs-a-web-designer.md
[2026-03-03 07:22:39] PENDING HUMAN REVIEW: EMAIL_20260303_014022_verified-zoraya-is-looking-for-a-web-des.md
[2026-03-03 07:22:39] PENDING HUMAN REVIEW: EMAIL_20260303_014028_jac-urgently-needs-a-web-designer.md
[2026-03-03 07:22:39] PENDING HUMAN REVIEW: EMAIL_20260303_014033_pr-specialist-at-pharma-and-15-more-soci.md
[2026-03-03 07:22:39] PENDING HUMAN REVIEW: EMAIL_20260303_014039_alvin-urgently-needs-a-web-designer.md
[2026-03-03 07:22:39] PENDING HUMAN REVIEW: EMAIL_20260303_014045_verified-george-is-looking-for-a-web-des.md
[2026-03-03 07:22:40] PENDING HUMAN REVIEW: EMAIL_20260303_014052_rosa-is-looking-for-a-web-designer.md
[2026-03-03 07:22:40] PENDING HUMAN REVIEW: EMAIL_20260303_014058_amnafarazai_employee_hackathon-google-oa.md
[2026-03-03 07:22:40] PENDING HUMAN REVIEW: EMAIL_20260303_014104_verified-ashley-is-looking-for-a-web-des.md
[2026-03-03 07:22:40] PENDING HUMAN REVIEW: EMAIL_20260303_014310_nancy-is-looking-for-a-graphic-designer.md
[2026-03-03 07:22:40] PENDING HUMAN REVIEW: EMAIL_20260303_014318_additional-details-shane-is-looking-for-.md
[2026-03-03 07:22:40] PENDING HUMAN REVIEW: EMAIL_20260303_014727_verified-willia-is-looking-for-a-graphic.md
[2026-03-03 07:22:40] PENDING HUMAN REVIEW: EMAIL_20260303_031154_verified-sandra-is-looking-for-a-web-des.md
[2026-03-03 07:22:40] PENDING HUMAN REVIEW: EMAIL_20260303_031200_additional-details-michael-is-looking-fo.md
[2026-03-03 07:22:40] PENDING HUMAN REVIEW: EMAIL_20260303_031205_rich-is-looking-for-a-web-designer-in-au.md
[2026-03-03 07:22:40] PENDING HUMAN REVIEW: EMAIL_20260303_031227_paul-is-looking-for-a-web-designer.md
[2026-03-03 07:22:40] PENDING HUMAN REVIEW: EMAIL_20260303_031237_verified-jesse-is-looking-for-a-web-desi.md
[2026-03-03 07:22:40] PENDING HUMAN REVIEW: EMAIL_20260303_031241_amnafarazai_employee_hackathon-google-cl.md
[2026-03-03 07:22:40] PENDING HUMAN REVIEW: EMAIL_20260303_031446_verified-duke-is-looking-for-a-web-desig.md
[2026-03-03 07:22:40] PENDING HUMAN REVIEW: EMAIL_20260303_031922_additional-details-jonathan-is-looking-f.md
[2026-03-03 07:22:41] PENDING HUMAN REVIEW: EMAIL_20260303_032129_sophia-is-looking-for-a-web-designer.md
[2026-03-03 07:22:41] PENDING HUMAN REVIEW: EMAIL_20260303_032736_roosevelt-is-looking-for-a-web-designer.md
[2026-03-03 07:22:41] PENDING HUMAN REVIEW: EMAIL_20260303_034146_additional-details-chris-is-looking-for-.md
[2026-03-03 07:22:41] PENDING HUMAN REVIEW: EMAIL_20260303_035558_additional-details-billie-is-looking-for.md
[2026-03-03 07:22:41] PENDING HUMAN REVIEW: EMAIL_20260303_043230_verified-esther-is-looking-for-a-web-des.md
[2026-03-03 07:22:41] PENDING HUMAN REVIEW: EMAIL_20260303_043440_salvador-is-looking-for-a-web-designer.md
[2026-03-03 07:22:41] PENDING HUMAN REVIEW: EMAIL_20260303_045113_cooper-is-looking-for-a-web-designer.md
[2026-03-03 07:22:41] PENDING HUMAN REVIEW: EMAIL_20260303_045124_verified-tyler-is-looking-for-a-web-desi.md
[2026-03-03 07:22:41] PENDING HUMAN REVIEW: EMAIL_20260303_050344_additional-details-car-is-looking-for-a-.md
[2026-03-03 07:22:41] PENDING HUMAN REVIEW: EMAIL_20260303_050839_shawanna-is-looking-for-a-web-designer.md
[2026-03-03 07:22:41] PENDING HUMAN REVIEW: EMAIL_20260303_052109_additional-details-albert-is-looking-for.md
[2026-03-03 07:22:41] PENDING HUMAN REVIEW: EMAIL_20260303_063708_verified-nathan-is-looking-for-a-graphic.md
[2026-03-03 07:22:42] PENDING HUMAN REVIEW: EMAIL_20260303_064816_additional-details-wendel-is-looking-for.md
[2026-03-03 07:22:42] PENDING HUMAN REVIEW: EMAIL_20260303_065644_kim-is-looking-for-a-graphic-designer.md
[2026-03-03 07:22:42] PENDING HUMAN REVIEW: EMAIL_20260303_065755_additional-details-maurice-is-looking-fo.md
[2026-03-03 07:22:42] PENDING HUMAN REVIEW: EMAIL_20260303_065919_additional-details-carlos-is-looking-for.md
[2026-03-03 07:22:42] PENDING HUMAN REVIEW: EMAIL_20260303_065952_verified-matt-is-looking-for-a-logo-desi.md
[2026-03-03 07:22:42] PENDING HUMAN REVIEW: EMAIL_20260303_070119_cj-is-looking-for-a-web-designer.md
[2026-03-03 07:22:42] PENDING HUMAN REVIEW: EMAIL_20260303_070440_mike-is-looking-for-a-graphic-designer.md
[2026-03-03 07:22:43] PENDING HUMAN REVIEW: EMAIL_20260303_070451_additional-details-angel-is-looking-for-.md
[2026-03-03 07:22:43] PENDING HUMAN REVIEW: EMAIL_20260303_070500_additional-details-nicolas-is-looking-fo.md
[2026-03-03 07:22:43] PENDING HUMAN REVIEW: EMAIL_20260303_071110_additional-details-silas-is-looking-for-.md
[2026-03-03 07:22:43] PENDING HUMAN REVIEW: EMAIL_20260303_071724_additional-details-charles-is-looking-fo.md
[2026-03-03 07:27:43] PENDING HUMAN REVIEW: budget_task.md
[2026-03-03 07:27:43] PENDING HUMAN REVIEW: EMAIL_20260303_014009_kimberly-urgently-needs-a-graphic-design.md
[2026-03-03 07:27:43] PENDING HUMAN REVIEW: EMAIL_20260303_014016_andreas-urgently-needs-a-web-designer.md
[2026-03-03 07:27:43] PENDING HUMAN REVIEW: EMAIL_20260303_014022_verified-zoraya-is-looking-for-a-web-des.md
[2026-03-03 07:27:44] PENDING HUMAN REVIEW: EMAIL_20260303_014028_jac-urgently-needs-a-web-designer.md
[2026-03-03 07:27:44] PENDING HUMAN REVIEW: EMAIL_20260303_014033_pr-specialist-at-pharma-and-15-more-soci.md
[2026-03-03 07:27:44] PENDING HUMAN REVIEW: EMAIL_20260303_014039_alvin-urgently-needs-a-web-designer.md
[2026-03-03 07:27:44] PENDING HUMAN REVIEW: EMAIL_20260303_014045_verified-george-is-looking-for-a-web-des.md
[2026-03-03 07:27:44] PENDING HUMAN REVIEW: EMAIL_20260303_014052_rosa-is-looking-for-a-web-designer.md
[2026-03-03 07:27:44] PENDING HUMAN REVIEW: EMAIL_20260303_014058_amnafarazai_employee_hackathon-google-oa.md
[2026-03-03 07:27:44] PENDING HUMAN REVIEW: EMAIL_20260303_014104_verified-ashley-is-looking-for-a-web-des.md
[2026-03-03 07:27:44] PENDING HUMAN REVIEW: EMAIL_20260303_014310_nancy-is-looking-for-a-graphic-designer.md
[2026-03-03 07:27:44] PENDING HUMAN REVIEW: EMAIL_20260303_014318_additional-details-shane-is-looking-for-.md
[2026-03-03 07:27:44] PENDING HUMAN REVIEW: EMAIL_20260303_014727_verified-willia-is-looking-for-a-graphic.md
[2026-03-03 07:27:44] PENDING HUMAN REVIEW: EMAIL_20260303_031154_verified-sandra-is-looking-for-a-web-des.md
[2026-03-03 07:27:44] PENDING HUMAN REVIEW: EMAIL_20260303_031200_additional-details-michael-is-looking-fo.md
[2026-03-03 07:27:44] PENDING HUMAN REVIEW: EMAIL_20260303_031205_rich-is-looking-for-a-web-designer-in-au.md
[2026-03-03 07:27:44] PENDING HUMAN REVIEW: EMAIL_20260303_031227_paul-is-looking-for-a-web-designer.md
[2026-03-03 07:27:44] PENDING HUMAN REVIEW: EMAIL_20260303_031237_verified-jesse-is-looking-for-a-web-desi.md
[2026-03-03 07:27:44] PENDING HUMAN REVIEW: EMAIL_20260303_031241_amnafarazai_employee_hackathon-google-cl.md
[2026-03-03 07:27:44] PENDING HUMAN REVIEW: EMAIL_20260303_031446_verified-duke-is-looking-for-a-web-desig.md

[2026-03-03 07:17:38] PENDING HUMAN REVIEW: EMAIL_20260303_064816_additional-details-wendel-is-looking-for.md
[2026-03-03 07:17:38] PENDING HUMAN REVIEW: EMAIL_20260303_065644_kim-is-looking-for-a-graphic-designer.md
[2026-03-03 07:17:38] PENDING HUMAN REVIEW: EMAIL_20260303_065755_additional-details-maurice-is-looking-fo.md
[2026-03-03 07:17:38] PENDING HUMAN REVIEW: EMAIL_20260303_065919_additional-details-carlos-is-looking-for.md
[2026-03-03 07:17:38] PENDING HUMAN REVIEW: EMAIL_20260303_065952_verified-matt-is-looking-for-a-logo-desi.md
[2026-03-03 07:17:38] PENDING HUMAN REVIEW: EMAIL_20260303_070119_cj-is-looking-for-a-web-designer.md
[2026-03-03 07:17:38] PENDING HUMAN REVIEW: EMAIL_20260303_070440_mike-is-looking-for-a-graphic-designer.md
[2026-03-03 07:17:38] PENDING HUMAN REVIEW: EMAIL_20260303_070451_additional-details-angel-is-looking-for-.md
[2026-03-03 07:17:38] PENDING HUMAN REVIEW: EMAIL_20260303_070500_additional-details-nicolas-is-looking-fo.md
[2026-03-03 07:17:38] PENDING HUMAN REVIEW: EMAIL_20260303_071110_additional-details-silas-is-looking-for-.md
[2026-03-03 07:17:38] PENDING HUMAN REVIEW: EMAIL_20260303_071724_additional-details-charles-is-looking-fo.md
[2026-03-03 07:22:39] PENDING HUMAN REVIEW: budget_task.md
[2026-03-03 07:22:39] PENDING HUMAN REVIEW: EMAIL_20260303_014009_kimberly-urgently-needs-a-graphic-design.md
[2026-03-03 07:22:39] PENDING HUMAN REVIEW: EMAIL_20260303_014016_andreas-urgently-needs-a-web-designer.md
[2026-03-03 07:22:39] PENDING HUMAN REVIEW: EMAIL_20260303_014022_verified-zoraya-is-looking-for-a-web-des.md
[2026-03-03 07:22:39] PENDING HUMAN REVIEW: EMAIL_20260303_014028_jac-urgently-needs-a-web-designer.md
[2026-03-03 07:22:39] PENDING HUMAN REVIEW: EMAIL_20260303_014033_pr-specialist-at-pharma-and-15-more-soci.md
[2026-03-03 07:22:39] PENDING HUMAN REVIEW: EMAIL_20260303_014039_alvin-urgently-needs-a-web-designer.md
[2026-03-03 07:22:39] PENDING HUMAN REVIEW: EMAIL_20260303_014045_verified-george-is-looking-for-a-web-des.md
[2026-03-03 07:22:40] PENDING HUMAN REVIEW: EMAIL_20260303_014052_rosa-is-looking-for-a-web-designer.md
[2026-03-03 07:22:40] PENDING HUMAN REVIEW: EMAIL_20260303_014058_amnafarazai_employee_hackathon-google-oa.md
[2026-03-03 07:22:40] PENDING HUMAN REVIEW: EMAIL_20260303_014104_verified-ashley-is-looking-for-a-web-des.md
[2026-03-03 07:22:40] PENDING HUMAN REVIEW: EMAIL_20260303_014310_nancy-is-looking-for-a-graphic-designer.md
[2026-03-03 07:22:40] PENDING HUMAN REVIEW: EMAIL_20260303_014318_additional-details-shane-is-looking-for-.md
[2026-03-03 07:22:40] PENDING HUMAN REVIEW: EMAIL_20260303_014727_verified-willia-is-looking-for-a-graphic.md
[2026-03-03 07:22:40] PENDING HUMAN REVIEW: EMAIL_20260303_031154_verified-sandra-is-looking-for-a-web-des.md
[2026-03-03 07:22:40] PENDING HUMAN REVIEW: EMAIL_20260303_031200_additional-details-michael-is-looking-fo.md
[2026-03-03 07:22:40] PENDING HUMAN REVIEW: EMAIL_20260303_031205_rich-is-looking-for-a-web-designer-in-au.md
[2026-03-03 07:22:40] PENDING HUMAN REVIEW: EMAIL_20260303_031227_paul-is-looking-for-a-web-designer.md
[2026-03-03 07:22:40] PENDING HUMAN REVIEW: EMAIL_20260303_031237_verified-jesse-is-looking-for-a-web-desi.md
[2026-03-03 07:22:40] PENDING HUMAN REVIEW: EMAIL_20260303_031241_amnafarazai_employee_hackathon-google-cl.md
[2026-03-03 07:22:40] PENDING HUMAN REVIEW: EMAIL_20260303_031446_verified-duke-is-looking-for-a-web-desig.md
[2026-03-03 07:22:40] PENDING HUMAN REVIEW: EMAIL_20260303_031922_additional-details-jonathan-is-looking-f.md
[2026-03-03 07:22:41] PENDING HUMAN REVIEW: EMAIL_20260303_032129_sophia-is-looking-for-a-web-designer.md
[2026-03-03 07:22:41] PENDING HUMAN REVIEW: EMAIL_20260303_032736_roosevelt-is-looking-for-a-web-designer.md
[2026-03-03 07:22:41] PENDING HUMAN REVIEW: EMAIL_20260303_034146_additional-details-chris-is-looking-for-.md
[2026-03-03 07:22:41] PENDING HUMAN REVIEW: EMAIL_20260303_035558_additional-details-billie-is-looking-for.md
[2026-03-03 07:22:41] PENDING HUMAN REVIEW: EMAIL_20260303_043230_verified-esther-is-looking-for-a-web-des.md
[2026-03-03 07:22:41] PENDING HUMAN REVIEW: EMAIL_20260303_043440_salvador-is-looking-for-a-web-designer.md
[2026-03-03 07:22:41] PENDING HUMAN REVIEW: EMAIL_20260303_045113_cooper-is-looking-for-a-web-designer.md
[2026-03-03 07:22:41] PENDING HUMAN REVIEW: EMAIL_20260303_045124_verified-tyler-is-looking-for-a-web-desi.md
[2026-03-03 07:22:41] PENDING HUMAN REVIEW: EMAIL_20260303_050344_additional-details-car-is-looking-for-a-.md
[2026-03-03 07:22:41] PENDING HUMAN REVIEW: EMAIL_20260303_050839_shawanna-is-looking-for-a-web-designer.md
[2026-03-03 07:22:41] PENDING HUMAN REVIEW: EMAIL_20260303_052109_additional-details-albert-is-looking-for.md
[2026-03-03 07:22:41] PENDING HUMAN REVIEW: EMAIL_20260303_063708_verified-nathan-is-looking-for-a-graphic.md
[2026-03-03 07:22:42] PENDING HUMAN REVIEW: EMAIL_20260303_064816_additional-details-wendel-is-looking-for.md
[2026-03-03 07:22:42] PENDING HUMAN REVIEW: EMAIL_20260303_065644_kim-is-looking-for-a-graphic-designer.md
[2026-03-03 07:22:42] PENDING HUMAN REVIEW: EMAIL_20260303_065755_additional-details-maurice-is-looking-fo.md
[2026-03-03 07:22:42] PENDING HUMAN REVIEW: EMAIL_20260303_065919_additional-details-carlos-is-looking-for.md
[2026-03-03 07:22:42] PENDING HUMAN REVIEW: EMAIL_20260303_065952_verified-matt-is-looking-for-a-logo-desi.md
[2026-03-03 07:22:42] PENDING HUMAN REVIEW: EMAIL_20260303_070119_cj-is-looking-for-a-web-designer.md
[2026-03-03 07:22:42] PENDING HUMAN REVIEW: EMAIL_20260303_070440_mike-is-looking-for-a-graphic-designer.md
[2026-03-03 07:22:43] PENDING HUMAN REVIEW: EMAIL_20260303_070451_additional-details-angel-is-looking-for-.md
[2026-03-03 07:22:43] PENDING HUMAN REVIEW: EMAIL_20260303_070500_additional-details-nicolas-is-looking-fo.md
[2026-03-03 07:22:43] PENDING HUMAN REVIEW: EMAIL_20260303_071110_additional-details-silas-is-looking-for-.md
[2026-03-03 07:22:43] PENDING HUMAN REVIEW: EMAIL_20260303_071724_additional-details-charles-is-looking-fo.md
[2026-03-03 07:27:43] PENDING HUMAN REVIEW: budget_task.md
[2026-03-03 07:27:43] PENDING HUMAN REVIEW: EMAIL_20260303_014009_kimberly-urgently-needs-a-graphic-design.md
[2026-03-03 07:27:43] PENDING HUMAN REVIEW: EMAIL_20260303_014016_andreas-urgently-needs-a-web-designer.md
[2026-03-03 07:27:43] PENDING HUMAN REVIEW: EMAIL_20260303_014022_verified-zoraya-is-looking-for-a-web-des.md
[2026-03-03 07:27:44] PENDING HUMAN REVIEW: EMAIL_20260303_014028_jac-urgently-needs-a-web-designer.md
[2026-03-03 07:27:44] PENDING HUMAN REVIEW: EMAIL_20260303_014033_pr-specialist-at-pharma-and-15-more-soci.md
[2026-03-03 07:27:44] PENDING HUMAN REVIEW: EMAIL_20260303_014039_alvin-urgently-needs-a-web-designer.md
[2026-03-03 07:27:44] PENDING HUMAN REVIEW: EMAIL_20260303_014045_verified-george-is-looking-for-a-web-des.md
[2026-03-03 07:27:44] PENDING HUMAN REVIEW: EMAIL_20260303_014052_rosa-is-looking-for-a-web-designer.md
[2026-03-03 07:27:44] PENDING HUMAN REVIEW: EMAIL_20260303_014058_amnafarazai_employee_hackathon-google-oa.md
[2026-03-03 07:27:44] PENDING HUMAN REVIEW: EMAIL_20260303_014104_verified-ashley-is-looking-for-a-web-des.md
[2026-03-03 07:27:44] PENDING HUMAN REVIEW: EMAIL_20260303_014310_nancy-is-looking-for-a-graphic-designer.md
[2026-03-03 07:27:44] PENDING HUMAN REVIEW: EMAIL_20260303_014318_additional-details-shane-is-looking-for-.md
[2026-03-03 07:27:44] PENDING HUMAN REVIEW: EMAIL_20260303_014727_verified-willia-is-looking-for-a-graphic.md
[2026-03-03 07:27:44] PENDING HUMAN REVIEW: EMAIL_20260303_031154_verified-sandra-is-looking-for-a-web-des.md
[2026-03-03 07:27:44] PENDING HUMAN REVIEW: EMAIL_20260303_031200_additional-details-michael-is-looking-fo.md
[2026-03-03 07:27:44] PENDING HUMAN REVIEW: EMAIL_20260303_031205_rich-is-looking-for-a-web-designer-in-au.md
[2026-03-03 07:27:44] PENDING HUMAN REVIEW: EMAIL_20260303_031227_paul-is-looking-for-a-web-designer.md
[2026-03-03 07:27:44] PENDING HUMAN REVIEW: EMAIL_20260303_031237_verified-jesse-is-looking-for-a-web-desi.md
[2026-03-03 07:27:44] PENDING HUMAN REVIEW: EMAIL_20260303_031241_amnafarazai_employee_hackathon-google-cl.md
[2026-03-03 07:27:44] PENDING HUMAN REVIEW: EMAIL_20260303_031446_verified-duke-is-looking-for-a-web-desig.md[2026-03-03 07:27:45] PENDING HUMAN REVIEW: EMAIL_20260303_031922_additional-details-jonathan-is-looking-f.md
[2026-03-03 07:27:45] PENDING HUMAN REVIEW: EMAIL_20260303_032129_sophia-is-looking-for-a-web-designer.md
[2026-03-03 07:27:45] PENDING HUMAN REVIEW: EMAIL_20260303_032736_roosevelt-is-looking-for-a-web-designer.md
[2026-03-03 07:27:45] PENDING HUMAN REVIEW: EMAIL_20260303_034146_additional-details-chris-is-looking-for-.md
[2026-03-03 07:27:45] PENDING HUMAN REVIEW: EMAIL_20260303_035558_additional-details-billie-is-looking-for.md
[2026-03-03 07:27:45] PENDING HUMAN REVIEW: EMAIL_20260303_043230_verified-esther-is-looking-for-a-web-des.md
[2026-03-03 07:27:45] PENDING HUMAN REVIEW: EMAIL_20260303_043440_salvador-is-looking-for-a-web-designer.md
[2026-03-03 07:27:45] PENDING HUMAN REVIEW: EMAIL_20260303_045113_cooper-is-looking-for-a-web-designer.md
[2026-03-03 07:27:45] PENDING HUMAN REVIEW: EMAIL_20260303_045124_verified-tyler-is-looking-for-a-web-desi.md
[2026-03-03 07:27:45] PENDING HUMAN REVIEW: EMAIL_20260303_050344_additional-details-car-is-looking-for-a-.md
[2026-03-03 07:27:45] PENDING HUMAN REVIEW: EMAIL_20260303_050839_shawanna-is-looking-for-a-web-designer.md
[2026-03-03 07:27:45] PENDING HUMAN REVIEW: EMAIL_20260303_052109_additional-details-albert-is-looking-for.md
[2026-03-03 07:27:45] PENDING HUMAN REVIEW: EMAIL_20260303_063708_verified-nathan-is-looking-for-a-graphic.md
[2026-03-03 07:27:45] PENDING HUMAN REVIEW: EMAIL_20260303_064816_additional-details-wendel-is-looking-for.md
[2026-03-03 07:27:45] PENDING HUMAN REVIEW: EMAIL_20260303_065644_kim-is-looking-for-a-graphic-designer.md
[2026-03-03 07:27:45] PENDING HUMAN REVIEW: EMAIL_20260303_065755_additional-details-maurice-is-looking-fo.md
[2026-03-03 07:27:45] PENDING HUMAN REVIEW: EMAIL_20260303_065919_additional-details-carlos-is-looking-for.md
[2026-03-03 07:27:45] PENDING HUMAN REVIEW: EMAIL_20260303_065952_verified-matt-is-looking-for-a-logo-desi.md
[2026-03-03 07:27:45] PENDING HUMAN REVIEW: EMAIL_20260303_070119_cj-is-looking-for-a-web-designer.md
[2026-03-03 07:27:45] PENDING HUMAN REVIEW: EMAIL_20260303_070440_mike-is-looking-for-a-graphic-designer.md
[2026-03-03 07:27:46] PENDING HUMAN REVIEW: EMAIL_20260303_070451_additional-details-angel-is-looking-for-.md
[2026-03-03 07:27:46] PENDING HUMAN REVIEW: EMAIL_20260303_070500_additional-details-nicolas-is-looking-fo.md
[2026-03-03 07:27:46] PENDING HUMAN REVIEW: EMAIL_20260303_071110_additional-details-silas-is-looking-for-.md
[2026-03-03 07:27:46] PENDING HUMAN REVIEW: EMAIL_20260303_071724_additional-details-charles-is-looking-fo.md
[2026-03-07 02:27:59] === Ralph Wiggum Autonomous Loop Started ===
[2026-03-07 02:28:02] PENDING HUMAN REVIEW: budget_task.md
[2026-03-07 02:28:02] PENDING HUMAN REVIEW: EMAIL_20260303_014009_kimberly-urgently-needs-a-graphic-design.md
[2026-03-07 02:28:02] PENDING HUMAN REVIEW: EMAIL_20260303_014016_andreas-urgently-needs-a-web-designer.md
[2026-03-07 02:28:03] PENDING HUMAN REVIEW: EMAIL_20260303_014022_verified-zoraya-is-looking-for-a-web-des.md
[2026-03-07 02:28:03] PENDING HUMAN REVIEW: EMAIL_20260303_014028_jac-urgently-needs-a-web-designer.md
[2026-03-07 02:28:03] PENDING HUMAN REVIEW: EMAIL_20260303_014033_pr-specialist-at-pharma-and-15-more-soci.md
[2026-03-07 02:28:04] PENDING HUMAN REVIEW: EMAIL_20260303_014039_alvin-urgently-needs-a-web-designer.md
[2026-03-07 02:28:04] PENDING HUMAN REVIEW: EMAIL_20260303_014045_verified-george-is-looking-for-a-web-des.md
[2026-03-07 02:28:05] PENDING HUMAN REVIEW: EMAIL_20260303_014052_rosa-is-looking-for-a-web-designer.md
[2026-03-07 02:28:05] PENDING HUMAN REVIEW: EMAIL_20260303_014058_amnafarazai_employee_hackathon-google-oa.md
[2026-03-07 02:28:06] PENDING HUMAN REVIEW: EMAIL_20260303_014104_verified-ashley-is-looking-for-a-web-des.md
[2026-03-07 02:28:06] PENDING HUMAN REVIEW: EMAIL_20260303_014310_nancy-is-looking-for-a-graphic-designer.md
[2026-03-07 02:28:06] PENDING HUMAN REVIEW: EMAIL_20260303_014318_additional-details-shane-is-looking-for-.md
[2026-03-07 02:28:07] PENDING HUMAN REVIEW: EMAIL_20260303_014727_verified-willia-is-looking-for-a-graphic.md
[2026-03-07 02:28:07] PENDING HUMAN REVIEW: EMAIL_20260303_031154_verified-sandra-is-looking-for-a-web-des.md
[2026-03-07 02:28:08] PENDING HUMAN REVIEW: EMAIL_20260303_031200_additional-details-michael-is-looking-fo.md
[2026-03-07 02:28:08] PENDING HUMAN REVIEW: EMAIL_20260303_031205_rich-is-looking-for-a-web-designer-in-au.md
[2026-03-07 02:28:09] PENDING HUMAN REVIEW: EMAIL_20260303_031227_paul-is-looking-for-a-web-designer.md
[2026-03-07 02:28:09] PENDING HUMAN REVIEW: EMAIL_20260303_031237_verified-jesse-is-looking-for-a-web-desi.md
[2026-03-07 02:28:10] PENDING HUMAN REVIEW: EMAIL_20260303_031241_amnafarazai_employee_hackathon-google-cl.md
[2026-03-07 02:28:10] PENDING HUMAN REVIEW: EMAIL_20260303_031446_verified-duke-is-looking-for-a-web-desig.md
[2026-03-07 02:28:10] PENDING HUMAN REVIEW: EMAIL_20260303_031922_additional-details-jonathan-is-looking-f.md
[2026-03-07 02:28:11] PENDING HUMAN REVIEW: EMAIL_20260303_032129_sophia-is-looking-for-a-web-designer.md
[2026-03-07 02:28:11] PENDING HUMAN REVIEW: EMAIL_20260303_032736_roosevelt-is-looking-for-a-web-designer.md
[2026-03-07 02:28:11] PENDING HUMAN REVIEW: EMAIL_20260303_034146_additional-details-chris-is-looking-for-.md
[2026-03-07 02:28:13] PENDING HUMAN REVIEW: EMAIL_20260303_035558_additional-details-billie-is-looking-for.md
[2026-03-07 02:28:14] PENDING HUMAN REVIEW: EMAIL_20260303_043230_verified-esther-is-looking-for-a-web-des.md
[2026-03-07 02:28:14] PENDING HUMAN REVIEW: EMAIL_20260303_043440_salvador-is-looking-for-a-web-designer.md
[2026-03-07 02:28:15] PENDING HUMAN REVIEW: EMAIL_20260303_045113_cooper-is-looking-for-a-web-designer.md
[2026-03-07 02:28:15] PENDING HUMAN REVIEW: EMAIL_20260303_045124_verified-tyler-is-looking-for-a-web-desi.md
[2026-03-07 02:28:16] PENDING HUMAN REVIEW: EMAIL_20260303_050344_additional-details-car-is-looking-for-a-.md
[2026-03-07 02:28:16] PENDING HUMAN REVIEW: EMAIL_20260303_050839_shawanna-is-looking-for-a-web-designer.md
[2026-03-07 02:28:16] PENDING HUMAN REVIEW: EMAIL_20260303_052109_additional-details-albert-is-looking-for.md
[2026-03-07 02:28:17] PENDING HUMAN REVIEW: EMAIL_20260303_063708_verified-nathan-is-looking-for-a-graphic.md
[2026-03-07 02:28:17] PENDING HUMAN REVIEW: EMAIL_20260303_064816_additional-details-wendel-is-looking-for.md
[2026-03-07 02:28:17] PENDING HUMAN REVIEW: EMAIL_20260303_065644_kim-is-looking-for-a-graphic-designer.md
[2026-03-07 02:28:18] PENDING HUMAN REVIEW: EMAIL_20260303_065755_additional-details-maurice-is-looking-fo.md
[2026-03-07 02:28:18] PENDING HUMAN REVIEW: EMAIL_20260303_065919_additional-details-carlos-is-looking-for.md
[2026-03-07 02:28:19] PENDING HUMAN REVIEW: EMAIL_20260303_065952_verified-matt-is-looking-for-a-logo-desi.md
[2026-03-07 02:28:19] PENDING HUMAN REVIEW: EMAIL_20260303_070119_cj-is-looking-for-a-web-designer.md
[2026-03-07 02:28:19] PENDING HUMAN REVIEW: EMAIL_20260303_070440_mike-is-looking-for-a-graphic-designer.md
[2026-03-07 02:28:19] PENDING HUMAN REVIEW: EMAIL_20260303_070451_additional-details-angel-is-looking-for-.md
[2026-03-07 02:28:21] PENDING HUMAN REVIEW: EMAIL_20260303_070500_additional-details-nicolas-is-looking-fo.md
[2026-03-07 02:28:22] PENDING HUMAN REVIEW: EMAIL_20260303_071110_additional-details-silas-is-looking-for-.md
[2026-03-07 02:28:22] PENDING HUMAN REVIEW: EMAIL_20260303_071724_additional-details-charles-is-looking-fo.md
[2026-03-07 02:33:32] PENDING HUMAN REVIEW: budget_task.md
[2026-03-07 02:33:32] PENDING HUMAN REVIEW: EMAIL_20260303_014009_kimberly-urgently-needs-a-graphic-design.md
[2026-03-07 02:33:32] PENDING HUMAN REVIEW: EMAIL_20260303_014016_andreas-urgently-needs-a-web-designer.md
[2026-03-07 02:33:32] PENDING HUMAN REVIEW: EMAIL_20260303_014022_verified-zoraya-is-looking-for-a-web-des.md
[2026-03-07 02:33:32] PENDING HUMAN REVIEW: EMAIL_20260303_014028_jac-urgently-needs-a-web-designer.md
[2026-03-07 02:33:32] PENDING HUMAN REVIEW: EMAIL_20260303_014033_pr-specialist-at-pharma-and-15-more-soci.md
[2026-03-07 02:33:32] PENDING HUMAN REVIEW: EMAIL_20260303_014039_alvin-urgently-needs-a-web-designer.md
[2026-03-07 02:33:32] PENDING HUMAN REVIEW: EMAIL_20260303_014045_verified-george-is-looking-for-a-web-des.md
[2026-03-07 02:33:32] PENDING HUMAN REVIEW: EMAIL_20260303_014052_rosa-is-looking-for-a-web-designer.md
[2026-03-07 02:33:33] PENDING HUMAN REVIEW: EMAIL_20260303_014058_amnafarazai_employee_hackathon-google-oa.md
[2026-03-07 02:33:33] PENDING HUMAN REVIEW: EMAIL_20260303_014104_verified-ashley-is-looking-for-a-web-des.md
[2026-03-07 02:33:33] PENDING HUMAN REVIEW: EMAIL_20260303_014310_nancy-is-looking-for-a-graphic-designer.md
[2026-03-07 02:33:33] PENDING HUMAN REVIEW: EMAIL_20260303_014318_additional-details-shane-is-looking-for-.md
[2026-03-07 02:33:33] PENDING HUMAN REVIEW: EMAIL_20260303_014727_verified-willia-is-looking-for-a-graphic.md
[2026-03-07 02:33:33] PENDING HUMAN REVIEW: EMAIL_20260303_031154_verified-sandra-is-looking-for-a-web-des.md
[2026-03-07 02:33:33] PENDING HUMAN REVIEW: EMAIL_20260303_031200_additional-details-michael-is-looking-fo.md
[2026-03-07 02:33:33] PENDING HUMAN REVIEW: EMAIL_20260303_031205_rich-is-looking-for-a-web-designer-in-au.md
[2026-03-07 02:33:33] PENDING HUMAN REVIEW: EMAIL_20260303_031227_paul-is-looking-for-a-web-designer.md
[2026-03-07 02:33:33] PENDING HUMAN REVIEW: EMAIL_20260303_031237_verified-jesse-is-looking-for-a-web-desi.md
[2026-03-07 02:33:33] PENDING HUMAN REVIEW: EMAIL_20260303_031241_amnafarazai_employee_hackathon-google-cl.md
[2026-03-07 02:33:33] PENDING HUMAN REVIEW: EMAIL_20260303_031446_verified-duke-is-looking-for-a-web-desig.md
[2026-03-07 02:33:33] PENDING HUMAN REVIEW: EMAIL_20260303_031922_additional-details-jonathan-is-looking-f.md
[2026-03-07 02:33:33] PENDING HUMAN REVIEW: EMAIL_20260303_032129_sophia-is-looking-for-a-web-designer.md
[2026-03-07 02:33:33] PENDING HUMAN REVIEW: EMAIL_20260303_032736_roosevelt-is-looking-for-a-web-designer.md
[2026-03-07 02:33:33] PENDING HUMAN REVIEW: EMAIL_20260303_034146_additional-details-chris-is-looking-for-.md
[2026-03-07 02:33:33] PENDING HUMAN REVIEW: EMAIL_20260303_035558_additional-details-billie-is-looking-for.md
[2026-03-07 02:33:33] PENDING HUMAN REVIEW: EMAIL_20260303_043230_verified-esther-is-looking-for-a-web-des.md
[2026-03-07 02:33:33] PENDING HUMAN REVIEW: EMAIL_20260303_043440_salvador-is-looking-for-a-web-designer.md
[2026-03-07 02:33:33] PENDING HUMAN REVIEW: EMAIL_20260303_045113_cooper-is-looking-for-a-web-designer.md
[2026-03-07 02:33:33] PENDING HUMAN REVIEW: EMAIL_20260303_045124_verified-tyler-is-looking-for-a-web-desi.md
[2026-03-07 02:33:33] PENDING HUMAN REVIEW: EMAIL_20260303_050344_additional-details-car-is-looking-for-a-.md
[2026-03-07 02:27:59] === Ralph Wiggum Autonomous Loop Started ===
[2026-03-07 02:28:02] PENDING HUMAN REVIEW: budget_task.md
[2026-03-07 02:28:02] PENDING HUMAN REVIEW: EMAIL_20260303_014009_kimberly-urgently-needs-a-graphic-design.md
[2026-03-07 02:28:02] PENDING HUMAN REVIEW: EMAIL_20260303_014016_andreas-urgently-needs-a-web-designer.md
[2026-03-07 02:28:03] PENDING HUMAN REVIEW: EMAIL_20260303_014022_verified-zoraya-is-looking-for-a-web-des.md
[2026-03-07 02:28:03] PENDING HUMAN REVIEW: EMAIL_20260303_014028_jac-urgently-needs-a-web-designer.md
[2026-03-07 02:28:03] PENDING HUMAN REVIEW: EMAIL_20260303_014033_pr-specialist-at-pharma-and-15-more-soci.md
[2026-03-07 02:28:04] PENDING HUMAN REVIEW: EMAIL_20260303_014039_alvin-urgently-needs-a-web-designer.md
[2026-03-07 02:28:04] PENDING HUMAN REVIEW: EMAIL_20260303_014045_verified-george-is-looking-for-a-web-des.md
[2026-03-07 02:28:05] PENDING HUMAN REVIEW: EMAIL_20260303_014052_rosa-is-looking-for-a-web-designer.md
[2026-03-07 02:28:05] PENDING HUMAN REVIEW: EMAIL_20260303_014058_amnafarazai_employee_hackathon-google-oa.md
[2026-03-07 02:28:06] PENDING HUMAN REVIEW: EMAIL_20260303_014104_verified-ashley-is-looking-for-a-web-des.md
[2026-03-07 02:28:06] PENDING HUMAN REVIEW: EMAIL_20260303_014310_nancy-is-looking-for-a-graphic-designer.md
[2026-03-07 02:28:06] PENDING HUMAN REVIEW: EMAIL_20260303_014318_additional-details-shane-is-looking-for-.md
[2026-03-07 02:28:07] PENDING HUMAN REVIEW: EMAIL_20260303_014727_verified-willia-is-looking-for-a-graphic.md
[2026-03-07 02:28:07] PENDING HUMAN REVIEW: EMAIL_20260303_031154_verified-sandra-is-looking-for-a-web-des.md
[2026-03-07 02:28:08] PENDING HUMAN REVIEW: EMAIL_20260303_031200_additional-details-michael-is-looking-fo.md
[2026-03-07 02:28:08] PENDING HUMAN REVIEW: EMAIL_20260303_031205_rich-is-looking-for-a-web-designer-in-au.md
[2026-03-07 02:28:09] PENDING HUMAN REVIEW: EMAIL_20260303_031227_paul-is-looking-for-a-web-designer.md
[2026-03-07 02:28:09] PENDING HUMAN REVIEW: EMAIL_20260303_031237_verified-jesse-is-looking-for-a-web-desi.md
[2026-03-07 02:28:10] PENDING HUMAN REVIEW: EMAIL_20260303_031241_amnafarazai_employee_hackathon-google-cl.md
[2026-03-07 02:28:10] PENDING HUMAN REVIEW: EMAIL_20260303_031446_verified-duke-is-looking-for-a-web-desig.md
[2026-03-07 02:28:10] PENDING HUMAN REVIEW: EMAIL_20260303_031922_additional-details-jonathan-is-looking-f.md
[2026-03-07 02:28:11] PENDING HUMAN REVIEW: EMAIL_20260303_032129_sophia-is-looking-for-a-web-designer.md
[2026-03-07 02:28:11] PENDING HUMAN REVIEW: EMAIL_20260303_032736_roosevelt-is-looking-for-a-web-designer.md
[2026-03-07 02:28:11] PENDING HUMAN REVIEW: EMAIL_20260303_034146_additional-details-chris-is-looking-for-.md
[2026-03-07 02:28:13] PENDING HUMAN REVIEW: EMAIL_20260303_035558_additional-details-billie-is-looking-for.md
[2026-03-07 02:28:14] PENDING HUMAN REVIEW: EMAIL_20260303_043230_verified-esther-is-looking-for-a-web-des.md
[2026-03-07 02:28:14] PENDING HUMAN REVIEW: EMAIL_20260303_043440_salvador-is-looking-for-a-web-designer.md
[2026-03-07 02:28:15] PENDING HUMAN REVIEW: EMAIL_20260303_045113_cooper-is-looking-for-a-web-designer.md
[2026-03-07 02:28:15] PENDING HUMAN REVIEW: EMAIL_20260303_045124_verified-tyler-is-looking-for-a-web-desi.md
[2026-03-07 02:28:16] PENDING HUMAN REVIEW: EMAIL_20260303_050344_additional-details-car-is-looking-for-a-.md
[2026-03-07 02:28:16] PENDING HUMAN REVIEW: EMAIL_20260303_050839_shawanna-is-looking-for-a-web-designer.md
[2026-03-07 02:28:16] PENDING HUMAN REVIEW: EMAIL_20260303_052109_additional-details-albert-is-looking-for.md
[2026-03-07 02:28:17] PENDING HUMAN REVIEW: EMAIL_20260303_063708_verified-nathan-is-looking-for-a-graphic.md
[2026-03-07 02:28:17] PENDING HUMAN REVIEW: EMAIL_20260303_064816_additional-details-wendel-is-looking-for.md
[2026-03-07 02:28:17] PENDING HUMAN REVIEW: EMAIL_20260303_065644_kim-is-looking-for-a-graphic-designer.md
[2026-03-07 02:28:18] PENDING HUMAN REVIEW: EMAIL_20260303_065755_additional-details-maurice-is-looking-fo.md
[2026-03-07 02:28:18] PENDING HUMAN REVIEW: EMAIL_20260303_065919_additional-details-carlos-is-looking-for.md
[2026-03-07 02:28:19] PENDING HUMAN REVIEW: EMAIL_20260303_065952_verified-matt-is-looking-for-a-logo-desi.md
[2026-03-07 02:28:19] PENDING HUMAN REVIEW: EMAIL_20260303_070119_cj-is-looking-for-a-web-designer.md
[2026-03-07 02:28:19] PENDING HUMAN REVIEW: EMAIL_20260303_070440_mike-is-looking-for-a-graphic-designer.md
[2026-03-07 02:28:19] PENDING HUMAN REVIEW: EMAIL_20260303_070451_additional-details-angel-is-looking-for-.md
[2026-03-07 02:28:21] PENDING HUMAN REVIEW: EMAIL_20260303_070500_additional-details-nicolas-is-looking-fo.md
[2026-03-07 02:28:22] PENDING HUMAN REVIEW: EMAIL_20260303_071110_additional-details-silas-is-looking-for-.md
[2026-03-07 02:28:22] PENDING HUMAN REVIEW: EMAIL_20260303_071724_additional-details-charles-is-looking-fo.md
[2026-03-07 02:33:32] PENDING HUMAN REVIEW: budget_task.md
[2026-03-07 02:33:32] PENDING HUMAN REVIEW: EMAIL_20260303_014009_kimberly-urgently-needs-a-graphic-design.md
[2026-03-07 02:33:32] PENDING HUMAN REVIEW: EMAIL_20260303_014016_andreas-urgently-needs-a-web-designer.md
[2026-03-07 02:33:32] PENDING HUMAN REVIEW: EMAIL_20260303_014022_verified-zoraya-is-looking-for-a-web-des.md
[2026-03-07 02:33:32] PENDING HUMAN REVIEW: EMAIL_20260303_014028_jac-urgently-needs-a-web-designer.md
[2026-03-07 02:33:32] PENDING HUMAN REVIEW: EMAIL_20260303_014033_pr-specialist-at-pharma-and-15-more-soci.md
[2026-03-07 02:33:32] PENDING HUMAN REVIEW: EMAIL_20260303_014039_alvin-urgently-needs-a-web-designer.md
[2026-03-07 02:33:32] PENDING HUMAN REVIEW: EMAIL_20260303_014045_verified-george-is-looking-for-a-web-des.md
[2026-03-07 02:33:32] PENDING HUMAN REVIEW: EMAIL_20260303_014052_rosa-is-looking-for-a-web-designer.md
[2026-03-07 02:33:33] PENDING HUMAN REVIEW: EMAIL_20260303_014058_amnafarazai_employee_hackathon-google-oa.md
[2026-03-07 02:33:33] PENDING HUMAN REVIEW: EMAIL_20260303_014104_verified-ashley-is-looking-for-a-web-des.md
[2026-03-07 02:33:33] PENDING HUMAN REVIEW: EMAIL_20260303_014310_nancy-is-looking-for-a-graphic-designer.md
[2026-03-07 02:33:33] PENDING HUMAN REVIEW: EMAIL_20260303_014318_additional-details-shane-is-looking-for-.md
[2026-03-07 02:33:33] PENDING HUMAN REVIEW: EMAIL_20260303_014727_verified-willia-is-looking-for-a-graphic.md
[2026-03-07 02:33:33] PENDING HUMAN REVIEW: EMAIL_20260303_031154_verified-sandra-is-looking-for-a-web-des.md
[2026-03-07 02:33:33] PENDING HUMAN REVIEW: EMAIL_20260303_031200_additional-details-michael-is-looking-fo.md
[2026-03-07 02:33:33] PENDING HUMAN REVIEW: EMAIL_20260303_031205_rich-is-looking-for-a-web-designer-in-au.md
[2026-03-07 02:33:33] PENDING HUMAN REVIEW: EMAIL_20260303_031227_paul-is-looking-for-a-web-designer.md
[2026-03-07 02:33:33] PENDING HUMAN REVIEW: EMAIL_20260303_031237_verified-jesse-is-looking-for-a-web-desi.md
[2026-03-07 02:33:33] PENDING HUMAN REVIEW: EMAIL_20260303_031241_amnafarazai_employee_hackathon-google-cl.md
[2026-03-07 02:33:33] PENDING HUMAN REVIEW: EMAIL_20260303_031446_verified-duke-is-looking-for-a-web-desig.md
[2026-03-07 02:33:33] PENDING HUMAN REVIEW: EMAIL_20260303_031922_additional-details-jonathan-is-looking-f.md
[2026-03-07 02:33:33] PENDING HUMAN REVIEW: EMAIL_20260303_032129_sophia-is-looking-for-a-web-designer.md
[2026-03-07 02:33:33] PENDING HUMAN REVIEW: EMAIL_20260303_032736_roosevelt-is-looking-for-a-web-designer.md
[2026-03-07 02:33:33] PENDING HUMAN REVIEW: EMAIL_20260303_034146_additional-details-chris-is-looking-for-.md
[2026-03-07 02:33:33] PENDING HUMAN REVIEW: EMAIL_20260303_035558_additional-details-billie-is-looking-for.md
[2026-03-07 02:33:33] PENDING HUMAN REVIEW: EMAIL_20260303_043230_verified-esther-is-looking-for-a-web-des.md
[2026-03-07 02:33:33] PENDING HUMAN REVIEW: EMAIL_20260303_043440_salvador-is-looking-for-a-web-designer.md
[2026-03-07 02:33:33] PENDING HUMAN REVIEW: EMAIL_20260303_045113_cooper-is-looking-for-a-web-designer.md
[2026-03-07 02:33:33] PENDING HUMAN REVIEW: EMAIL_20260303_045124_verified-tyler-is-looking-for-a-web-desi.md
[2026-03-07 02:33:33] PENDING HUMAN REVIEW: EMAIL_20260303_050344_additional-details-car-is-looking-for-a-.md[2026-03-07 02:33:33] PENDING HUMAN REVIEW: EMAIL_20260303_050839_shawanna-is-looking-for-a-web-designer.md
[2026-03-07 02:33:34] PENDING HUMAN REVIEW: EMAIL_20260303_052109_additional-details-albert-is-looking-for.md
[2026-03-07 02:33:34] PENDING HUMAN REVIEW: EMAIL_20260303_063708_verified-nathan-is-looking-for-a-graphic.md
[2026-03-07 02:33:34] PENDING HUMAN REVIEW: EMAIL_20260303_064816_additional-details-wendel-is-looking-for.md
[2026-03-07 02:33:34] PENDING HUMAN REVIEW: EMAIL_20260303_065644_kim-is-looking-for-a-graphic-designer.md
[2026-03-07 02:33:34] PENDING HUMAN REVIEW: EMAIL_20260303_065755_additional-details-maurice-is-looking-fo.md
[2026-03-07 02:33:34] PENDING HUMAN REVIEW: EMAIL_20260303_065919_additional-details-carlos-is-looking-for.md
[2026-03-07 02:33:34] PENDING HUMAN REVIEW: EMAIL_20260303_065952_verified-matt-is-looking-for-a-logo-desi.md
[2026-03-07 02:33:34] PENDING HUMAN REVIEW: EMAIL_20260303_070119_cj-is-looking-for-a-web-designer.md
[2026-03-07 02:33:34] PENDING HUMAN REVIEW: EMAIL_20260303_070440_mike-is-looking-for-a-graphic-designer.md
[2026-03-07 02:33:34] PENDING HUMAN REVIEW: EMAIL_20260303_070451_additional-details-angel-is-looking-for-.md
[2026-03-07 02:33:34] PENDING HUMAN REVIEW: EMAIL_20260303_070500_additional-details-nicolas-is-looking-fo.md
[2026-03-07 02:33:34] PENDING HUMAN REVIEW: EMAIL_20260303_071110_additional-details-silas-is-looking-for-.md
[2026-03-07 02:33:34] PENDING HUMAN REVIEW: EMAIL_20260303_071724_additional-details-charles-is-looking-fo.md
[2026-03-07 02:33:34] PENDING HUMAN REVIEW: EMAIL_20260307_022925_verified-ava-is-looking-for-a-web-develo.md
[2026-03-07 02:33:34] PENDING HUMAN REVIEW: EMAIL_20260307_022946_additional-details-maddox-is-looking-for.md
[2026-03-07 02:33:34] PENDING HUMAN REVIEW: EMAIL_20260307_023002_noah-is-looking-for-a-seo-specialist-in-.md
[2026-03-07 02:33:34] PENDING HUMAN REVIEW: EMAIL_20260307_023019_additional-details-brandon-is-looking-fo.md
[2026-03-07 02:33:34] PENDING HUMAN REVIEW: EMAIL_20260307_023105_additional-details-annette-is-looking-fo.md
[2026-03-07 02:33:34] PENDING HUMAN REVIEW: EMAIL_20260307_023133_additional-details-ann-is-looking-for-a-.md
[2026-03-07 02:33:34] PENDING HUMAN REVIEW: EMAIL_20260307_023151_verified-ethan-is-looking-for-a-web-desi.md
[2026-03-07 02:33:35] PENDING HUMAN REVIEW: EMAIL_20260307_023207_verified-palacios-is-looking-for-a-web-d.md
[2026-03-07 02:33:35] PENDING HUMAN REVIEW: EMAIL_20260307_023248_additional-details-chris-is-looking-for-.md
[2026-03-07 02:38:45] PENDING HUMAN REVIEW: budget_task.md
[2026-03-07 02:38:45] PENDING HUMAN REVIEW: EMAIL_20260303_014009_kimberly-urgently-needs-a-graphic-design.md
[2026-03-07 02:38:45] PENDING HUMAN REVIEW: EMAIL_20260303_014016_andreas-urgently-needs-a-web-designer.md
[2026-03-07 02:38:45] PENDING HUMAN REVIEW: EMAIL_20260303_014022_verified-zoraya-is-looking-for-a-web-des.md
[2026-03-07 02:38:46] PENDING HUMAN REVIEW: EMAIL_20260303_014028_jac-urgently-needs-a-web-designer.md
[2026-03-07 02:38:46] PENDING HUMAN REVIEW: EMAIL_20260303_014033_pr-specialist-at-pharma-and-15-more-soci.md
[2026-03-07 02:38:46] PENDING HUMAN REVIEW: EMAIL_20260303_014039_alvin-urgently-needs-a-web-designer.md
[2026-03-07 02:38:46] PENDING HUMAN REVIEW: EMAIL_20260303_014045_verified-george-is-looking-for-a-web-des.md
[2026-03-07 02:38:46] PENDING HUMAN REVIEW: EMAIL_20260303_014052_rosa-is-looking-for-a-web-designer.md
[2026-03-07 02:38:46] PENDING HUMAN REVIEW: EMAIL_20260303_014058_amnafarazai_employee_hackathon-google-oa.md
[2026-03-07 02:38:46] PENDING HUMAN REVIEW: EMAIL_20260303_014104_verified-ashley-is-looking-for-a-web-des.md
[2026-03-07 02:38:46] PENDING HUMAN REVIEW: EMAIL_20260303_014310_nancy-is-looking-for-a-graphic-designer.md
[2026-03-07 02:38:46] PENDING HUMAN REVIEW: EMAIL_20260303_014318_additional-details-shane-is-looking-for-.md
[2026-03-07 02:38:46] PENDING HUMAN REVIEW: EMAIL_20260303_014727_verified-willia-is-looking-for-a-graphic.md
[2026-03-07 02:38:46] PENDING HUMAN REVIEW: EMAIL_20260303_031154_verified-sandra-is-looking-for-a-web-des.md
[2026-03-07 02:38:46] PENDING HUMAN REVIEW: EMAIL_20260303_031200_additional-details-michael-is-looking-fo.md
[2026-03-07 02:38:46] PENDING HUMAN REVIEW: EMAIL_20260303_031205_rich-is-looking-for-a-web-designer-in-au.md
[2026-03-07 02:38:46] PENDING HUMAN REVIEW: EMAIL_20260303_031227_paul-is-looking-for-a-web-designer.md
[2026-03-07 02:38:46] PENDING HUMAN REVIEW: EMAIL_20260303_031237_verified-jesse-is-looking-for-a-web-desi.md
[2026-03-07 02:38:46] PENDING HUMAN REVIEW: EMAIL_20260303_031241_amnafarazai_employee_hackathon-google-cl.md
[2026-03-07 02:38:46] PENDING HUMAN REVIEW: EMAIL_20260303_031446_verified-duke-is-looking-for-a-web-desig.md
[2026-03-07 02:38:46] PENDING HUMAN REVIEW: EMAIL_20260303_031922_additional-details-jonathan-is-looking-f.md
[2026-03-07 02:38:46] PENDING HUMAN REVIEW: EMAIL_20260303_032129_sophia-is-looking-for-a-web-designer.md
[2026-03-07 02:38:46] PENDING HUMAN REVIEW: EMAIL_20260303_032736_roosevelt-is-looking-for-a-web-designer.md
[2026-03-07 02:38:47] PENDING HUMAN REVIEW: EMAIL_20260303_034146_additional-details-chris-is-looking-for-.md
[2026-03-07 02:38:47] PENDING HUMAN REVIEW: EMAIL_20260303_035558_additional-details-billie-is-looking-for.md
[2026-03-07 02:38:47] PENDING HUMAN REVIEW: EMAIL_20260303_043230_verified-esther-is-looking-for-a-web-des.md
[2026-03-07 02:38:47] PENDING HUMAN REVIEW: EMAIL_20260303_043440_salvador-is-looking-for-a-web-designer.md
[2026-03-07 02:38:47] PENDING HUMAN REVIEW: EMAIL_20260303_045113_cooper-is-looking-for-a-web-designer.md
[2026-03-07 02:38:47] PENDING HUMAN REVIEW: EMAIL_20260303_045124_verified-tyler-is-looking-for-a-web-desi.md
[2026-03-07 02:38:47] PENDING HUMAN REVIEW: EMAIL_20260303_050344_additional-details-car-is-looking-for-a-.md
[2026-03-07 02:38:47] PENDING HUMAN REVIEW: EMAIL_20260303_050839_shawanna-is-looking-for-a-web-designer.md
[2026-03-07 02:38:47] PENDING HUMAN REVIEW: EMAIL_20260303_052109_additional-details-albert-is-looking-for.md
[2026-03-07 02:38:47] PENDING HUMAN REVIEW: EMAIL_20260303_063708_verified-nathan-is-looking-for-a-graphic.md
[2026-03-07 02:38:47] PENDING HUMAN REVIEW: EMAIL_20260303_064816_additional-details-wendel-is-looking-for.md
[2026-03-07 02:38:47] PENDING HUMAN REVIEW: EMAIL_20260303_065644_kim-is-looking-for-a-graphic-designer.md
[2026-03-07 02:38:47] PENDING HUMAN REVIEW: EMAIL_20260303_065755_additional-details-maurice-is-looking-fo.md
[2026-03-07 02:38:47] PENDING HUMAN REVIEW: EMAIL_20260303_065919_additional-details-carlos-is-looking-for.md
[2026-03-07 02:38:47] PENDING HUMAN REVIEW: EMAIL_20260303_065952_verified-matt-is-looking-for-a-logo-desi.md
[2026-03-07 02:38:47] PENDING HUMAN REVIEW: EMAIL_20260303_070119_cj-is-looking-for-a-web-designer.md
[2026-03-07 02:38:47] PENDING HUMAN REVIEW: EMAIL_20260303_070440_mike-is-looking-for-a-graphic-designer.md
[2026-03-07 02:38:47] PENDING HUMAN REVIEW: EMAIL_20260303_070451_additional-details-angel-is-looking-for-.md
[2026-03-07 02:38:47] PENDING HUMAN REVIEW: EMAIL_20260303_070500_additional-details-nicolas-is-looking-fo.md
[2026-03-07 02:38:47] PENDING HUMAN REVIEW: EMAIL_20260303_071110_additional-details-silas-is-looking-for-.md
[2026-03-07 02:38:48] PENDING HUMAN REVIEW: EMAIL_20260303_071724_additional-details-charles-is-looking-fo.md
[2026-03-07 02:38:48] PENDING HUMAN REVIEW: EMAIL_20260307_022925_verified-ava-is-looking-for-a-web-develo.md
[2026-03-07 02:38:48] PENDING HUMAN REVIEW: EMAIL_20260307_022946_additional-details-maddox-is-looking-for.md
[2026-03-07 02:38:48] PENDING HUMAN REVIEW: EMAIL_20260307_023002_noah-is-looking-for-a-seo-specialist-in-.md
[2026-03-07 02:38:48] PENDING HUMAN REVIEW: EMAIL_20260307_023019_additional-details-brandon-is-looking-fo.md
[2026-03-07 02:38:48] PENDING HUMAN REVIEW: EMAIL_20260307_023105_additional-details-annette-is-looking-fo.md
[2026-03-07 02:38:48] PENDING HUMAN REVIEW: EMAIL_20260307_023133_additional-details-ann-is-looking-for-a-.md
[2026-03-07 02:38:48] PENDING HUMAN REVIEW: EMAIL_20260307_023151_verified-ethan-is-looking-for-a-web-desi.md
[2026-03-07 02:38:48] PENDING HUMAN REVIEW: EMAIL_20260307_023207_verified-palacios-is-looking-for-a-web-d.md

[2026-03-07 02:33:33] PENDING HUMAN REVIEW: EMAIL_20260303_050839_shawanna-is-looking-for-a-web-designer.md
[2026-03-07 02:33:34] PENDING HUMAN REVIEW: EMAIL_20260303_052109_additional-details-albert-is-looking-for.md
[2026-03-07 02:33:34] PENDING HUMAN REVIEW: EMAIL_20260303_063708_verified-nathan-is-looking-for-a-graphic.md
[2026-03-07 02:33:34] PENDING HUMAN REVIEW: EMAIL_20260303_064816_additional-details-wendel-is-looking-for.md
[2026-03-07 02:33:34] PENDING HUMAN REVIEW: EMAIL_20260303_065644_kim-is-looking-for-a-graphic-designer.md
[2026-03-07 02:33:34] PENDING HUMAN REVIEW: EMAIL_20260303_065755_additional-details-maurice-is-looking-fo.md
[2026-03-07 02:33:34] PENDING HUMAN REVIEW: EMAIL_20260303_065919_additional-details-carlos-is-looking-for.md
[2026-03-07 02:33:34] PENDING HUMAN REVIEW: EMAIL_20260303_065952_verified-matt-is-looking-for-a-logo-desi.md
[2026-03-07 02:33:34] PENDING HUMAN REVIEW: EMAIL_20260303_070119_cj-is-looking-for-a-web-designer.md
[2026-03-07 02:33:34] PENDING HUMAN REVIEW: EMAIL_20260303_070440_mike-is-looking-for-a-graphic-designer.md
[2026-03-07 02:33:34] PENDING HUMAN REVIEW: EMAIL_20260303_070451_additional-details-angel-is-looking-for-.md
[2026-03-07 02:33:34] PENDING HUMAN REVIEW: EMAIL_20260303_070500_additional-details-nicolas-is-looking-fo.md
[2026-03-07 02:33:34] PENDING HUMAN REVIEW: EMAIL_20260303_071110_additional-details-silas-is-looking-for-.md
[2026-03-07 02:33:34] PENDING HUMAN REVIEW: EMAIL_20260303_071724_additional-details-charles-is-looking-fo.md
[2026-03-07 02:33:34] PENDING HUMAN REVIEW: EMAIL_20260307_022925_verified-ava-is-looking-for-a-web-develo.md
[2026-03-07 02:33:34] PENDING HUMAN REVIEW: EMAIL_20260307_022946_additional-details-maddox-is-looking-for.md
[2026-03-07 02:33:34] PENDING HUMAN REVIEW: EMAIL_20260307_023002_noah-is-looking-for-a-seo-specialist-in-.md
[2026-03-07 02:33:34] PENDING HUMAN REVIEW: EMAIL_20260307_023019_additional-details-brandon-is-looking-fo.md
[2026-03-07 02:33:34] PENDING HUMAN REVIEW: EMAIL_20260307_023105_additional-details-annette-is-looking-fo.md
[2026-03-07 02:33:34] PENDING HUMAN REVIEW: EMAIL_20260307_023133_additional-details-ann-is-looking-for-a-.md
[2026-03-07 02:33:34] PENDING HUMAN REVIEW: EMAIL_20260307_023151_verified-ethan-is-looking-for-a-web-desi.md
[2026-03-07 02:33:35] PENDING HUMAN REVIEW: EMAIL_20260307_023207_verified-palacios-is-looking-for-a-web-d.md
[2026-03-07 02:33:35] PENDING HUMAN REVIEW: EMAIL_20260307_023248_additional-details-chris-is-looking-for-.md
[2026-03-07 02:38:45] PENDING HUMAN REVIEW: budget_task.md
[2026-03-07 02:38:45] PENDING HUMAN REVIEW: EMAIL_20260303_014009_kimberly-urgently-needs-a-graphic-design.md
[2026-03-07 02:38:45] PENDING HUMAN REVIEW: EMAIL_20260303_014016_andreas-urgently-needs-a-web-designer.md
[2026-03-07 02:38:45] PENDING HUMAN REVIEW: EMAIL_20260303_014022_verified-zoraya-is-looking-for-a-web-des.md
[2026-03-07 02:38:46] PENDING HUMAN REVIEW: EMAIL_20260303_014028_jac-urgently-needs-a-web-designer.md
[2026-03-07 02:38:46] PENDING HUMAN REVIEW: EMAIL_20260303_014033_pr-specialist-at-pharma-and-15-more-soci.md
[2026-03-07 02:38:46] PENDING HUMAN REVIEW: EMAIL_20260303_014039_alvin-urgently-needs-a-web-designer.md
[2026-03-07 02:38:46] PENDING HUMAN REVIEW: EMAIL_20260303_014045_verified-george-is-looking-for-a-web-des.md
[2026-03-07 02:38:46] PENDING HUMAN REVIEW: EMAIL_20260303_014052_rosa-is-looking-for-a-web-designer.md
[2026-03-07 02:38:46] PENDING HUMAN REVIEW: EMAIL_20260303_014058_amnafarazai_employee_hackathon-google-oa.md
[2026-03-07 02:38:46] PENDING HUMAN REVIEW: EMAIL_20260303_014104_verified-ashley-is-looking-for-a-web-des.md
[2026-03-07 02:38:46] PENDING HUMAN REVIEW: EMAIL_20260303_014310_nancy-is-looking-for-a-graphic-designer.md
[2026-03-07 02:38:46] PENDING HUMAN REVIEW: EMAIL_20260303_014318_additional-details-shane-is-looking-for-.md
[2026-03-07 02:38:46] PENDING HUMAN REVIEW: EMAIL_20260303_014727_verified-willia-is-looking-for-a-graphic.md
[2026-03-07 02:38:46] PENDING HUMAN REVIEW: EMAIL_20260303_031154_verified-sandra-is-looking-for-a-web-des.md
[2026-03-07 02:38:46] PENDING HUMAN REVIEW: EMAIL_20260303_031200_additional-details-michael-is-looking-fo.md
[2026-03-07 02:38:46] PENDING HUMAN REVIEW: EMAIL_20260303_031205_rich-is-looking-for-a-web-designer-in-au.md
[2026-03-07 02:38:46] PENDING HUMAN REVIEW: EMAIL_20260303_031227_paul-is-looking-for-a-web-designer.md
[2026-03-07 02:38:46] PENDING HUMAN REVIEW: EMAIL_20260303_031237_verified-jesse-is-looking-for-a-web-desi.md
[2026-03-07 02:38:46] PENDING HUMAN REVIEW: EMAIL_20260303_031241_amnafarazai_employee_hackathon-google-cl.md
[2026-03-07 02:38:46] PENDING HUMAN REVIEW: EMAIL_20260303_031446_verified-duke-is-looking-for-a-web-desig.md
[2026-03-07 02:38:46] PENDING HUMAN REVIEW: EMAIL_20260303_031922_additional-details-jonathan-is-looking-f.md
[2026-03-07 02:38:46] PENDING HUMAN REVIEW: EMAIL_20260303_032129_sophia-is-looking-for-a-web-designer.md
[2026-03-07 02:38:46] PENDING HUMAN REVIEW: EMAIL_20260303_032736_roosevelt-is-looking-for-a-web-designer.md
[2026-03-07 02:38:47] PENDING HUMAN REVIEW: EMAIL_20260303_034146_additional-details-chris-is-looking-for-.md
[2026-03-07 02:38:47] PENDING HUMAN REVIEW: EMAIL_20260303_035558_additional-details-billie-is-looking-for.md
[2026-03-07 02:38:47] PENDING HUMAN REVIEW: EMAIL_20260303_043230_verified-esther-is-looking-for-a-web-des.md
[2026-03-07 02:38:47] PENDING HUMAN REVIEW: EMAIL_20260303_043440_salvador-is-looking-for-a-web-designer.md
[2026-03-07 02:38:47] PENDING HUMAN REVIEW: EMAIL_20260303_045113_cooper-is-looking-for-a-web-designer.md
[2026-03-07 02:38:47] PENDING HUMAN REVIEW: EMAIL_20260303_045124_verified-tyler-is-looking-for-a-web-desi.md
[2026-03-07 02:38:47] PENDING HUMAN REVIEW: EMAIL_20260303_050344_additional-details-car-is-looking-for-a-.md
[2026-03-07 02:38:47] PENDING HUMAN REVIEW: EMAIL_20260303_050839_shawanna-is-looking-for-a-web-designer.md
[2026-03-07 02:38:47] PENDING HUMAN REVIEW: EMAIL_20260303_052109_additional-details-albert-is-looking-for.md
[2026-03-07 02:38:47] PENDING HUMAN REVIEW: EMAIL_20260303_063708_verified-nathan-is-looking-for-a-graphic.md
[2026-03-07 02:38:47] PENDING HUMAN REVIEW: EMAIL_20260303_064816_additional-details-wendel-is-looking-for.md
[2026-03-07 02:38:47] PENDING HUMAN REVIEW: EMAIL_20260303_065644_kim-is-looking-for-a-graphic-designer.md
[2026-03-07 02:38:47] PENDING HUMAN REVIEW: EMAIL_20260303_065755_additional-details-maurice-is-looking-fo.md
[2026-03-07 02:38:47] PENDING HUMAN REVIEW: EMAIL_20260303_065919_additional-details-carlos-is-looking-for.md
[2026-03-07 02:38:47] PENDING HUMAN REVIEW: EMAIL_20260303_065952_verified-matt-is-looking-for-a-logo-desi.md
[2026-03-07 02:38:47] PENDING HUMAN REVIEW: EMAIL_20260303_070119_cj-is-looking-for-a-web-designer.md
[2026-03-07 02:38:47] PENDING HUMAN REVIEW: EMAIL_20260303_070440_mike-is-looking-for-a-graphic-designer.md
[2026-03-07 02:38:47] PENDING HUMAN REVIEW: EMAIL_20260303_070451_additional-details-angel-is-looking-for-.md
[2026-03-07 02:38:47] PENDING HUMAN REVIEW: EMAIL_20260303_070500_additional-details-nicolas-is-looking-fo.md
[2026-03-07 02:38:47] PENDING HUMAN REVIEW: EMAIL_20260303_071110_additional-details-silas-is-looking-for-.md
[2026-03-07 02:38:48] PENDING HUMAN REVIEW: EMAIL_20260303_071724_additional-details-charles-is-looking-fo.md
[2026-03-07 02:38:48] PENDING HUMAN REVIEW: EMAIL_20260307_022925_verified-ava-is-looking-for-a-web-develo.md
[2026-03-07 02:38:48] PENDING HUMAN REVIEW: EMAIL_20260307_022946_additional-details-maddox-is-looking-for.md
[2026-03-07 02:38:48] PENDING HUMAN REVIEW: EMAIL_20260307_023002_noah-is-looking-for-a-seo-specialist-in-.md
[2026-03-07 02:38:48] PENDING HUMAN REVIEW: EMAIL_20260307_023019_additional-details-brandon-is-looking-fo.md
[2026-03-07 02:38:48] PENDING HUMAN REVIEW: EMAIL_20260307_023105_additional-details-annette-is-looking-fo.md
[2026-03-07 02:38:48] PENDING HUMAN REVIEW: EMAIL_20260307_023133_additional-details-ann-is-looking-for-a-.md
[2026-03-07 02:38:48] PENDING HUMAN REVIEW: EMAIL_20260307_023151_verified-ethan-is-looking-for-a-web-desi.md
[2026-03-07 02:38:48] PENDING HUMAN REVIEW: EMAIL_20260307_023207_verified-palacios-is-looking-for-a-web-d.md[2026-03-07 02:38:48] PENDING HUMAN REVIEW: EMAIL_20260307_023248_additional-details-chris-is-looking-for-.md
[2026-03-07 02:38:48] PENDING HUMAN REVIEW: EMAIL_20260307_023734_additional-details-emil-is-looking-for-a.md
[2026-03-07 02:44:00] PENDING HUMAN REVIEW: budget_task.md
[2026-03-07 02:44:00] PENDING HUMAN REVIEW: EMAIL_20260303_014009_kimberly-urgently-needs-a-graphic-design.md
[2026-03-07 02:44:00] PENDING HUMAN REVIEW: EMAIL_20260303_014016_andreas-urgently-needs-a-web-designer.md
[2026-03-07 02:44:00] PENDING HUMAN REVIEW: EMAIL_20260303_014022_verified-zoraya-is-looking-for-a-web-des.md
[2026-03-07 02:44:00] PENDING HUMAN REVIEW: EMAIL_20260303_014028_jac-urgently-needs-a-web-designer.md
[2026-03-07 02:44:00] PENDING HUMAN REVIEW: EMAIL_20260303_014033_pr-specialist-at-pharma-and-15-more-soci.md
[2026-03-07 02:44:00] PENDING HUMAN REVIEW: EMAIL_20260303_014039_alvin-urgently-needs-a-web-designer.md
[2026-03-07 02:44:00] PENDING HUMAN REVIEW: EMAIL_20260303_014045_verified-george-is-looking-for-a-web-des.md
[2026-03-07 02:44:00] PENDING HUMAN REVIEW: EMAIL_20260303_014052_rosa-is-looking-for-a-web-designer.md
[2026-03-07 02:44:00] PENDING HUMAN REVIEW: EMAIL_20260303_014058_amnafarazai_employee_hackathon-google-oa.md
[2026-03-07 02:44:00] PENDING HUMAN REVIEW: EMAIL_20260303_014104_verified-ashley-is-looking-for-a-web-des.md
[2026-03-07 02:44:00] PENDING HUMAN REVIEW: EMAIL_20260303_014310_nancy-is-looking-for-a-graphic-designer.md
[2026-03-07 02:44:00] PENDING HUMAN REVIEW: EMAIL_20260303_014318_additional-details-shane-is-looking-for-.md
[2026-03-07 02:44:00] PENDING HUMAN REVIEW: EMAIL_20260303_014727_verified-willia-is-looking-for-a-graphic.md
[2026-03-07 02:44:00] PENDING HUMAN REVIEW: EMAIL_20260303_031154_verified-sandra-is-looking-for-a-web-des.md
[2026-03-07 02:44:00] PENDING HUMAN REVIEW: EMAIL_20260303_031200_additional-details-michael-is-looking-fo.md
[2026-03-07 02:44:00] PENDING HUMAN REVIEW: EMAIL_20260303_031205_rich-is-looking-for-a-web-designer-in-au.md
[2026-03-07 02:44:00] PENDING HUMAN REVIEW: EMAIL_20260303_031227_paul-is-looking-for-a-web-designer.md
[2026-03-07 02:44:00] PENDING HUMAN REVIEW: EMAIL_20260303_031237_verified-jesse-is-looking-for-a-web-desi.md
[2026-03-07 02:44:00] PENDING HUMAN REVIEW: EMAIL_20260303_031241_amnafarazai_employee_hackathon-google-cl.md
[2026-03-07 02:44:00] PENDING HUMAN REVIEW: EMAIL_20260303_031446_verified-duke-is-looking-for-a-web-desig.md
[2026-03-07 02:44:00] PENDING HUMAN REVIEW: EMAIL_20260303_031922_additional-details-jonathan-is-looking-f.md
[2026-03-07 02:44:01] PENDING HUMAN REVIEW: EMAIL_20260303_032129_sophia-is-looking-for-a-web-designer.md
[2026-03-07 02:44:01] PENDING HUMAN REVIEW: EMAIL_20260303_032736_roosevelt-is-looking-for-a-web-designer.md
[2026-03-07 02:44:01] PENDING HUMAN REVIEW: EMAIL_20260303_034146_additional-details-chris-is-looking-for-.md
[2026-03-07 02:44:01] PENDING HUMAN REVIEW: EMAIL_20260303_035558_additional-details-billie-is-looking-for.md
[2026-03-07 02:44:01] PENDING HUMAN REVIEW: EMAIL_20260303_043230_verified-esther-is-looking-for-a-web-des.md
[2026-03-07 02:44:01] PENDING HUMAN REVIEW: EMAIL_20260303_043440_salvador-is-looking-for-a-web-designer.md
[2026-03-07 02:44:01] PENDING HUMAN REVIEW: EMAIL_20260303_045113_cooper-is-looking-for-a-web-designer.md
[2026-03-07 02:44:01] PENDING HUMAN REVIEW: EMAIL_20260303_045124_verified-tyler-is-looking-for-a-web-desi.md
[2026-03-07 02:44:01] PENDING HUMAN REVIEW: EMAIL_20260303_050344_additional-details-car-is-looking-for-a-.md
[2026-03-07 02:44:01] PENDING HUMAN REVIEW: EMAIL_20260303_050839_shawanna-is-looking-for-a-web-designer.md
[2026-03-07 02:44:01] PENDING HUMAN REVIEW: EMAIL_20260303_052109_additional-details-albert-is-looking-for.md
[2026-03-07 02:44:01] PENDING HUMAN REVIEW: EMAIL_20260303_063708_verified-nathan-is-looking-for-a-graphic.md
[2026-03-07 02:44:01] PENDING HUMAN REVIEW: EMAIL_20260303_064816_additional-details-wendel-is-looking-for.md
[2026-03-07 02:44:01] PENDING HUMAN REVIEW: EMAIL_20260303_065644_kim-is-looking-for-a-graphic-designer.md
[2026-03-07 02:44:01] PENDING HUMAN REVIEW: EMAIL_20260303_065755_additional-details-maurice-is-looking-fo.md
[2026-03-07 02:44:01] PENDING HUMAN REVIEW: EMAIL_20260303_065919_additional-details-carlos-is-looking-for.md
[2026-03-07 02:44:01] PENDING HUMAN REVIEW: EMAIL_20260303_065952_verified-matt-is-looking-for-a-logo-desi.md
[2026-03-07 02:44:01] PENDING HUMAN REVIEW: EMAIL_20260303_070119_cj-is-looking-for-a-web-designer.md
[2026-03-07 02:44:01] PENDING HUMAN REVIEW: EMAIL_20260303_070440_mike-is-looking-for-a-graphic-designer.md
[2026-03-07 02:44:01] PENDING HUMAN REVIEW: EMAIL_20260303_070451_additional-details-angel-is-looking-for-.md
[2026-03-07 02:44:01] PENDING HUMAN REVIEW: EMAIL_20260303_070500_additional-details-nicolas-is-looking-fo.md
[2026-03-07 02:44:01] PENDING HUMAN REVIEW: EMAIL_20260303_071110_additional-details-silas-is-looking-for-.md
[2026-03-07 02:44:01] PENDING HUMAN REVIEW: EMAIL_20260303_071724_additional-details-charles-is-looking-fo.md
[2026-03-07 02:44:02] PENDING HUMAN REVIEW: EMAIL_20260307_022925_verified-ava-is-looking-for-a-web-develo.md
[2026-03-07 02:44:02] PENDING HUMAN REVIEW: EMAIL_20260307_022946_additional-details-maddox-is-looking-for.md
[2026-03-07 02:44:02] PENDING HUMAN REVIEW: EMAIL_20260307_023002_noah-is-looking-for-a-seo-specialist-in-.md
[2026-03-07 02:44:02] PENDING HUMAN REVIEW: EMAIL_20260307_023019_additional-details-brandon-is-looking-fo.md
[2026-03-07 02:44:02] PENDING HUMAN REVIEW: EMAIL_20260307_023105_additional-details-annette-is-looking-fo.md
[2026-03-07 02:44:02] PENDING HUMAN REVIEW: EMAIL_20260307_023133_additional-details-ann-is-looking-for-a-.md
[2026-03-07 02:44:02] PENDING HUMAN REVIEW: EMAIL_20260307_023151_verified-ethan-is-looking-for-a-web-desi.md
[2026-03-07 02:44:02] PENDING HUMAN REVIEW: EMAIL_20260307_023207_verified-palacios-is-looking-for-a-web-d.md
[2026-03-07 02:44:02] PENDING HUMAN REVIEW: EMAIL_20260307_023248_additional-details-chris-is-looking-for-.md
[2026-03-07 02:44:02] PENDING HUMAN REVIEW: EMAIL_20260307_023734_additional-details-emil-is-looking-for-a.md
[2026-03-07 02:44:02] PENDING HUMAN REVIEW: EMAIL_20260307_024201_additional-details-sean-is-looking-for-a.md
[2026-03-07 02:49:15] PENDING HUMAN REVIEW: budget_task.md
[2026-03-07 02:49:15] PENDING HUMAN REVIEW: EMAIL_20260303_014009_kimberly-urgently-needs-a-graphic-design.md
[2026-03-07 02:49:15] PENDING HUMAN REVIEW: EMAIL_20260303_014016_andreas-urgently-needs-a-web-designer.md
[2026-03-07 02:49:15] PENDING HUMAN REVIEW: EMAIL_20260303_014022_verified-zoraya-is-looking-for-a-web-des.md
[2026-03-07 02:49:15] PENDING HUMAN REVIEW: EMAIL_20260303_014028_jac-urgently-needs-a-web-designer.md
[2026-03-07 02:49:15] PENDING HUMAN REVIEW: EMAIL_20260303_014033_pr-specialist-at-pharma-and-15-more-soci.md
[2026-03-07 02:49:15] PENDING HUMAN REVIEW: EMAIL_20260303_014039_alvin-urgently-needs-a-web-designer.md
[2026-03-07 02:49:16] PENDING HUMAN REVIEW: EMAIL_20260303_014045_verified-george-is-looking-for-a-web-des.md
[2026-03-07 02:49:16] PENDING HUMAN REVIEW: EMAIL_20260303_014052_rosa-is-looking-for-a-web-designer.md
[2026-03-07 02:49:16] PENDING HUMAN REVIEW: EMAIL_20260303_014058_amnafarazai_employee_hackathon-google-oa.md
[2026-03-07 02:49:16] PENDING HUMAN REVIEW: EMAIL_20260303_014104_verified-ashley-is-looking-for-a-web-des.md
[2026-03-07 02:49:16] PENDING HUMAN REVIEW: EMAIL_20260303_014310_nancy-is-looking-for-a-graphic-designer.md
[2026-03-07 02:49:16] PENDING HUMAN REVIEW: EMAIL_20260303_014318_additional-details-shane-is-looking-for-.md
[2026-03-07 02:49:16] PENDING HUMAN REVIEW: EMAIL_20260303_014727_verified-willia-is-looking-for-a-graphic.md
[2026-03-07 02:49:16] PENDING HUMAN REVIEW: EMAIL_20260303_031154_verified-sandra-is-looking-for-a-web-des.md
[2026-03-07 02:49:16] PENDING HUMAN REVIEW: EMAIL_20260303_031200_additional-details-michael-is-looking-fo.md
[2026-03-07 02:49:16] PENDING HUMAN REVIEW: EMAIL_20260303_031205_rich-is-looking-for-a-web-designer-in-au.md
[2026-03-07 02:49:16] PENDING HUMAN REVIEW: EMAIL_20260303_031227_paul-is-looking-for-a-web-designer.md
[2026-03-07 02:49:16] PENDING HUMAN REVIEW: EMAIL_20260303_031237_verified-jesse-is-looking-for-a-web-desi.md

[2026-03-07 02:38:48] PENDING HUMAN REVIEW: EMAIL_20260307_023248_additional-details-chris-is-looking-for-.md
[2026-03-07 02:38:48] PENDING HUMAN REVIEW: EMAIL_20260307_023734_additional-details-emil-is-looking-for-a.md
[2026-03-07 02:44:00] PENDING HUMAN REVIEW: budget_task.md
[2026-03-07 02:44:00] PENDING HUMAN REVIEW: EMAIL_20260303_014009_kimberly-urgently-needs-a-graphic-design.md
[2026-03-07 02:44:00] PENDING HUMAN REVIEW: EMAIL_20260303_014016_andreas-urgently-needs-a-web-designer.md
[2026-03-07 02:44:00] PENDING HUMAN REVIEW: EMAIL_20260303_014022_verified-zoraya-is-looking-for-a-web-des.md
[2026-03-07 02:44:00] PENDING HUMAN REVIEW: EMAIL_20260303_014028_jac-urgently-needs-a-web-designer.md
[2026-03-07 02:44:00] PENDING HUMAN REVIEW: EMAIL_20260303_014033_pr-specialist-at-pharma-and-15-more-soci.md
[2026-03-07 02:44:00] PENDING HUMAN REVIEW: EMAIL_20260303_014039_alvin-urgently-needs-a-web-designer.md
[2026-03-07 02:44:00] PENDING HUMAN REVIEW: EMAIL_20260303_014045_verified-george-is-looking-for-a-web-des.md
[2026-03-07 02:44:00] PENDING HUMAN REVIEW: EMAIL_20260303_014052_rosa-is-looking-for-a-web-designer.md
[2026-03-07 02:44:00] PENDING HUMAN REVIEW: EMAIL_20260303_014058_amnafarazai_employee_hackathon-google-oa.md
[2026-03-07 02:44:00] PENDING HUMAN REVIEW: EMAIL_20260303_014104_verified-ashley-is-looking-for-a-web-des.md
[2026-03-07 02:44:00] PENDING HUMAN REVIEW: EMAIL_20260303_014310_nancy-is-looking-for-a-graphic-designer.md
[2026-03-07 02:44:00] PENDING HUMAN REVIEW: EMAIL_20260303_014318_additional-details-shane-is-looking-for-.md
[2026-03-07 02:44:00] PENDING HUMAN REVIEW: EMAIL_20260303_014727_verified-willia-is-looking-for-a-graphic.md
[2026-03-07 02:44:00] PENDING HUMAN REVIEW: EMAIL_20260303_031154_verified-sandra-is-looking-for-a-web-des.md
[2026-03-07 02:44:00] PENDING HUMAN REVIEW: EMAIL_20260303_031200_additional-details-michael-is-looking-fo.md
[2026-03-07 02:44:00] PENDING HUMAN REVIEW: EMAIL_20260303_031205_rich-is-looking-for-a-web-designer-in-au.md
[2026-03-07 02:44:00] PENDING HUMAN REVIEW: EMAIL_20260303_031227_paul-is-looking-for-a-web-designer.md
[2026-03-07 02:44:00] PENDING HUMAN REVIEW: EMAIL_20260303_031237_verified-jesse-is-looking-for-a-web-desi.md
[2026-03-07 02:44:00] PENDING HUMAN REVIEW: EMAIL_20260303_031241_amnafarazai_employee_hackathon-google-cl.md
[2026-03-07 02:44:00] PENDING HUMAN REVIEW: EMAIL_20260303_031446_verified-duke-is-looking-for-a-web-desig.md
[2026-03-07 02:44:00] PENDING HUMAN REVIEW: EMAIL_20260303_031922_additional-details-jonathan-is-looking-f.md
[2026-03-07 02:44:01] PENDING HUMAN REVIEW: EMAIL_20260303_032129_sophia-is-looking-for-a-web-designer.md
[2026-03-07 02:44:01] PENDING HUMAN REVIEW: EMAIL_20260303_032736_roosevelt-is-looking-for-a-web-designer.md
[2026-03-07 02:44:01] PENDING HUMAN REVIEW: EMAIL_20260303_034146_additional-details-chris-is-looking-for-.md
[2026-03-07 02:44:01] PENDING HUMAN REVIEW: EMAIL_20260303_035558_additional-details-billie-is-looking-for.md
[2026-03-07 02:44:01] PENDING HUMAN REVIEW: EMAIL_20260303_043230_verified-esther-is-looking-for-a-web-des.md
[2026-03-07 02:44:01] PENDING HUMAN REVIEW: EMAIL_20260303_043440_salvador-is-looking-for-a-web-designer.md
[2026-03-07 02:44:01] PENDING HUMAN REVIEW: EMAIL_20260303_045113_cooper-is-looking-for-a-web-designer.md
[2026-03-07 02:44:01] PENDING HUMAN REVIEW: EMAIL_20260303_045124_verified-tyler-is-looking-for-a-web-desi.md
[2026-03-07 02:44:01] PENDING HUMAN REVIEW: EMAIL_20260303_050344_additional-details-car-is-looking-for-a-.md
[2026-03-07 02:44:01] PENDING HUMAN REVIEW: EMAIL_20260303_050839_shawanna-is-looking-for-a-web-designer.md
[2026-03-07 02:44:01] PENDING HUMAN REVIEW: EMAIL_20260303_052109_additional-details-albert-is-looking-for.md
[2026-03-07 02:44:01] PENDING HUMAN REVIEW: EMAIL_20260303_063708_verified-nathan-is-looking-for-a-graphic.md
[2026-03-07 02:44:01] PENDING HUMAN REVIEW: EMAIL_20260303_064816_additional-details-wendel-is-looking-for.md
[2026-03-07 02:44:01] PENDING HUMAN REVIEW: EMAIL_20260303_065644_kim-is-looking-for-a-graphic-designer.md
[2026-03-07 02:44:01] PENDING HUMAN REVIEW: EMAIL_20260303_065755_additional-details-maurice-is-looking-fo.md
[2026-03-07 02:44:01] PENDING HUMAN REVIEW: EMAIL_20260303_065919_additional-details-carlos-is-looking-for.md
[2026-03-07 02:44:01] PENDING HUMAN REVIEW: EMAIL_20260303_065952_verified-matt-is-looking-for-a-logo-desi.md
[2026-03-07 02:44:01] PENDING HUMAN REVIEW: EMAIL_20260303_070119_cj-is-looking-for-a-web-designer.md
[2026-03-07 02:44:01] PENDING HUMAN REVIEW: EMAIL_20260303_070440_mike-is-looking-for-a-graphic-designer.md
[2026-03-07 02:44:01] PENDING HUMAN REVIEW: EMAIL_20260303_070451_additional-details-angel-is-looking-for-.md
[2026-03-07 02:44:01] PENDING HUMAN REVIEW: EMAIL_20260303_070500_additional-details-nicolas-is-looking-fo.md
[2026-03-07 02:44:01] PENDING HUMAN REVIEW: EMAIL_20260303_071110_additional-details-silas-is-looking-for-.md
[2026-03-07 02:44:01] PENDING HUMAN REVIEW: EMAIL_20260303_071724_additional-details-charles-is-looking-fo.md
[2026-03-07 02:44:02] PENDING HUMAN REVIEW: EMAIL_20260307_022925_verified-ava-is-looking-for-a-web-develo.md
[2026-03-07 02:44:02] PENDING HUMAN REVIEW: EMAIL_20260307_022946_additional-details-maddox-is-looking-for.md
[2026-03-07 02:44:02] PENDING HUMAN REVIEW: EMAIL_20260307_023002_noah-is-looking-for-a-seo-specialist-in-.md
[2026-03-07 02:44:02] PENDING HUMAN REVIEW: EMAIL_20260307_023019_additional-details-brandon-is-looking-fo.md
[2026-03-07 02:44:02] PENDING HUMAN REVIEW: EMAIL_20260307_023105_additional-details-annette-is-looking-fo.md
[2026-03-07 02:44:02] PENDING HUMAN REVIEW: EMAIL_20260307_023133_additional-details-ann-is-looking-for-a-.md
[2026-03-07 02:44:02] PENDING HUMAN REVIEW: EMAIL_20260307_023151_verified-ethan-is-looking-for-a-web-desi.md
[2026-03-07 02:44:02] PENDING HUMAN REVIEW: EMAIL_20260307_023207_verified-palacios-is-looking-for-a-web-d.md
[2026-03-07 02:44:02] PENDING HUMAN REVIEW: EMAIL_20260307_023248_additional-details-chris-is-looking-for-.md
[2026-03-07 02:44:02] PENDING HUMAN REVIEW: EMAIL_20260307_023734_additional-details-emil-is-looking-for-a.md
[2026-03-07 02:44:02] PENDING HUMAN REVIEW: EMAIL_20260307_024201_additional-details-sean-is-looking-for-a.md
[2026-03-07 02:49:15] PENDING HUMAN REVIEW: budget_task.md
[2026-03-07 02:49:15] PENDING HUMAN REVIEW: EMAIL_20260303_014009_kimberly-urgently-needs-a-graphic-design.md
[2026-03-07 02:49:15] PENDING HUMAN REVIEW: EMAIL_20260303_014016_andreas-urgently-needs-a-web-designer.md
[2026-03-07 02:49:15] PENDING HUMAN REVIEW: EMAIL_20260303_014022_verified-zoraya-is-looking-for-a-web-des.md
[2026-03-07 02:49:15] PENDING HUMAN REVIEW: EMAIL_20260303_014028_jac-urgently-needs-a-web-designer.md
[2026-03-07 02:49:15] PENDING HUMAN REVIEW: EMAIL_20260303_014033_pr-specialist-at-pharma-and-15-more-soci.md
[2026-03-07 02:49:15] PENDING HUMAN REVIEW: EMAIL_20260303_014039_alvin-urgently-needs-a-web-designer.md
[2026-03-07 02:49:16] PENDING HUMAN REVIEW: EMAIL_20260303_014045_verified-george-is-looking-for-a-web-des.md
[2026-03-07 02:49:16] PENDING HUMAN REVIEW: EMAIL_20260303_014052_rosa-is-looking-for-a-web-designer.md
[2026-03-07 02:49:16] PENDING HUMAN REVIEW: EMAIL_20260303_014058_amnafarazai_employee_hackathon-google-oa.md
[2026-03-07 02:49:16] PENDING HUMAN REVIEW: EMAIL_20260303_014104_verified-ashley-is-looking-for-a-web-des.md
[2026-03-07 02:49:16] PENDING HUMAN REVIEW: EMAIL_20260303_014310_nancy-is-looking-for-a-graphic-designer.md
[2026-03-07 02:49:16] PENDING HUMAN REVIEW: EMAIL_20260303_014318_additional-details-shane-is-looking-for-.md
[2026-03-07 02:49:16] PENDING HUMAN REVIEW: EMAIL_20260303_014727_verified-willia-is-looking-for-a-graphic.md
[2026-03-07 02:49:16] PENDING HUMAN REVIEW: EMAIL_20260303_031154_verified-sandra-is-looking-for-a-web-des.md
[2026-03-07 02:49:16] PENDING HUMAN REVIEW: EMAIL_20260303_031200_additional-details-michael-is-looking-fo.md
[2026-03-07 02:49:16] PENDING HUMAN REVIEW: EMAIL_20260303_031205_rich-is-looking-for-a-web-designer-in-au.md
[2026-03-07 02:49:16] PENDING HUMAN REVIEW: EMAIL_20260303_031227_paul-is-looking-for-a-web-designer.md
[2026-03-07 02:49:16] PENDING HUMAN REVIEW: EMAIL_20260303_031237_verified-jesse-is-looking-for-a-web-desi.md[2026-03-07 02:49:16] PENDING HUMAN REVIEW: EMAIL_20260303_031241_amnafarazai_employee_hackathon-google-cl.md
[2026-03-07 02:49:16] PENDING HUMAN REVIEW: EMAIL_20260303_031446_verified-duke-is-looking-for-a-web-desig.md
[2026-03-07 02:49:16] PENDING HUMAN REVIEW: EMAIL_20260303_031922_additional-details-jonathan-is-looking-f.md
[2026-03-07 02:49:16] PENDING HUMAN REVIEW: EMAIL_20260303_032129_sophia-is-looking-for-a-web-designer.md
[2026-03-07 02:49:16] PENDING HUMAN REVIEW: EMAIL_20260303_032736_roosevelt-is-looking-for-a-web-designer.md
[2026-03-07 02:49:16] PENDING HUMAN REVIEW: EMAIL_20260303_034146_additional-details-chris-is-looking-for-.md
[2026-03-07 02:49:16] PENDING HUMAN REVIEW: EMAIL_20260303_035558_additional-details-billie-is-looking-for.md
[2026-03-07 02:49:16] PENDING HUMAN REVIEW: EMAIL_20260303_043230_verified-esther-is-looking-for-a-web-des.md
[2026-03-07 02:49:17] PENDING HUMAN REVIEW: EMAIL_20260303_043440_salvador-is-looking-for-a-web-designer.md
[2026-03-07 02:49:17] PENDING HUMAN REVIEW: EMAIL_20260303_045113_cooper-is-looking-for-a-web-designer.md
[2026-03-07 02:49:17] PENDING HUMAN REVIEW: EMAIL_20260303_045124_verified-tyler-is-looking-for-a-web-desi.md
[2026-03-07 02:49:17] PENDING HUMAN REVIEW: EMAIL_20260303_050344_additional-details-car-is-looking-for-a-.md
[2026-03-07 02:49:17] PENDING HUMAN REVIEW: EMAIL_20260303_050839_shawanna-is-looking-for-a-web-designer.md
[2026-03-07 02:49:17] PENDING HUMAN REVIEW: EMAIL_20260303_052109_additional-details-albert-is-looking-for.md
[2026-03-07 02:49:17] PENDING HUMAN REVIEW: EMAIL_20260303_063708_verified-nathan-is-looking-for-a-graphic.md
[2026-03-07 02:49:17] PENDING HUMAN REVIEW: EMAIL_20260303_064816_additional-details-wendel-is-looking-for.md
[2026-03-07 02:49:17] PENDING HUMAN REVIEW: EMAIL_20260303_065644_kim-is-looking-for-a-graphic-designer.md
[2026-03-07 02:49:17] PENDING HUMAN REVIEW: EMAIL_20260303_065755_additional-details-maurice-is-looking-fo.md
[2026-03-07 02:49:17] PENDING HUMAN REVIEW: EMAIL_20260303_065919_additional-details-carlos-is-looking-for.md
[2026-03-07 02:49:17] PENDING HUMAN REVIEW: EMAIL_20260303_065952_verified-matt-is-looking-for-a-logo-desi.md
[2026-03-07 02:49:17] PENDING HUMAN REVIEW: EMAIL_20260303_070119_cj-is-looking-for-a-web-designer.md
[2026-03-07 02:49:17] PENDING HUMAN REVIEW: EMAIL_20260303_070440_mike-is-looking-for-a-graphic-designer.md
[2026-03-07 02:49:17] PENDING HUMAN REVIEW: EMAIL_20260303_070451_additional-details-angel-is-looking-for-.md
[2026-03-07 02:49:17] PENDING HUMAN REVIEW: EMAIL_20260303_070500_additional-details-nicolas-is-looking-fo.md
[2026-03-07 02:49:17] PENDING HUMAN REVIEW: EMAIL_20260303_071110_additional-details-silas-is-looking-for-.md
[2026-03-07 02:49:17] PENDING HUMAN REVIEW: EMAIL_20260303_071724_additional-details-charles-is-looking-fo.md
[2026-03-07 02:49:18] PENDING HUMAN REVIEW: EMAIL_20260307_022925_verified-ava-is-looking-for-a-web-develo.md
[2026-03-07 02:49:18] PENDING HUMAN REVIEW: EMAIL_20260307_022946_additional-details-maddox-is-looking-for.md
[2026-03-07 02:49:18] PENDING HUMAN REVIEW: EMAIL_20260307_023002_noah-is-looking-for-a-seo-specialist-in-.md
[2026-03-07 02:49:18] PENDING HUMAN REVIEW: EMAIL_20260307_023019_additional-details-brandon-is-looking-fo.md
[2026-03-07 02:49:18] PENDING HUMAN REVIEW: EMAIL_20260307_023105_additional-details-annette-is-looking-fo.md
[2026-03-07 02:49:18] PENDING HUMAN REVIEW: EMAIL_20260307_023133_additional-details-ann-is-looking-for-a-.md
[2026-03-07 02:49:18] PENDING HUMAN REVIEW: EMAIL_20260307_023151_verified-ethan-is-looking-for-a-web-desi.md
[2026-03-07 02:49:18] PENDING HUMAN REVIEW: EMAIL_20260307_023207_verified-palacios-is-looking-for-a-web-d.md
[2026-03-07 02:49:18] PENDING HUMAN REVIEW: EMAIL_20260307_023248_additional-details-chris-is-looking-for-.md
[2026-03-07 02:49:18] PENDING HUMAN REVIEW: EMAIL_20260307_023734_additional-details-emil-is-looking-for-a.md
[2026-03-07 02:49:18] PENDING HUMAN REVIEW: EMAIL_20260307_024201_additional-details-sean-is-looking-for-a.md
[2026-03-07 02:54:32] PENDING HUMAN REVIEW: budget_task.md
[2026-03-07 02:54:32] PENDING HUMAN REVIEW: EMAIL_20260303_014009_kimberly-urgently-needs-a-graphic-design.md
[2026-03-07 02:54:32] PENDING HUMAN REVIEW: EMAIL_20260303_014016_andreas-urgently-needs-a-web-designer.md
[2026-03-07 02:54:32] PENDING HUMAN REVIEW: EMAIL_20260303_014022_verified-zoraya-is-looking-for-a-web-des.md
[2026-03-07 02:54:32] PENDING HUMAN REVIEW: EMAIL_20260303_014028_jac-urgently-needs-a-web-designer.md
[2026-03-07 02:54:32] PENDING HUMAN REVIEW: EMAIL_20260303_014033_pr-specialist-at-pharma-and-15-more-soci.md
[2026-03-07 02:54:32] PENDING HUMAN REVIEW: EMAIL_20260303_014039_alvin-urgently-needs-a-web-designer.md
[2026-03-07 02:54:32] PENDING HUMAN REVIEW: EMAIL_20260303_014045_verified-george-is-looking-for-a-web-des.md
[2026-03-07 02:54:32] PENDING HUMAN REVIEW: EMAIL_20260303_014052_rosa-is-looking-for-a-web-designer.md
[2026-03-07 02:54:32] PENDING HUMAN REVIEW: EMAIL_20260303_014058_amnafarazai_employee_hackathon-google-oa.md
[2026-03-07 02:54:32] PENDING HUMAN REVIEW: EMAIL_20260303_014104_verified-ashley-is-looking-for-a-web-des.md
[2026-03-07 02:54:32] PENDING HUMAN REVIEW: EMAIL_20260303_014310_nancy-is-looking-for-a-graphic-designer.md
[2026-03-07 02:54:32] PENDING HUMAN REVIEW: EMAIL_20260303_014318_additional-details-shane-is-looking-for-.md
[2026-03-07 02:54:32] PENDING HUMAN REVIEW: EMAIL_20260303_014727_verified-willia-is-looking-for-a-graphic.md
[2026-03-07 02:54:33] PENDING HUMAN REVIEW: EMAIL_20260303_031154_verified-sandra-is-looking-for-a-web-des.md
[2026-03-07 02:54:33] PENDING HUMAN REVIEW: EMAIL_20260303_031200_additional-details-michael-is-looking-fo.md
[2026-03-07 02:54:33] PENDING HUMAN REVIEW: EMAIL_20260303_031205_rich-is-looking-for-a-web-designer-in-au.md
[2026-03-07 02:54:33] PENDING HUMAN REVIEW: EMAIL_20260303_031227_paul-is-looking-for-a-web-designer.md
[2026-03-07 02:54:33] PENDING HUMAN REVIEW: EMAIL_20260303_031237_verified-jesse-is-looking-for-a-web-desi.md
[2026-03-07 02:54:33] PENDING HUMAN REVIEW: EMAIL_20260303_031241_amnafarazai_employee_hackathon-google-cl.md
[2026-03-07 02:54:33] PENDING HUMAN REVIEW: EMAIL_20260303_031446_verified-duke-is-looking-for-a-web-desig.md
[2026-03-07 02:54:33] PENDING HUMAN REVIEW: EMAIL_20260303_031922_additional-details-jonathan-is-looking-f.md
[2026-03-07 02:54:33] PENDING HUMAN REVIEW: EMAIL_20260303_032129_sophia-is-looking-for-a-web-designer.md
[2026-03-07 02:54:33] PENDING HUMAN REVIEW: EMAIL_20260303_032736_roosevelt-is-looking-for-a-web-designer.md
[2026-03-07 02:54:33] PENDING HUMAN REVIEW: EMAIL_20260303_034146_additional-details-chris-is-looking-for-.md
[2026-03-07 02:54:33] PENDING HUMAN REVIEW: EMAIL_20260303_035558_additional-details-billie-is-looking-for.md
[2026-03-07 02:54:33] PENDING HUMAN REVIEW: EMAIL_20260303_043230_verified-esther-is-looking-for-a-web-des.md
[2026-03-07 02:54:33] PENDING HUMAN REVIEW: EMAIL_20260303_043440_salvador-is-looking-for-a-web-designer.md
[2026-03-07 02:54:33] PENDING HUMAN REVIEW: EMAIL_20260303_045113_cooper-is-looking-for-a-web-designer.md
[2026-03-07 02:54:33] PENDING HUMAN REVIEW: EMAIL_20260303_045124_verified-tyler-is-looking-for-a-web-desi.md
[2026-03-07 02:54:33] PENDING HUMAN REVIEW: EMAIL_20260303_050344_additional-details-car-is-looking-for-a-.md
[2026-03-07 02:54:33] PENDING HUMAN REVIEW: EMAIL_20260303_050839_shawanna-is-looking-for-a-web-designer.md
[2026-03-07 02:54:33] PENDING HUMAN REVIEW: EMAIL_20260303_052109_additional-details-albert-is-looking-for.md
[2026-03-07 02:54:33] PENDING HUMAN REVIEW: EMAIL_20260303_063708_verified-nathan-is-looking-for-a-graphic.md
[2026-03-07 02:54:33] PENDING HUMAN REVIEW: EMAIL_20260303_064816_additional-details-wendel-is-looking-for.md
[2026-03-07 02:54:33] PENDING HUMAN REVIEW: EMAIL_20260303_065644_kim-is-looking-for-a-graphic-designer.md
[2026-03-07 02:54:33] PENDING HUMAN REVIEW: EMAIL_20260303_065755_additional-details-maurice-is-looking-fo.md
[2026-03-07 02:54:33] PENDING HUMAN REVIEW: EMAIL_20260303_065919_additional-details-carlos-is-looking-for.md
[2026-03-07 02:54:34] PENDING HUMAN REVIEW: EMAIL_20260303_065952_verified-matt-is-looking-for-a-logo-desi.md

[2026-03-07 02:49:16] PENDING HUMAN REVIEW: EMAIL_20260303_031241_amnafarazai_employee_hackathon-google-cl.md
[2026-03-07 02:49:16] PENDING HUMAN REVIEW: EMAIL_20260303_031446_verified-duke-is-looking-for-a-web-desig.md
[2026-03-07 02:49:16] PENDING HUMAN REVIEW: EMAIL_20260303_031922_additional-details-jonathan-is-looking-f.md
[2026-03-07 02:49:16] PENDING HUMAN REVIEW: EMAIL_20260303_032129_sophia-is-looking-for-a-web-designer.md
[2026-03-07 02:49:16] PENDING HUMAN REVIEW: EMAIL_20260303_032736_roosevelt-is-looking-for-a-web-designer.md
[2026-03-07 02:49:16] PENDING HUMAN REVIEW: EMAIL_20260303_034146_additional-details-chris-is-looking-for-.md
[2026-03-07 02:49:16] PENDING HUMAN REVIEW: EMAIL_20260303_035558_additional-details-billie-is-looking-for.md
[2026-03-07 02:49:16] PENDING HUMAN REVIEW: EMAIL_20260303_043230_verified-esther-is-looking-for-a-web-des.md
[2026-03-07 02:49:17] PENDING HUMAN REVIEW: EMAIL_20260303_043440_salvador-is-looking-for-a-web-designer.md
[2026-03-07 02:49:17] PENDING HUMAN REVIEW: EMAIL_20260303_045113_cooper-is-looking-for-a-web-designer.md
[2026-03-07 02:49:17] PENDING HUMAN REVIEW: EMAIL_20260303_045124_verified-tyler-is-looking-for-a-web-desi.md
[2026-03-07 02:49:17] PENDING HUMAN REVIEW: EMAIL_20260303_050344_additional-details-car-is-looking-for-a-.md
[2026-03-07 02:49:17] PENDING HUMAN REVIEW: EMAIL_20260303_050839_shawanna-is-looking-for-a-web-designer.md
[2026-03-07 02:49:17] PENDING HUMAN REVIEW: EMAIL_20260303_052109_additional-details-albert-is-looking-for.md
[2026-03-07 02:49:17] PENDING HUMAN REVIEW: EMAIL_20260303_063708_verified-nathan-is-looking-for-a-graphic.md
[2026-03-07 02:49:17] PENDING HUMAN REVIEW: EMAIL_20260303_064816_additional-details-wendel-is-looking-for.md
[2026-03-07 02:49:17] PENDING HUMAN REVIEW: EMAIL_20260303_065644_kim-is-looking-for-a-graphic-designer.md
[2026-03-07 02:49:17] PENDING HUMAN REVIEW: EMAIL_20260303_065755_additional-details-maurice-is-looking-fo.md
[2026-03-07 02:49:17] PENDING HUMAN REVIEW: EMAIL_20260303_065919_additional-details-carlos-is-looking-for.md
[2026-03-07 02:49:17] PENDING HUMAN REVIEW: EMAIL_20260303_065952_verified-matt-is-looking-for-a-logo-desi.md
[2026-03-07 02:49:17] PENDING HUMAN REVIEW: EMAIL_20260303_070119_cj-is-looking-for-a-web-designer.md
[2026-03-07 02:49:17] PENDING HUMAN REVIEW: EMAIL_20260303_070440_mike-is-looking-for-a-graphic-designer.md
[2026-03-07 02:49:17] PENDING HUMAN REVIEW: EMAIL_20260303_070451_additional-details-angel-is-looking-for-.md
[2026-03-07 02:49:17] PENDING HUMAN REVIEW: EMAIL_20260303_070500_additional-details-nicolas-is-looking-fo.md
[2026-03-07 02:49:17] PENDING HUMAN REVIEW: EMAIL_20260303_071110_additional-details-silas-is-looking-for-.md
[2026-03-07 02:49:17] PENDING HUMAN REVIEW: EMAIL_20260303_071724_additional-details-charles-is-looking-fo.md
[2026-03-07 02:49:18] PENDING HUMAN REVIEW: EMAIL_20260307_022925_verified-ava-is-looking-for-a-web-develo.md
[2026-03-07 02:49:18] PENDING HUMAN REVIEW: EMAIL_20260307_022946_additional-details-maddox-is-looking-for.md
[2026-03-07 02:49:18] PENDING HUMAN REVIEW: EMAIL_20260307_023002_noah-is-looking-for-a-seo-specialist-in-.md
[2026-03-07 02:49:18] PENDING HUMAN REVIEW: EMAIL_20260307_023019_additional-details-brandon-is-looking-fo.md
[2026-03-07 02:49:18] PENDING HUMAN REVIEW: EMAIL_20260307_023105_additional-details-annette-is-looking-fo.md
[2026-03-07 02:49:18] PENDING HUMAN REVIEW: EMAIL_20260307_023133_additional-details-ann-is-looking-for-a-.md
[2026-03-07 02:49:18] PENDING HUMAN REVIEW: EMAIL_20260307_023151_verified-ethan-is-looking-for-a-web-desi.md
[2026-03-07 02:49:18] PENDING HUMAN REVIEW: EMAIL_20260307_023207_verified-palacios-is-looking-for-a-web-d.md
[2026-03-07 02:49:18] PENDING HUMAN REVIEW: EMAIL_20260307_023248_additional-details-chris-is-looking-for-.md
[2026-03-07 02:49:18] PENDING HUMAN REVIEW: EMAIL_20260307_023734_additional-details-emil-is-looking-for-a.md
[2026-03-07 02:49:18] PENDING HUMAN REVIEW: EMAIL_20260307_024201_additional-details-sean-is-looking-for-a.md
[2026-03-07 02:54:32] PENDING HUMAN REVIEW: budget_task.md
[2026-03-07 02:54:32] PENDING HUMAN REVIEW: EMAIL_20260303_014009_kimberly-urgently-needs-a-graphic-design.md
[2026-03-07 02:54:32] PENDING HUMAN REVIEW: EMAIL_20260303_014016_andreas-urgently-needs-a-web-designer.md
[2026-03-07 02:54:32] PENDING HUMAN REVIEW: EMAIL_20260303_014022_verified-zoraya-is-looking-for-a-web-des.md
[2026-03-07 02:54:32] PENDING HUMAN REVIEW: EMAIL_20260303_014028_jac-urgently-needs-a-web-designer.md
[2026-03-07 02:54:32] PENDING HUMAN REVIEW: EMAIL_20260303_014033_pr-specialist-at-pharma-and-15-more-soci.md
[2026-03-07 02:54:32] PENDING HUMAN REVIEW: EMAIL_20260303_014039_alvin-urgently-needs-a-web-designer.md
[2026-03-07 02:54:32] PENDING HUMAN REVIEW: EMAIL_20260303_014045_verified-george-is-looking-for-a-web-des.md
[2026-03-07 02:54:32] PENDING HUMAN REVIEW: EMAIL_20260303_014052_rosa-is-looking-for-a-web-designer.md
[2026-03-07 02:54:32] PENDING HUMAN REVIEW: EMAIL_20260303_014058_amnafarazai_employee_hackathon-google-oa.md
[2026-03-07 02:54:32] PENDING HUMAN REVIEW: EMAIL_20260303_014104_verified-ashley-is-looking-for-a-web-des.md
[2026-03-07 02:54:32] PENDING HUMAN REVIEW: EMAIL_20260303_014310_nancy-is-looking-for-a-graphic-designer.md
[2026-03-07 02:54:32] PENDING HUMAN REVIEW: EMAIL_20260303_014318_additional-details-shane-is-looking-for-.md
[2026-03-07 02:54:32] PENDING HUMAN REVIEW: EMAIL_20260303_014727_verified-willia-is-looking-for-a-graphic.md
[2026-03-07 02:54:33] PENDING HUMAN REVIEW: EMAIL_20260303_031154_verified-sandra-is-looking-for-a-web-des.md
[2026-03-07 02:54:33] PENDING HUMAN REVIEW: EMAIL_20260303_031200_additional-details-michael-is-looking-fo.md
[2026-03-07 02:54:33] PENDING HUMAN REVIEW: EMAIL_20260303_031205_rich-is-looking-for-a-web-designer-in-au.md
[2026-03-07 02:54:33] PENDING HUMAN REVIEW: EMAIL_20260303_031227_paul-is-looking-for-a-web-designer.md
[2026-03-07 02:54:33] PENDING HUMAN REVIEW: EMAIL_20260303_031237_verified-jesse-is-looking-for-a-web-desi.md
[2026-03-07 02:54:33] PENDING HUMAN REVIEW: EMAIL_20260303_031241_amnafarazai_employee_hackathon-google-cl.md
[2026-03-07 02:54:33] PENDING HUMAN REVIEW: EMAIL_20260303_031446_verified-duke-is-looking-for-a-web-desig.md
[2026-03-07 02:54:33] PENDING HUMAN REVIEW: EMAIL_20260303_031922_additional-details-jonathan-is-looking-f.md
[2026-03-07 02:54:33] PENDING HUMAN REVIEW: EMAIL_20260303_032129_sophia-is-looking-for-a-web-designer.md
[2026-03-07 02:54:33] PENDING HUMAN REVIEW: EMAIL_20260303_032736_roosevelt-is-looking-for-a-web-designer.md
[2026-03-07 02:54:33] PENDING HUMAN REVIEW: EMAIL_20260303_034146_additional-details-chris-is-looking-for-.md
[2026-03-07 02:54:33] PENDING HUMAN REVIEW: EMAIL_20260303_035558_additional-details-billie-is-looking-for.md
[2026-03-07 02:54:33] PENDING HUMAN REVIEW: EMAIL_20260303_043230_verified-esther-is-looking-for-a-web-des.md
[2026-03-07 02:54:33] PENDING HUMAN REVIEW: EMAIL_20260303_043440_salvador-is-looking-for-a-web-designer.md
[2026-03-07 02:54:33] PENDING HUMAN REVIEW: EMAIL_20260303_045113_cooper-is-looking-for-a-web-designer.md
[2026-03-07 02:54:33] PENDING HUMAN REVIEW: EMAIL_20260303_045124_verified-tyler-is-looking-for-a-web-desi.md
[2026-03-07 02:54:33] PENDING HUMAN REVIEW: EMAIL_20260303_050344_additional-details-car-is-looking-for-a-.md
[2026-03-07 02:54:33] PENDING HUMAN REVIEW: EMAIL_20260303_050839_shawanna-is-looking-for-a-web-designer.md
[2026-03-07 02:54:33] PENDING HUMAN REVIEW: EMAIL_20260303_052109_additional-details-albert-is-looking-for.md
[2026-03-07 02:54:33] PENDING HUMAN REVIEW: EMAIL_20260303_063708_verified-nathan-is-looking-for-a-graphic.md
[2026-03-07 02:54:33] PENDING HUMAN REVIEW: EMAIL_20260303_064816_additional-details-wendel-is-looking-for.md
[2026-03-07 02:54:33] PENDING HUMAN REVIEW: EMAIL_20260303_065644_kim-is-looking-for-a-graphic-designer.md
[2026-03-07 02:54:33] PENDING HUMAN REVIEW: EMAIL_20260303_065755_additional-details-maurice-is-looking-fo.md
[2026-03-07 02:54:33] PENDING HUMAN REVIEW: EMAIL_20260303_065919_additional-details-carlos-is-looking-for.md
[2026-03-07 02:54:34] PENDING HUMAN REVIEW: EMAIL_20260303_065952_verified-matt-is-looking-for-a-logo-desi.md[2026-03-07 02:54:34] PENDING HUMAN REVIEW: EMAIL_20260303_070119_cj-is-looking-for-a-web-designer.md
[2026-03-07 02:54:34] PENDING HUMAN REVIEW: EMAIL_20260303_070440_mike-is-looking-for-a-graphic-designer.md
[2026-03-07 02:54:34] PENDING HUMAN REVIEW: EMAIL_20260303_070451_additional-details-angel-is-looking-for-.md
[2026-03-07 02:54:34] PENDING HUMAN REVIEW: EMAIL_20260303_070500_additional-details-nicolas-is-looking-fo.md
[2026-03-07 02:54:34] PENDING HUMAN REVIEW: EMAIL_20260303_071110_additional-details-silas-is-looking-for-.md
[2026-03-07 02:54:34] PENDING HUMAN REVIEW: EMAIL_20260303_071724_additional-details-charles-is-looking-fo.md
[2026-03-07 02:54:34] PENDING HUMAN REVIEW: EMAIL_20260307_022925_verified-ava-is-looking-for-a-web-develo.md
[2026-03-07 02:54:34] PENDING HUMAN REVIEW: EMAIL_20260307_022946_additional-details-maddox-is-looking-for.md
[2026-03-07 02:54:34] PENDING HUMAN REVIEW: EMAIL_20260307_023002_noah-is-looking-for-a-seo-specialist-in-.md
[2026-03-07 02:54:34] PENDING HUMAN REVIEW: EMAIL_20260307_023019_additional-details-brandon-is-looking-fo.md
[2026-03-07 02:54:34] PENDING HUMAN REVIEW: EMAIL_20260307_023105_additional-details-annette-is-looking-fo.md
[2026-03-07 02:54:34] PENDING HUMAN REVIEW: EMAIL_20260307_023133_additional-details-ann-is-looking-for-a-.md
[2026-03-07 02:54:34] PENDING HUMAN REVIEW: EMAIL_20260307_023151_verified-ethan-is-looking-for-a-web-desi.md
[2026-03-07 02:54:34] PENDING HUMAN REVIEW: EMAIL_20260307_023207_verified-palacios-is-looking-for-a-web-d.md
[2026-03-07 02:54:34] PENDING HUMAN REVIEW: EMAIL_20260307_023248_additional-details-chris-is-looking-for-.md
[2026-03-07 02:54:34] PENDING HUMAN REVIEW: EMAIL_20260307_023734_additional-details-emil-is-looking-for-a.md
[2026-03-07 02:54:34] PENDING HUMAN REVIEW: EMAIL_20260307_024201_additional-details-sean-is-looking-for-a.md
[2026-03-07 02:59:47] PENDING HUMAN REVIEW: budget_task.md
[2026-03-07 02:59:47] PENDING HUMAN REVIEW: EMAIL_20260303_014009_kimberly-urgently-needs-a-graphic-design.md
[2026-03-07 02:59:48] PENDING HUMAN REVIEW: EMAIL_20260303_014016_andreas-urgently-needs-a-web-designer.md
[2026-03-07 02:59:48] PENDING HUMAN REVIEW: EMAIL_20260303_014022_verified-zoraya-is-looking-for-a-web-des.md
[2026-03-07 02:59:48] PENDING HUMAN REVIEW: EMAIL_20260303_014028_jac-urgently-needs-a-web-designer.md
[2026-03-07 02:59:48] PENDING HUMAN REVIEW: EMAIL_20260303_014033_pr-specialist-at-pharma-and-15-more-soci.md
[2026-03-07 02:59:48] PENDING HUMAN REVIEW: EMAIL_20260303_014039_alvin-urgently-needs-a-web-designer.md
[2026-03-07 02:59:48] PENDING HUMAN REVIEW: EMAIL_20260303_014045_verified-george-is-looking-for-a-web-des.md
[2026-03-07 02:59:48] PENDING HUMAN REVIEW: EMAIL_20260303_014052_rosa-is-looking-for-a-web-designer.md
[2026-03-07 02:59:48] PENDING HUMAN REVIEW: EMAIL_20260303_014058_amnafarazai_employee_hackathon-google-oa.md
[2026-03-07 02:59:48] PENDING HUMAN REVIEW: EMAIL_20260303_014104_verified-ashley-is-looking-for-a-web-des.md
[2026-03-07 02:59:48] PENDING HUMAN REVIEW: EMAIL_20260303_014310_nancy-is-looking-for-a-graphic-designer.md
[2026-03-07 02:59:48] PENDING HUMAN REVIEW: EMAIL_20260303_014318_additional-details-shane-is-looking-for-.md
[2026-03-07 02:59:48] PENDING HUMAN REVIEW: EMAIL_20260303_014727_verified-willia-is-looking-for-a-graphic.md
[2026-03-07 02:59:48] PENDING HUMAN REVIEW: EMAIL_20260303_031154_verified-sandra-is-looking-for-a-web-des.md
[2026-03-07 02:59:48] PENDING HUMAN REVIEW: EMAIL_20260303_031200_additional-details-michael-is-looking-fo.md
[2026-03-07 02:59:48] PENDING HUMAN REVIEW: EMAIL_20260303_031205_rich-is-looking-for-a-web-designer-in-au.md
[2026-03-07 02:59:48] PENDING HUMAN REVIEW: EMAIL_20260303_031227_paul-is-looking-for-a-web-designer.md
[2026-03-07 02:59:48] PENDING HUMAN REVIEW: EMAIL_20260303_031237_verified-jesse-is-looking-for-a-web-desi.md
[2026-03-07 02:59:49] PENDING HUMAN REVIEW: EMAIL_20260303_031241_amnafarazai_employee_hackathon-google-cl.md
[2026-03-07 02:59:49] PENDING HUMAN REVIEW: EMAIL_20260303_031446_verified-duke-is-looking-for-a-web-desig.md
[2026-03-07 02:59:49] PENDING HUMAN REVIEW: EMAIL_20260303_031922_additional-details-jonathan-is-looking-f.md
[2026-03-07 02:59:49] PENDING HUMAN REVIEW: EMAIL_20260303_032129_sophia-is-looking-for-a-web-designer.md
[2026-03-07 02:59:49] PENDING HUMAN REVIEW: EMAIL_20260303_032736_roosevelt-is-looking-for-a-web-designer.md
[2026-03-07 02:59:49] PENDING HUMAN REVIEW: EMAIL_20260303_034146_additional-details-chris-is-looking-for-.md
[2026-03-07 02:59:49] PENDING HUMAN REVIEW: EMAIL_20260303_035558_additional-details-billie-is-looking-for.md
[2026-03-07 02:59:49] PENDING HUMAN REVIEW: EMAIL_20260303_043230_verified-esther-is-looking-for-a-web-des.md
[2026-03-07 02:59:49] PENDING HUMAN REVIEW: EMAIL_20260303_043440_salvador-is-looking-for-a-web-designer.md
[2026-03-07 02:59:49] PENDING HUMAN REVIEW: EMAIL_20260303_045113_cooper-is-looking-for-a-web-designer.md
[2026-03-07 02:59:49] PENDING HUMAN REVIEW: EMAIL_20260303_045124_verified-tyler-is-looking-for-a-web-desi.md
[2026-03-07 02:59:49] PENDING HUMAN REVIEW: EMAIL_20260303_050344_additional-details-car-is-looking-for-a-.md
[2026-03-07 02:59:49] PENDING HUMAN REVIEW: EMAIL_20260303_050839_shawanna-is-looking-for-a-web-designer.md
[2026-03-07 02:59:49] PENDING HUMAN REVIEW: EMAIL_20260303_052109_additional-details-albert-is-looking-for.md
[2026-03-07 02:59:49] PENDING HUMAN REVIEW: EMAIL_20260303_063708_verified-nathan-is-looking-for-a-graphic.md
[2026-03-07 02:59:49] PENDING HUMAN REVIEW: EMAIL_20260303_064816_additional-details-wendel-is-looking-for.md
[2026-03-07 02:59:49] PENDING HUMAN REVIEW: EMAIL_20260303_065644_kim-is-looking-for-a-graphic-designer.md
[2026-03-07 02:59:50] PENDING HUMAN REVIEW: EMAIL_20260303_065755_additional-details-maurice-is-looking-fo.md
[2026-03-07 02:59:50] PENDING HUMAN REVIEW: EMAIL_20260303_065919_additional-details-carlos-is-looking-for.md
[2026-03-07 02:59:50] PENDING HUMAN REVIEW: EMAIL_20260303_065952_verified-matt-is-looking-for-a-logo-desi.md
[2026-03-07 02:59:50] PENDING HUMAN REVIEW: EMAIL_20260303_070119_cj-is-looking-for-a-web-designer.md
[2026-03-07 02:59:50] PENDING HUMAN REVIEW: EMAIL_20260303_070440_mike-is-looking-for-a-graphic-designer.md
[2026-03-07 02:59:50] PENDING HUMAN REVIEW: EMAIL_20260303_070451_additional-details-angel-is-looking-for-.md
[2026-03-07 02:59:50] PENDING HUMAN REVIEW: EMAIL_20260303_070500_additional-details-nicolas-is-looking-fo.md
[2026-03-07 02:59:50] PENDING HUMAN REVIEW: EMAIL_20260303_071110_additional-details-silas-is-looking-for-.md
[2026-03-07 02:59:50] PENDING HUMAN REVIEW: EMAIL_20260303_071724_additional-details-charles-is-looking-fo.md
[2026-03-07 02:59:50] PENDING HUMAN REVIEW: EMAIL_20260307_022925_verified-ava-is-looking-for-a-web-develo.md
[2026-03-07 02:59:50] PENDING HUMAN REVIEW: EMAIL_20260307_022946_additional-details-maddox-is-looking-for.md
[2026-03-07 02:59:50] PENDING HUMAN REVIEW: EMAIL_20260307_023002_noah-is-looking-for-a-seo-specialist-in-.md
[2026-03-07 02:59:50] PENDING HUMAN REVIEW: EMAIL_20260307_023019_additional-details-brandon-is-looking-fo.md
[2026-03-07 02:59:50] PENDING HUMAN REVIEW: EMAIL_20260307_023105_additional-details-annette-is-looking-fo.md
[2026-03-07 02:59:50] PENDING HUMAN REVIEW: EMAIL_20260307_023133_additional-details-ann-is-looking-for-a-.md
[2026-03-07 02:59:50] PENDING HUMAN REVIEW: EMAIL_20260307_023151_verified-ethan-is-looking-for-a-web-desi.md
[2026-03-07 02:59:51] PENDING HUMAN REVIEW: EMAIL_20260307_023207_verified-palacios-is-looking-for-a-web-d.md
[2026-03-07 02:59:51] PENDING HUMAN REVIEW: EMAIL_20260307_023248_additional-details-chris-is-looking-for-.md
[2026-03-07 02:59:51] PENDING HUMAN REVIEW: EMAIL_20260307_023734_additional-details-emil-is-looking-for-a.md
[2026-03-07 02:59:52] PENDING HUMAN REVIEW: EMAIL_20260307_024201_additional-details-sean-is-looking-for-a.md
[2026-03-07 03:05:06] PENDING HUMAN REVIEW: budget_task.md
[2026-03-07 03:05:06] PENDING HUMAN REVIEW: EMAIL_20260303_014009_kimberly-urgently-needs-a-graphic-design.md
[2026-03-07 03:05:06] PENDING HUMAN REVIEW: EMAIL_20260303_014016_andreas-urgently-needs-a-web-designer.md

[2026-03-07 02:54:34] PENDING HUMAN REVIEW: EMAIL_20260303_070119_cj-is-looking-for-a-web-designer.md
[2026-03-07 02:54:34] PENDING HUMAN REVIEW: EMAIL_20260303_070440_mike-is-looking-for-a-graphic-designer.md
[2026-03-07 02:54:34] PENDING HUMAN REVIEW: EMAIL_20260303_070451_additional-details-angel-is-looking-for-.md
[2026-03-07 02:54:34] PENDING HUMAN REVIEW: EMAIL_20260303_070500_additional-details-nicolas-is-looking-fo.md
[2026-03-07 02:54:34] PENDING HUMAN REVIEW: EMAIL_20260303_071110_additional-details-silas-is-looking-for-.md
[2026-03-07 02:54:34] PENDING HUMAN REVIEW: EMAIL_20260303_071724_additional-details-charles-is-looking-fo.md
[2026-03-07 02:54:34] PENDING HUMAN REVIEW: EMAIL_20260307_022925_verified-ava-is-looking-for-a-web-develo.md
[2026-03-07 02:54:34] PENDING HUMAN REVIEW: EMAIL_20260307_022946_additional-details-maddox-is-looking-for.md
[2026-03-07 02:54:34] PENDING HUMAN REVIEW: EMAIL_20260307_023002_noah-is-looking-for-a-seo-specialist-in-.md
[2026-03-07 02:54:34] PENDING HUMAN REVIEW: EMAIL_20260307_023019_additional-details-brandon-is-looking-fo.md
[2026-03-07 02:54:34] PENDING HUMAN REVIEW: EMAIL_20260307_023105_additional-details-annette-is-looking-fo.md
[2026-03-07 02:54:34] PENDING HUMAN REVIEW: EMAIL_20260307_023133_additional-details-ann-is-looking-for-a-.md
[2026-03-07 02:54:34] PENDING HUMAN REVIEW: EMAIL_20260307_023151_verified-ethan-is-looking-for-a-web-desi.md
[2026-03-07 02:54:34] PENDING HUMAN REVIEW: EMAIL_20260307_023207_verified-palacios-is-looking-for-a-web-d.md
[2026-03-07 02:54:34] PENDING HUMAN REVIEW: EMAIL_20260307_023248_additional-details-chris-is-looking-for-.md
[2026-03-07 02:54:34] PENDING HUMAN REVIEW: EMAIL_20260307_023734_additional-details-emil-is-looking-for-a.md
[2026-03-07 02:54:34] PENDING HUMAN REVIEW: EMAIL_20260307_024201_additional-details-sean-is-looking-for-a.md
[2026-03-07 02:59:47] PENDING HUMAN REVIEW: budget_task.md
[2026-03-07 02:59:47] PENDING HUMAN REVIEW: EMAIL_20260303_014009_kimberly-urgently-needs-a-graphic-design.md
[2026-03-07 02:59:48] PENDING HUMAN REVIEW: EMAIL_20260303_014016_andreas-urgently-needs-a-web-designer.md
[2026-03-07 02:59:48] PENDING HUMAN REVIEW: EMAIL_20260303_014022_verified-zoraya-is-looking-for-a-web-des.md
[2026-03-07 02:59:48] PENDING HUMAN REVIEW: EMAIL_20260303_014028_jac-urgently-needs-a-web-designer.md
[2026-03-07 02:59:48] PENDING HUMAN REVIEW: EMAIL_20260303_014033_pr-specialist-at-pharma-and-15-more-soci.md
[2026-03-07 02:59:48] PENDING HUMAN REVIEW: EMAIL_20260303_014039_alvin-urgently-needs-a-web-designer.md
[2026-03-07 02:59:48] PENDING HUMAN REVIEW: EMAIL_20260303_014045_verified-george-is-looking-for-a-web-des.md
[2026-03-07 02:59:48] PENDING HUMAN REVIEW: EMAIL_20260303_014052_rosa-is-looking-for-a-web-designer.md
[2026-03-07 02:59:48] PENDING HUMAN REVIEW: EMAIL_20260303_014058_amnafarazai_employee_hackathon-google-oa.md
[2026-03-07 02:59:48] PENDING HUMAN REVIEW: EMAIL_20260303_014104_verified-ashley-is-looking-for-a-web-des.md
[2026-03-07 02:59:48] PENDING HUMAN REVIEW: EMAIL_20260303_014310_nancy-is-looking-for-a-graphic-designer.md
[2026-03-07 02:59:48] PENDING HUMAN REVIEW: EMAIL_20260303_014318_additional-details-shane-is-looking-for-.md
[2026-03-07 02:59:48] PENDING HUMAN REVIEW: EMAIL_20260303_014727_verified-willia-is-looking-for-a-graphic.md
[2026-03-07 02:59:48] PENDING HUMAN REVIEW: EMAIL_20260303_031154_verified-sandra-is-looking-for-a-web-des.md
[2026-03-07 02:59:48] PENDING HUMAN REVIEW: EMAIL_20260303_031200_additional-details-michael-is-looking-fo.md
[2026-03-07 02:59:48] PENDING HUMAN REVIEW: EMAIL_20260303_031205_rich-is-looking-for-a-web-designer-in-au.md
[2026-03-07 02:59:48] PENDING HUMAN REVIEW: EMAIL_20260303_031227_paul-is-looking-for-a-web-designer.md
[2026-03-07 02:59:48] PENDING HUMAN REVIEW: EMAIL_20260303_031237_verified-jesse-is-looking-for-a-web-desi.md
[2026-03-07 02:59:49] PENDING HUMAN REVIEW: EMAIL_20260303_031241_amnafarazai_employee_hackathon-google-cl.md
[2026-03-07 02:59:49] PENDING HUMAN REVIEW: EMAIL_20260303_031446_verified-duke-is-looking-for-a-web-desig.md
[2026-03-07 02:59:49] PENDING HUMAN REVIEW: EMAIL_20260303_031922_additional-details-jonathan-is-looking-f.md
[2026-03-07 02:59:49] PENDING HUMAN REVIEW: EMAIL_20260303_032129_sophia-is-looking-for-a-web-designer.md
[2026-03-07 02:59:49] PENDING HUMAN REVIEW: EMAIL_20260303_032736_roosevelt-is-looking-for-a-web-designer.md
[2026-03-07 02:59:49] PENDING HUMAN REVIEW: EMAIL_20260303_034146_additional-details-chris-is-looking-for-.md
[2026-03-07 02:59:49] PENDING HUMAN REVIEW: EMAIL_20260303_035558_additional-details-billie-is-looking-for.md
[2026-03-07 02:59:49] PENDING HUMAN REVIEW: EMAIL_20260303_043230_verified-esther-is-looking-for-a-web-des.md
[2026-03-07 02:59:49] PENDING HUMAN REVIEW: EMAIL_20260303_043440_salvador-is-looking-for-a-web-designer.md
[2026-03-07 02:59:49] PENDING HUMAN REVIEW: EMAIL_20260303_045113_cooper-is-looking-for-a-web-designer.md
[2026-03-07 02:59:49] PENDING HUMAN REVIEW: EMAIL_20260303_045124_verified-tyler-is-looking-for-a-web-desi.md
[2026-03-07 02:59:49] PENDING HUMAN REVIEW: EMAIL_20260303_050344_additional-details-car-is-looking-for-a-.md
[2026-03-07 02:59:49] PENDING HUMAN REVIEW: EMAIL_20260303_050839_shawanna-is-looking-for-a-web-designer.md
[2026-03-07 02:59:49] PENDING HUMAN REVIEW: EMAIL_20260303_052109_additional-details-albert-is-looking-for.md
[2026-03-07 02:59:49] PENDING HUMAN REVIEW: EMAIL_20260303_063708_verified-nathan-is-looking-for-a-graphic.md
[2026-03-07 02:59:49] PENDING HUMAN REVIEW: EMAIL_20260303_064816_additional-details-wendel-is-looking-for.md
[2026-03-07 02:59:49] PENDING HUMAN REVIEW: EMAIL_20260303_065644_kim-is-looking-for-a-graphic-designer.md
[2026-03-07 02:59:50] PENDING HUMAN REVIEW: EMAIL_20260303_065755_additional-details-maurice-is-looking-fo.md
[2026-03-07 02:59:50] PENDING HUMAN REVIEW: EMAIL_20260303_065919_additional-details-carlos-is-looking-for.md
[2026-03-07 02:59:50] PENDING HUMAN REVIEW: EMAIL_20260303_065952_verified-matt-is-looking-for-a-logo-desi.md
[2026-03-07 02:59:50] PENDING HUMAN REVIEW: EMAIL_20260303_070119_cj-is-looking-for-a-web-designer.md
[2026-03-07 02:59:50] PENDING HUMAN REVIEW: EMAIL_20260303_070440_mike-is-looking-for-a-graphic-designer.md
[2026-03-07 02:59:50] PENDING HUMAN REVIEW: EMAIL_20260303_070451_additional-details-angel-is-looking-for-.md
[2026-03-07 02:59:50] PENDING HUMAN REVIEW: EMAIL_20260303_070500_additional-details-nicolas-is-looking-fo.md
[2026-03-07 02:59:50] PENDING HUMAN REVIEW: EMAIL_20260303_071110_additional-details-silas-is-looking-for-.md
[2026-03-07 02:59:50] PENDING HUMAN REVIEW: EMAIL_20260303_071724_additional-details-charles-is-looking-fo.md
[2026-03-07 02:59:50] PENDING HUMAN REVIEW: EMAIL_20260307_022925_verified-ava-is-looking-for-a-web-develo.md
[2026-03-07 02:59:50] PENDING HUMAN REVIEW: EMAIL_20260307_022946_additional-details-maddox-is-looking-for.md
[2026-03-07 02:59:50] PENDING HUMAN REVIEW: EMAIL_20260307_023002_noah-is-looking-for-a-seo-specialist-in-.md
[2026-03-07 02:59:50] PENDING HUMAN REVIEW: EMAIL_20260307_023019_additional-details-brandon-is-looking-fo.md
[2026-03-07 02:59:50] PENDING HUMAN REVIEW: EMAIL_20260307_023105_additional-details-annette-is-looking-fo.md
[2026-03-07 02:59:50] PENDING HUMAN REVIEW: EMAIL_20260307_023133_additional-details-ann-is-looking-for-a-.md
[2026-03-07 02:59:50] PENDING HUMAN REVIEW: EMAIL_20260307_023151_verified-ethan-is-looking-for-a-web-desi.md
[2026-03-07 02:59:51] PENDING HUMAN REVIEW: EMAIL_20260307_023207_verified-palacios-is-looking-for-a-web-d.md
[2026-03-07 02:59:51] PENDING HUMAN REVIEW: EMAIL_20260307_023248_additional-details-chris-is-looking-for-.md
[2026-03-07 02:59:51] PENDING HUMAN REVIEW: EMAIL_20260307_023734_additional-details-emil-is-looking-for-a.md
[2026-03-07 02:59:52] PENDING HUMAN REVIEW: EMAIL_20260307_024201_additional-details-sean-is-looking-for-a.md
[2026-03-07 03:05:06] PENDING HUMAN REVIEW: budget_task.md
[2026-03-07 03:05:06] PENDING HUMAN REVIEW: EMAIL_20260303_014009_kimberly-urgently-needs-a-graphic-design.md
[2026-03-07 03:05:06] PENDING HUMAN REVIEW: EMAIL_20260303_014016_andreas-urgently-needs-a-web-designer.md
[2026-03-07 03:05:06] PENDING HUMAN REVIEW: EMAIL_20260303_014022_verified-zoraya-is-looking-for-a-web-des.md
[2026-03-07 03:05:06] PENDING HUMAN REVIEW: EMAIL_20260303_014028_jac-urgently-needs-a-web-designer.md
[2026-03-07 03:05:06] PENDING HUMAN REVIEW: EMAIL_20260303_014033_pr-specialist-at-pharma-and-15-more-soci.md
[2026-03-07 03:05:06] PENDING HUMAN REVIEW: EMAIL_20260303_014039_alvin-urgently-needs-a-web-designer.md
[2026-03-07 03:05:06] PENDING HUMAN REVIEW: EMAIL_20260303_014045_verified-george-is-looking-for-a-web-des.md
[2026-03-07 03:05:06] PENDING HUMAN REVIEW: EMAIL_20260303_014052_rosa-is-looking-for-a-web-designer.md
[2026-03-07 03:05:06] PENDING HUMAN REVIEW: EMAIL_20260303_014058_amnafarazai_employee_hackathon-google-oa.md
[2026-03-07 03:05:06] PENDING HUMAN REVIEW: EMAIL_20260303_014104_verified-ashley-is-looking-for-a-web-des.md
[2026-03-07 03:05:06] PENDING HUMAN REVIEW: EMAIL_20260303_014310_nancy-is-looking-for-a-graphic-designer.md
[2026-03-07 03:05:06] PENDING HUMAN REVIEW: EMAIL_20260303_014318_additional-details-shane-is-looking-for-.md
[2026-03-07 03:05:06] PENDING HUMAN REVIEW: EMAIL_20260303_014727_verified-willia-is-looking-for-a-graphic.md
[2026-03-07 03:05:06] PENDING HUMAN REVIEW: EMAIL_20260303_031154_verified-sandra-is-looking-for-a-web-des.md
[2026-03-07 03:05:06] PENDING HUMAN REVIEW: EMAIL_20260303_031200_additional-details-michael-is-looking-fo.md
[2026-03-07 03:05:06] PENDING HUMAN REVIEW: EMAIL_20260303_031205_rich-is-looking-for-a-web-designer-in-au.md
[2026-03-07 03:05:06] PENDING HUMAN REVIEW: EMAIL_20260303_031227_paul-is-looking-for-a-web-designer.md
[2026-03-07 03:05:06] PENDING HUMAN REVIEW: EMAIL_20260303_031237_verified-jesse-is-looking-for-a-web-desi.md
[2026-03-07 03:05:06] PENDING HUMAN REVIEW: EMAIL_20260303_031241_amnafarazai_employee_hackathon-google-cl.md
[2026-03-07 03:05:07] PENDING HUMAN REVIEW: EMAIL_20260303_031446_verified-duke-is-looking-for-a-web-desig.md
[2026-03-07 03:05:07] PENDING HUMAN REVIEW: EMAIL_20260303_031922_additional-details-jonathan-is-looking-f.md
[2026-03-07 03:05:07] PENDING HUMAN REVIEW: EMAIL_20260303_032129_sophia-is-looking-for-a-web-designer.md
[2026-03-07 03:05:07] PENDING HUMAN REVIEW: EMAIL_20260303_032736_roosevelt-is-looking-for-a-web-designer.md
[2026-03-07 03:05:07] PENDING HUMAN REVIEW: EMAIL_20260303_034146_additional-details-chris-is-looking-for-.md
[2026-03-07 03:05:07] PENDING HUMAN REVIEW: EMAIL_20260303_035558_additional-details-billie-is-looking-for.md
[2026-03-07 03:05:07] PENDING HUMAN REVIEW: EMAIL_20260303_043230_verified-esther-is-looking-for-a-web-des.md
[2026-03-07 03:05:07] PENDING HUMAN REVIEW: EMAIL_20260303_043440_salvador-is-looking-for-a-web-designer.md
[2026-03-07 03:05:07] PENDING HUMAN REVIEW: EMAIL_20260303_045113_cooper-is-looking-for-a-web-designer.md
[2026-03-07 03:05:07] PENDING HUMAN REVIEW: EMAIL_20260303_045124_verified-tyler-is-looking-for-a-web-desi.md
[2026-03-07 03:05:07] PENDING HUMAN REVIEW: EMAIL_20260303_050344_additional-details-car-is-looking-for-a-.md
[2026-03-07 03:05:07] PENDING HUMAN REVIEW: EMAIL_20260303_050839_shawanna-is-looking-for-a-web-designer.md
[2026-03-07 03:05:07] PENDING HUMAN REVIEW: EMAIL_20260303_052109_additional-details-albert-is-looking-for.md
[2026-03-07 03:05:07] PENDING HUMAN REVIEW: EMAIL_20260303_063708_verified-nathan-is-looking-for-a-graphic.md
[2026-03-07 03:05:07] PENDING HUMAN REVIEW: EMAIL_20260303_064816_additional-details-wendel-is-looking-for.md
[2026-03-07 03:05:07] PENDING HUMAN REVIEW: EMAIL_20260303_065644_kim-is-looking-for-a-graphic-designer.md
[2026-03-07 03:05:07] PENDING HUMAN REVIEW: EMAIL_20260303_065755_additional-details-maurice-is-looking-fo.md
[2026-03-07 03:05:07] PENDING HUMAN REVIEW: EMAIL_20260303_065919_additional-details-carlos-is-looking-for.md
[2026-03-07 03:05:07] PENDING HUMAN REVIEW: EMAIL_20260303_065952_verified-matt-is-looking-for-a-logo-desi.md
[2026-03-07 03:05:07] PENDING HUMAN REVIEW: EMAIL_20260303_070119_cj-is-looking-for-a-web-designer.md
[2026-03-07 03:05:07] PENDING HUMAN REVIEW: EMAIL_20260303_070440_mike-is-looking-for-a-graphic-designer.md
[2026-03-07 03:05:07] PENDING HUMAN REVIEW: EMAIL_20260303_070451_additional-details-angel-is-looking-for-.md
[2026-03-07 03:05:07] PENDING HUMAN REVIEW: EMAIL_20260303_070500_additional-details-nicolas-is-looking-fo.md
[2026-03-07 03:05:08] PENDING HUMAN REVIEW: EMAIL_20260303_071110_additional-details-silas-is-looking-for-.md
[2026-03-07 03:05:08] PENDING HUMAN REVIEW: EMAIL_20260303_071724_additional-details-charles-is-looking-fo.md
[2026-03-07 03:05:08] PENDING HUMAN REVIEW: EMAIL_20260307_022925_verified-ava-is-looking-for-a-web-develo.md
[2026-03-07 03:05:08] PENDING HUMAN REVIEW: EMAIL_20260307_022946_additional-details-maddox-is-looking-for.md
[2026-03-07 03:05:08] PENDING HUMAN REVIEW: EMAIL_20260307_023002_noah-is-looking-for-a-seo-specialist-in-.md
[2026-03-07 03:05:08] PENDING HUMAN REVIEW: EMAIL_20260307_023019_additional-details-brandon-is-looking-fo.md
[2026-03-07 03:05:08] PENDING HUMAN REVIEW: EMAIL_20260307_023105_additional-details-annette-is-looking-fo.md
[2026-03-07 03:05:08] PENDING HUMAN REVIEW: EMAIL_20260307_023133_additional-details-ann-is-looking-for-a-.md
[2026-03-07 03:05:08] PENDING HUMAN REVIEW: EMAIL_20260307_023151_verified-ethan-is-looking-for-a-web-desi.md
[2026-03-07 03:05:08] PENDING HUMAN REVIEW: EMAIL_20260307_023207_verified-palacios-is-looking-for-a-web-d.md
[2026-03-07 03:05:08] PENDING HUMAN REVIEW: EMAIL_20260307_023248_additional-details-chris-is-looking-for-.md
[2026-03-07 03:05:08] PENDING HUMAN REVIEW: EMAIL_20260307_023734_additional-details-emil-is-looking-for-a.md
[2026-03-07 03:05:08] PENDING HUMAN REVIEW: EMAIL_20260307_024201_additional-details-sean-is-looking-for-a.md
[2026-03-07 03:10:19] PENDING HUMAN REVIEW: budget_task.md
[2026-03-07 03:10:20] PENDING HUMAN REVIEW: EMAIL_20260303_014009_kimberly-urgently-needs-a-graphic-design.md
[2026-03-07 03:10:20] PENDING HUMAN REVIEW: EMAIL_20260303_014016_andreas-urgently-needs-a-web-designer.md
[2026-03-07 03:10:20] PENDING HUMAN REVIEW: EMAIL_20260303_014022_verified-zoraya-is-looking-for-a-web-des.md
[2026-03-07 03:10:20] PENDING HUMAN REVIEW: EMAIL_20260303_014028_jac-urgently-needs-a-web-designer.md
[2026-03-07 03:10:20] PENDING HUMAN REVIEW: EMAIL_20260303_014033_pr-specialist-at-pharma-and-15-more-soci.md
[2026-03-07 03:10:21] PENDING HUMAN REVIEW: EMAIL_20260303_014039_alvin-urgently-needs-a-web-designer.md
[2026-03-07 03:10:21] PENDING HUMAN REVIEW: EMAIL_20260303_014045_verified-george-is-looking-for-a-web-des.md
[2026-03-07 03:10:21] PENDING HUMAN REVIEW: EMAIL_20260303_014052_rosa-is-looking-for-a-web-designer.md
[2026-03-07 03:10:21] PENDING HUMAN REVIEW: EMAIL_20260303_014058_amnafarazai_employee_hackathon-google-oa.md
[2026-03-07 03:10:21] PENDING HUMAN REVIEW: EMAIL_20260303_014104_verified-ashley-is-looking-for-a-web-des.md
[2026-03-07 03:10:21] PENDING HUMAN REVIEW: EMAIL_20260303_014310_nancy-is-looking-for-a-graphic-designer.md
[2026-03-07 03:10:21] PENDING HUMAN REVIEW: EMAIL_20260303_014318_additional-details-shane-is-looking-for-.md
[2026-03-07 03:10:21] PENDING HUMAN REVIEW: EMAIL_20260303_014727_verified-willia-is-looking-for-a-graphic.md
[2026-03-07 03:10:22] PENDING HUMAN REVIEW: EMAIL_20260303_031154_verified-sandra-is-looking-for-a-web-des.md
[2026-03-07 03:10:22] PENDING HUMAN REVIEW: EMAIL_20260303_031200_additional-details-michael-is-looking-fo.md
[2026-03-07 03:10:22] PENDING HUMAN REVIEW: EMAIL_20260303_031205_rich-is-looking-for-a-web-designer-in-au.md
[2026-03-07 03:10:22] PENDING HUMAN REVIEW: EMAIL_20260303_031227_paul-is-looking-for-a-web-designer.md
[2026-03-07 03:10:22] PENDING HUMAN REVIEW: EMAIL_20260303_031237_verified-jesse-is-looking-for-a-web-desi.md
[2026-03-07 03:10:22] PENDING HUMAN REVIEW: EMAIL_20260303_031241_amnafarazai_employee_hackathon-google-cl.md
[2026-03-07 03:10:22] PENDING HUMAN REVIEW: EMAIL_20260303_031446_verified-duke-is-looking-for-a-web-desig.md
[2026-03-07 03:10:22] PENDING HUMAN REVIEW: EMAIL_20260303_031922_additional-details-jonathan-is-looking-f.md
[2026-03-07 03:10:22] PENDING HUMAN REVIEW: EMAIL_20260303_032129_sophia-is-looking-for-a-web-designer.md
[2026-03-07 03:05:06] PENDING HUMAN REVIEW: EMAIL_20260303_014022_verified-zoraya-is-looking-for-a-web-des.md
[2026-03-07 03:05:06] PENDING HUMAN REVIEW: EMAIL_20260303_014028_jac-urgently-needs-a-web-designer.md
[2026-03-07 03:05:06] PENDING HUMAN REVIEW: EMAIL_20260303_014033_pr-specialist-at-pharma-and-15-more-soci.md
[2026-03-07 03:05:06] PENDING HUMAN REVIEW: EMAIL_20260303_014039_alvin-urgently-needs-a-web-designer.md
[2026-03-07 03:05:06] PENDING HUMAN REVIEW: EMAIL_20260303_014045_verified-george-is-looking-for-a-web-des.md
[2026-03-07 03:05:06] PENDING HUMAN REVIEW: EMAIL_20260303_014052_rosa-is-looking-for-a-web-designer.md
[2026-03-07 03:05:06] PENDING HUMAN REVIEW: EMAIL_20260303_014058_amnafarazai_employee_hackathon-google-oa.md
[2026-03-07 03:05:06] PENDING HUMAN REVIEW: EMAIL_20260303_014104_verified-ashley-is-looking-for-a-web-des.md
[2026-03-07 03:05:06] PENDING HUMAN REVIEW: EMAIL_20260303_014310_nancy-is-looking-for-a-graphic-designer.md
[2026-03-07 03:05:06] PENDING HUMAN REVIEW: EMAIL_20260303_014318_additional-details-shane-is-looking-for-.md
[2026-03-07 03:05:06] PENDING HUMAN REVIEW: EMAIL_20260303_014727_verified-willia-is-looking-for-a-graphic.md
[2026-03-07 03:05:06] PENDING HUMAN REVIEW: EMAIL_20260303_031154_verified-sandra-is-looking-for-a-web-des.md
[2026-03-07 03:05:06] PENDING HUMAN REVIEW: EMAIL_20260303_031200_additional-details-michael-is-looking-fo.md
[2026-03-07 03:05:06] PENDING HUMAN REVIEW: EMAIL_20260303_031205_rich-is-looking-for-a-web-designer-in-au.md
[2026-03-07 03:05:06] PENDING HUMAN REVIEW: EMAIL_20260303_031227_paul-is-looking-for-a-web-designer.md
[2026-03-07 03:05:06] PENDING HUMAN REVIEW: EMAIL_20260303_031237_verified-jesse-is-looking-for-a-web-desi.md
[2026-03-07 03:05:06] PENDING HUMAN REVIEW: EMAIL_20260303_031241_amnafarazai_employee_hackathon-google-cl.md
[2026-03-07 03:05:07] PENDING HUMAN REVIEW: EMAIL_20260303_031446_verified-duke-is-looking-for-a-web-desig.md
[2026-03-07 03:05:07] PENDING HUMAN REVIEW: EMAIL_20260303_031922_additional-details-jonathan-is-looking-f.md
[2026-03-07 03:05:07] PENDING HUMAN REVIEW: EMAIL_20260303_032129_sophia-is-looking-for-a-web-designer.md
[2026-03-07 03:05:07] PENDING HUMAN REVIEW: EMAIL_20260303_032736_roosevelt-is-looking-for-a-web-designer.md
[2026-03-07 03:05:07] PENDING HUMAN REVIEW: EMAIL_20260303_034146_additional-details-chris-is-looking-for-.md
[2026-03-07 03:05:07] PENDING HUMAN REVIEW: EMAIL_20260303_035558_additional-details-billie-is-looking-for.md
[2026-03-07 03:05:07] PENDING HUMAN REVIEW: EMAIL_20260303_043230_verified-esther-is-looking-for-a-web-des.md
[2026-03-07 03:05:07] PENDING HUMAN REVIEW: EMAIL_20260303_043440_salvador-is-looking-for-a-web-designer.md
[2026-03-07 03:05:07] PENDING HUMAN REVIEW: EMAIL_20260303_045113_cooper-is-looking-for-a-web-designer.md
[2026-03-07 03:05:07] PENDING HUMAN REVIEW: EMAIL_20260303_045124_verified-tyler-is-looking-for-a-web-desi.md
[2026-03-07 03:05:07] PENDING HUMAN REVIEW: EMAIL_20260303_050344_additional-details-car-is-looking-for-a-.md
[2026-03-07 03:05:07] PENDING HUMAN REVIEW: EMAIL_20260303_050839_shawanna-is-looking-for-a-web-designer.md
[2026-03-07 03:05:07] PENDING HUMAN REVIEW: EMAIL_20260303_052109_additional-details-albert-is-looking-for.md
[2026-03-07 03:05:07] PENDING HUMAN REVIEW: EMAIL_20260303_063708_verified-nathan-is-looking-for-a-graphic.md
[2026-03-07 03:05:07] PENDING HUMAN REVIEW: EMAIL_20260303_064816_additional-details-wendel-is-looking-for.md
[2026-03-07 03:05:07] PENDING HUMAN REVIEW: EMAIL_20260303_065644_kim-is-looking-for-a-graphic-designer.md
[2026-03-07 03:05:07] PENDING HUMAN REVIEW: EMAIL_20260303_065755_additional-details-maurice-is-looking-fo.md
[2026-03-07 03:05:07] PENDING HUMAN REVIEW: EMAIL_20260303_065919_additional-details-carlos-is-looking-for.md
[2026-03-07 03:05:07] PENDING HUMAN REVIEW: EMAIL_20260303_065952_verified-matt-is-looking-for-a-logo-desi.md
[2026-03-07 03:05:07] PENDING HUMAN REVIEW: EMAIL_20260303_070119_cj-is-looking-for-a-web-designer.md
[2026-03-07 03:05:07] PENDING HUMAN REVIEW: EMAIL_20260303_070440_mike-is-looking-for-a-graphic-designer.md
[2026-03-07 03:05:07] PENDING HUMAN REVIEW: EMAIL_20260303_070451_additional-details-angel-is-looking-for-.md
[2026-03-07 03:05:07] PENDING HUMAN REVIEW: EMAIL_20260303_070500_additional-details-nicolas-is-looking-fo.md
[2026-03-07 03:05:08] PENDING HUMAN REVIEW: EMAIL_20260303_071110_additional-details-silas-is-looking-for-.md
[2026-03-07 03:05:08] PENDING HUMAN REVIEW: EMAIL_20260303_071724_additional-details-charles-is-looking-fo.md
[2026-03-07 03:05:08] PENDING HUMAN REVIEW: EMAIL_20260307_022925_verified-ava-is-looking-for-a-web-develo.md
[2026-03-07 03:05:08] PENDING HUMAN REVIEW: EMAIL_20260307_022946_additional-details-maddox-is-looking-for.md
[2026-03-07 03:05:08] PENDING HUMAN REVIEW: EMAIL_20260307_023002_noah-is-looking-for-a-seo-specialist-in-.md
[2026-03-07 03:05:08] PENDING HUMAN REVIEW: EMAIL_20260307_023019_additional-details-brandon-is-looking-fo.md
[2026-03-07 03:05:08] PENDING HUMAN REVIEW: EMAIL_20260307_023105_additional-details-annette-is-looking-fo.md
[2026-03-07 03:05:08] PENDING HUMAN REVIEW: EMAIL_20260307_023133_additional-details-ann-is-looking-for-a-.md
[2026-03-07 03:05:08] PENDING HUMAN REVIEW: EMAIL_20260307_023151_verified-ethan-is-looking-for-a-web-desi.md
[2026-03-07 03:05:08] PENDING HUMAN REVIEW: EMAIL_20260307_023207_verified-palacios-is-looking-for-a-web-d.md
[2026-03-07 03:05:08] PENDING HUMAN REVIEW: EMAIL_20260307_023248_additional-details-chris-is-looking-for-.md
[2026-03-07 03:05:08] PENDING HUMAN REVIEW: EMAIL_20260307_023734_additional-details-emil-is-looking-for-a.md
[2026-03-07 03:05:08] PENDING HUMAN REVIEW: EMAIL_20260307_024201_additional-details-sean-is-looking-for-a.md
[2026-03-07 03:10:19] PENDING HUMAN REVIEW: budget_task.md
[2026-03-07 03:10:20] PENDING HUMAN REVIEW: EMAIL_20260303_014009_kimberly-urgently-needs-a-graphic-design.md
[2026-03-07 03:10:20] PENDING HUMAN REVIEW: EMAIL_20260303_014016_andreas-urgently-needs-a-web-designer.md
[2026-03-07 03:10:20] PENDING HUMAN REVIEW: EMAIL_20260303_014022_verified-zoraya-is-looking-for-a-web-des.md
[2026-03-07 03:10:20] PENDING HUMAN REVIEW: EMAIL_20260303_014028_jac-urgently-needs-a-web-designer.md
[2026-03-07 03:10:20] PENDING HUMAN REVIEW: EMAIL_20260303_014033_pr-specialist-at-pharma-and-15-more-soci.md
[2026-03-07 03:10:21] PENDING HUMAN REVIEW: EMAIL_20260303_014039_alvin-urgently-needs-a-web-designer.md
[2026-03-07 03:10:21] PENDING HUMAN REVIEW: EMAIL_20260303_014045_verified-george-is-looking-for-a-web-des.md
[2026-03-07 03:10:21] PENDING HUMAN REVIEW: EMAIL_20260303_014052_rosa-is-looking-for-a-web-designer.md
[2026-03-07 03:10:21] PENDING HUMAN REVIEW: EMAIL_20260303_014058_amnafarazai_employee_hackathon-google-oa.md
[2026-03-07 03:10:21] PENDING HUMAN REVIEW: EMAIL_20260303_014104_verified-ashley-is-looking-for-a-web-des.md
[2026-03-07 03:10:21] PENDING HUMAN REVIEW: EMAIL_20260303_014310_nancy-is-looking-for-a-graphic-designer.md
[2026-03-07 03:10:21] PENDING HUMAN REVIEW: EMAIL_20260303_014318_additional-details-shane-is-looking-for-.md
[2026-03-07 03:10:21] PENDING HUMAN REVIEW: EMAIL_20260303_014727_verified-willia-is-looking-for-a-graphic.md
[2026-03-07 03:10:22] PENDING HUMAN REVIEW: EMAIL_20260303_031154_verified-sandra-is-looking-for-a-web-des.md
[2026-03-07 03:10:22] PENDING HUMAN REVIEW: EMAIL_20260303_031200_additional-details-michael-is-looking-fo.md
[2026-03-07 03:10:22] PENDING HUMAN REVIEW: EMAIL_20260303_031205_rich-is-looking-for-a-web-designer-in-au.md
[2026-03-07 03:10:22] PENDING HUMAN REVIEW: EMAIL_20260303_031227_paul-is-looking-for-a-web-designer.md
[2026-03-07 03:10:22] PENDING HUMAN REVIEW: EMAIL_20260303_031237_verified-jesse-is-looking-for-a-web-desi.md
[2026-03-07 03:10:22] PENDING HUMAN REVIEW: EMAIL_20260303_031241_amnafarazai_employee_hackathon-google-cl.md
[2026-03-07 03:10:22] PENDING HUMAN REVIEW: EMAIL_20260303_031446_verified-duke-is-looking-for-a-web-desig.md
[2026-03-07 03:10:22] PENDING HUMAN REVIEW: EMAIL_20260303_031922_additional-details-jonathan-is-looking-f.md
[2026-03-07 03:10:22] PENDING HUMAN REVIEW: EMAIL_20260303_032129_sophia-is-looking-for-a-web-designer.md[2026-03-07 03:10:22] PENDING HUMAN REVIEW: EMAIL_20260303_032736_roosevelt-is-looking-for-a-web-designer.md
[2026-03-07 03:10:23] PENDING HUMAN REVIEW: EMAIL_20260303_034146_additional-details-chris-is-looking-for-.md
[2026-03-07 03:10:23] PENDING HUMAN REVIEW: EMAIL_20260303_035558_additional-details-billie-is-looking-for.md
[2026-03-07 03:10:23] PENDING HUMAN REVIEW: EMAIL_20260303_043230_verified-esther-is-looking-for-a-web-des.md
[2026-03-07 03:10:23] PENDING HUMAN REVIEW: EMAIL_20260303_043440_salvador-is-looking-for-a-web-designer.md
[2026-03-07 03:10:23] PENDING HUMAN REVIEW: EMAIL_20260303_045113_cooper-is-looking-for-a-web-designer.md
[2026-03-07 03:10:23] PENDING HUMAN REVIEW: EMAIL_20260303_045124_verified-tyler-is-looking-for-a-web-desi.md
[2026-03-07 03:10:23] PENDING HUMAN REVIEW: EMAIL_20260303_050344_additional-details-car-is-looking-for-a-.md
[2026-03-07 03:10:23] PENDING HUMAN REVIEW: EMAIL_20260303_050839_shawanna-is-looking-for-a-web-designer.md
[2026-03-07 03:10:23] PENDING HUMAN REVIEW: EMAIL_20260303_052109_additional-details-albert-is-looking-for.md
[2026-03-07 03:10:23] PENDING HUMAN REVIEW: EMAIL_20260303_063708_verified-nathan-is-looking-for-a-graphic.md
[2026-03-07 03:10:23] PENDING HUMAN REVIEW: EMAIL_20260303_064816_additional-details-wendel-is-looking-for.md
[2026-03-07 03:10:23] PENDING HUMAN REVIEW: EMAIL_20260303_065644_kim-is-looking-for-a-graphic-designer.md
[2026-03-07 03:10:24] PENDING HUMAN REVIEW: EMAIL_20260303_065755_additional-details-maurice-is-looking-fo.md
[2026-03-07 03:10:24] PENDING HUMAN REVIEW: EMAIL_20260303_065919_additional-details-carlos-is-looking-for.md
[2026-03-07 03:10:24] PENDING HUMAN REVIEW: EMAIL_20260303_065952_verified-matt-is-looking-for-a-logo-desi.md
[2026-03-07 03:10:24] PENDING HUMAN REVIEW: EMAIL_20260303_070119_cj-is-looking-for-a-web-designer.md
[2026-03-07 03:10:24] PENDING HUMAN REVIEW: EMAIL_20260303_070440_mike-is-looking-for-a-graphic-designer.md
[2026-03-07 03:10:24] PENDING HUMAN REVIEW: EMAIL_20260303_070451_additional-details-angel-is-looking-for-.md
[2026-03-07 03:10:24] PENDING HUMAN REVIEW: EMAIL_20260303_070500_additional-details-nicolas-is-looking-fo.md
[2026-03-07 03:10:24] PENDING HUMAN REVIEW: EMAIL_20260303_071110_additional-details-silas-is-looking-for-.md
[2026-03-07 03:10:24] PENDING HUMAN REVIEW: EMAIL_20260303_071724_additional-details-charles-is-looking-fo.md
[2026-03-07 03:10:24] PENDING HUMAN REVIEW: EMAIL_20260307_022925_verified-ava-is-looking-for-a-web-develo.md
[2026-03-07 03:10:24] PENDING HUMAN REVIEW: EMAIL_20260307_022946_additional-details-maddox-is-looking-for.md
[2026-03-07 03:10:25] PENDING HUMAN REVIEW: EMAIL_20260307_023002_noah-is-looking-for-a-seo-specialist-in-.md
[2026-03-07 03:10:25] PENDING HUMAN REVIEW: EMAIL_20260307_023019_additional-details-brandon-is-looking-fo.md
[2026-03-07 03:10:25] PENDING HUMAN REVIEW: EMAIL_20260307_023105_additional-details-annette-is-looking-fo.md
[2026-03-07 03:10:25] PENDING HUMAN REVIEW: EMAIL_20260307_023133_additional-details-ann-is-looking-for-a-.md
[2026-03-07 03:10:25] PENDING HUMAN REVIEW: EMAIL_20260307_023151_verified-ethan-is-looking-for-a-web-desi.md
[2026-03-07 03:10:25] PENDING HUMAN REVIEW: EMAIL_20260307_023207_verified-palacios-is-looking-for-a-web-d.md
[2026-03-07 03:10:25] PENDING HUMAN REVIEW: EMAIL_20260307_023248_additional-details-chris-is-looking-for-.md
[2026-03-07 03:10:25] PENDING HUMAN REVIEW: EMAIL_20260307_023734_additional-details-emil-is-looking-for-a.md
[2026-03-07 03:10:25] PENDING HUMAN REVIEW: EMAIL_20260307_024201_additional-details-sean-is-looking-for-a.md
[2026-03-07 03:15:26] PENDING HUMAN REVIEW: budget_task.md
[2026-03-07 03:15:26] PENDING HUMAN REVIEW: EMAIL_20260303_014009_kimberly-urgently-needs-a-graphic-design.md
[2026-03-07 03:15:26] PENDING HUMAN REVIEW: EMAIL_20260303_014016_andreas-urgently-needs-a-web-designer.md
[2026-03-07 03:15:26] PENDING HUMAN REVIEW: EMAIL_20260303_014022_verified-zoraya-is-looking-for-a-web-des.md
[2026-03-07 03:15:26] PENDING HUMAN REVIEW: EMAIL_20260303_014028_jac-urgently-needs-a-web-designer.md
[2026-03-07 03:15:26] PENDING HUMAN REVIEW: EMAIL_20260303_014033_pr-specialist-at-pharma-and-15-more-soci.md
[2026-03-07 03:15:26] PENDING HUMAN REVIEW: EMAIL_20260303_014039_alvin-urgently-needs-a-web-designer.md
[2026-03-07 03:15:26] PENDING HUMAN REVIEW: EMAIL_20260303_014045_verified-george-is-looking-for-a-web-des.md
[2026-03-07 03:15:26] PENDING HUMAN REVIEW: EMAIL_20260303_014052_rosa-is-looking-for-a-web-designer.md
[2026-03-07 03:15:26] PENDING HUMAN REVIEW: EMAIL_20260303_014058_amnafarazai_employee_hackathon-google-oa.md
[2026-03-07 03:15:26] PENDING HUMAN REVIEW: EMAIL_20260303_014104_verified-ashley-is-looking-for-a-web-des.md
[2026-03-07 03:15:26] PENDING HUMAN REVIEW: EMAIL_20260303_014310_nancy-is-looking-for-a-graphic-designer.md
[2026-03-07 03:15:26] PENDING HUMAN REVIEW: EMAIL_20260303_014318_additional-details-shane-is-looking-for-.md
[2026-03-07 03:15:27] PENDING HUMAN REVIEW: EMAIL_20260303_014727_verified-willia-is-looking-for-a-graphic.md
[2026-03-07 03:15:27] PENDING HUMAN REVIEW: EMAIL_20260303_031154_verified-sandra-is-looking-for-a-web-des.md
[2026-03-07 03:15:27] PENDING HUMAN REVIEW: EMAIL_20260303_031200_additional-details-michael-is-looking-fo.md
[2026-03-07 03:15:27] PENDING HUMAN REVIEW: EMAIL_20260303_031205_rich-is-looking-for-a-web-designer-in-au.md
[2026-03-07 03:15:27] PENDING HUMAN REVIEW: EMAIL_20260303_031227_paul-is-looking-for-a-web-designer.md
[2026-03-07 03:15:27] PENDING HUMAN REVIEW: EMAIL_20260303_031237_verified-jesse-is-looking-for-a-web-desi.md
[2026-03-07 03:15:27] PENDING HUMAN REVIEW: EMAIL_20260303_031241_amnafarazai_employee_hackathon-google-cl.md
[2026-03-07 03:15:27] PENDING HUMAN REVIEW: EMAIL_20260303_031446_verified-duke-is-looking-for-a-web-desig.md
[2026-03-07 03:15:27] PENDING HUMAN REVIEW: EMAIL_20260303_031922_additional-details-jonathan-is-looking-f.md
[2026-03-07 03:15:27] PENDING HUMAN REVIEW: EMAIL_20260303_032129_sophia-is-looking-for-a-web-designer.md
[2026-03-07 03:15:27] PENDING HUMAN REVIEW: EMAIL_20260303_032736_roosevelt-is-looking-for-a-web-designer.md
[2026-03-07 03:15:27] PENDING HUMAN REVIEW: EMAIL_20260303_034146_additional-details-chris-is-looking-for-.md
[2026-03-07 03:15:27] PENDING HUMAN REVIEW: EMAIL_20260303_035558_additional-details-billie-is-looking-for.md
[2026-03-07 03:15:28] PENDING HUMAN REVIEW: EMAIL_20260303_043230_verified-esther-is-looking-for-a-web-des.md
[2026-03-07 03:15:28] PENDING HUMAN REVIEW: EMAIL_20260303_043440_salvador-is-looking-for-a-web-designer.md
[2026-03-07 03:15:28] PENDING HUMAN REVIEW: EMAIL_20260303_045113_cooper-is-looking-for-a-web-designer.md
[2026-03-07 03:15:28] PENDING HUMAN REVIEW: EMAIL_20260303_045124_verified-tyler-is-looking-for-a-web-desi.md
[2026-03-07 03:15:28] PENDING HUMAN REVIEW: EMAIL_20260303_050344_additional-details-car-is-looking-for-a-.md
[2026-03-07 03:15:28] PENDING HUMAN REVIEW: EMAIL_20260303_050839_shawanna-is-looking-for-a-web-designer.md
[2026-03-07 03:15:28] PENDING HUMAN REVIEW: EMAIL_20260303_052109_additional-details-albert-is-looking-for.md
[2026-03-07 03:15:28] PENDING HUMAN REVIEW: EMAIL_20260303_063708_verified-nathan-is-looking-for-a-graphic.md
[2026-03-07 03:15:28] PENDING HUMAN REVIEW: EMAIL_20260303_064816_additional-details-wendel-is-looking-for.md
[2026-03-07 03:15:28] PENDING HUMAN REVIEW: EMAIL_20260303_065644_kim-is-looking-for-a-graphic-designer.md
[2026-03-07 03:15:28] PENDING HUMAN REVIEW: EMAIL_20260303_065755_additional-details-maurice-is-looking-fo.md
[2026-03-07 03:15:28] PENDING HUMAN REVIEW: EMAIL_20260303_065919_additional-details-carlos-is-looking-for.md
[2026-03-07 03:15:28] PENDING HUMAN REVIEW: EMAIL_20260303_065952_verified-matt-is-looking-for-a-logo-desi.md
[2026-03-07 03:15:28] PENDING HUMAN REVIEW: EMAIL_20260303_070119_cj-is-looking-for-a-web-designer.md
[2026-03-07 03:15:29] PENDING HUMAN REVIEW: EMAIL_20260303_070440_mike-is-looking-for-a-graphic-designer.md
[2026-03-07 03:15:29] PENDING HUMAN REVIEW: EMAIL_20260303_070451_additional-details-angel-is-looking-for-.md
[2026-03-07 03:15:29] PENDING HUMAN REVIEW: EMAIL_20260303_070500_additional-details-nicolas-is-looking-fo.md

[2026-03-07 03:10:22] PENDING HUMAN REVIEW: EMAIL_20260303_032736_roosevelt-is-looking-for-a-web-designer.md
[2026-03-07 03:10:23] PENDING HUMAN REVIEW: EMAIL_20260303_034146_additional-details-chris-is-looking-for-.md
[2026-03-07 03:10:23] PENDING HUMAN REVIEW: EMAIL_20260303_035558_additional-details-billie-is-looking-for.md
[2026-03-07 03:10:23] PENDING HUMAN REVIEW: EMAIL_20260303_043230_verified-esther-is-looking-for-a-web-des.md
[2026-03-07 03:10:23] PENDING HUMAN REVIEW: EMAIL_20260303_043440_salvador-is-looking-for-a-web-designer.md
[2026-03-07 03:10:23] PENDING HUMAN REVIEW: EMAIL_20260303_045113_cooper-is-looking-for-a-web-designer.md
[2026-03-07 03:10:23] PENDING HUMAN REVIEW: EMAIL_20260303_045124_verified-tyler-is-looking-for-a-web-desi.md
[2026-03-07 03:10:23] PENDING HUMAN REVIEW: EMAIL_20260303_050344_additional-details-car-is-looking-for-a-.md
[2026-03-07 03:10:23] PENDING HUMAN REVIEW: EMAIL_20260303_050839_shawanna-is-looking-for-a-web-designer.md
[2026-03-07 03:10:23] PENDING HUMAN REVIEW: EMAIL_20260303_052109_additional-details-albert-is-looking-for.md
[2026-03-07 03:10:23] PENDING HUMAN REVIEW: EMAIL_20260303_063708_verified-nathan-is-looking-for-a-graphic.md
[2026-03-07 03:10:23] PENDING HUMAN REVIEW: EMAIL_20260303_064816_additional-details-wendel-is-looking-for.md
[2026-03-07 03:10:23] PENDING HUMAN REVIEW: EMAIL_20260303_065644_kim-is-looking-for-a-graphic-designer.md
[2026-03-07 03:10:24] PENDING HUMAN REVIEW: EMAIL_20260303_065755_additional-details-maurice-is-looking-fo.md
[2026-03-07 03:10:24] PENDING HUMAN REVIEW: EMAIL_20260303_065919_additional-details-carlos-is-looking-for.md
[2026-03-07 03:10:24] PENDING HUMAN REVIEW: EMAIL_20260303_065952_verified-matt-is-looking-for-a-logo-desi.md
[2026-03-07 03:10:24] PENDING HUMAN REVIEW: EMAIL_20260303_070119_cj-is-looking-for-a-web-designer.md
[2026-03-07 03:10:24] PENDING HUMAN REVIEW: EMAIL_20260303_070440_mike-is-looking-for-a-graphic-designer.md
[2026-03-07 03:10:24] PENDING HUMAN REVIEW: EMAIL_20260303_070451_additional-details-angel-is-looking-for-.md
[2026-03-07 03:10:24] PENDING HUMAN REVIEW: EMAIL_20260303_070500_additional-details-nicolas-is-looking-fo.md
[2026-03-07 03:10:24] PENDING HUMAN REVIEW: EMAIL_20260303_071110_additional-details-silas-is-looking-for-.md
[2026-03-07 03:10:24] PENDING HUMAN REVIEW: EMAIL_20260303_071724_additional-details-charles-is-looking-fo.md
[2026-03-07 03:10:24] PENDING HUMAN REVIEW: EMAIL_20260307_022925_verified-ava-is-looking-for-a-web-develo.md
[2026-03-07 03:10:24] PENDING HUMAN REVIEW: EMAIL_20260307_022946_additional-details-maddox-is-looking-for.md
[2026-03-07 03:10:25] PENDING HUMAN REVIEW: EMAIL_20260307_023002_noah-is-looking-for-a-seo-specialist-in-.md
[2026-03-07 03:10:25] PENDING HUMAN REVIEW: EMAIL_20260307_023019_additional-details-brandon-is-looking-fo.md
[2026-03-07 03:10:25] PENDING HUMAN REVIEW: EMAIL_20260307_023105_additional-details-annette-is-looking-fo.md
[2026-03-07 03:10:25] PENDING HUMAN REVIEW: EMAIL_20260307_023133_additional-details-ann-is-looking-for-a-.md
[2026-03-07 03:10:25] PENDING HUMAN REVIEW: EMAIL_20260307_023151_verified-ethan-is-looking-for-a-web-desi.md
[2026-03-07 03:10:25] PENDING HUMAN REVIEW: EMAIL_20260307_023207_verified-palacios-is-looking-for-a-web-d.md
[2026-03-07 03:10:25] PENDING HUMAN REVIEW: EMAIL_20260307_023248_additional-details-chris-is-looking-for-.md
[2026-03-07 03:10:25] PENDING HUMAN REVIEW: EMAIL_20260307_023734_additional-details-emil-is-looking-for-a.md
[2026-03-07 03:10:25] PENDING HUMAN REVIEW: EMAIL_20260307_024201_additional-details-sean-is-looking-for-a.md
[2026-03-07 03:15:26] PENDING HUMAN REVIEW: budget_task.md
[2026-03-07 03:15:26] PENDING HUMAN REVIEW: EMAIL_20260303_014009_kimberly-urgently-needs-a-graphic-design.md
[2026-03-07 03:15:26] PENDING HUMAN REVIEW: EMAIL_20260303_014016_andreas-urgently-needs-a-web-designer.md
[2026-03-07 03:15:26] PENDING HUMAN REVIEW: EMAIL_20260303_014022_verified-zoraya-is-looking-for-a-web-des.md
[2026-03-07 03:15:26] PENDING HUMAN REVIEW: EMAIL_20260303_014028_jac-urgently-needs-a-web-designer.md
[2026-03-07 03:15:26] PENDING HUMAN REVIEW: EMAIL_20260303_014033_pr-specialist-at-pharma-and-15-more-soci.md
[2026-03-07 03:15:26] PENDING HUMAN REVIEW: EMAIL_20260303_014039_alvin-urgently-needs-a-web-designer.md
[2026-03-07 03:15:26] PENDING HUMAN REVIEW: EMAIL_20260303_014045_verified-george-is-looking-for-a-web-des.md
[2026-03-07 03:15:26] PENDING HUMAN REVIEW: EMAIL_20260303_014052_rosa-is-looking-for-a-web-designer.md
[2026-03-07 03:15:26] PENDING HUMAN REVIEW: EMAIL_20260303_014058_amnafarazai_employee_hackathon-google-oa.md
[2026-03-07 03:15:26] PENDING HUMAN REVIEW: EMAIL_20260303_014104_verified-ashley-is-looking-for-a-web-des.md
[2026-03-07 03:15:26] PENDING HUMAN REVIEW: EMAIL_20260303_014310_nancy-is-looking-for-a-graphic-designer.md
[2026-03-07 03:15:26] PENDING HUMAN REVIEW: EMAIL_20260303_014318_additional-details-shane-is-looking-for-.md
[2026-03-07 03:15:27] PENDING HUMAN REVIEW: EMAIL_20260303_014727_verified-willia-is-looking-for-a-graphic.md
[2026-03-07 03:15:27] PENDING HUMAN REVIEW: EMAIL_20260303_031154_verified-sandra-is-looking-for-a-web-des.md
[2026-03-07 03:15:27] PENDING HUMAN REVIEW: EMAIL_20260303_031200_additional-details-michael-is-looking-fo.md
[2026-03-07 03:15:27] PENDING HUMAN REVIEW: EMAIL_20260303_031205_rich-is-looking-for-a-web-designer-in-au.md
[2026-03-07 03:15:27] PENDING HUMAN REVIEW: EMAIL_20260303_031227_paul-is-looking-for-a-web-designer.md
[2026-03-07 03:15:27] PENDING HUMAN REVIEW: EMAIL_20260303_031237_verified-jesse-is-looking-for-a-web-desi.md
[2026-03-07 03:15:27] PENDING HUMAN REVIEW: EMAIL_20260303_031241_amnafarazai_employee_hackathon-google-cl.md
[2026-03-07 03:15:27] PENDING HUMAN REVIEW: EMAIL_20260303_031446_verified-duke-is-looking-for-a-web-desig.md
[2026-03-07 03:15:27] PENDING HUMAN REVIEW: EMAIL_20260303_031922_additional-details-jonathan-is-looking-f.md
[2026-03-07 03:15:27] PENDING HUMAN REVIEW: EMAIL_20260303_032129_sophia-is-looking-for-a-web-designer.md
[2026-03-07 03:15:27] PENDING HUMAN REVIEW: EMAIL_20260303_032736_roosevelt-is-looking-for-a-web-designer.md
[2026-03-07 03:15:27] PENDING HUMAN REVIEW: EMAIL_20260303_034146_additional-details-chris-is-looking-for-.md
[2026-03-07 03:15:27] PENDING HUMAN REVIEW: EMAIL_20260303_035558_additional-details-billie-is-looking-for.md
[2026-03-07 03:15:28] PENDING HUMAN REVIEW: EMAIL_20260303_043230_verified-esther-is-looking-for-a-web-des.md
[2026-03-07 03:15:28] PENDING HUMAN REVIEW: EMAIL_20260303_043440_salvador-is-looking-for-a-web-designer.md
[2026-03-07 03:15:28] PENDING HUMAN REVIEW: EMAIL_20260303_045113_cooper-is-looking-for-a-web-designer.md
[2026-03-07 03:15:28] PENDING HUMAN REVIEW: EMAIL_20260303_045124_verified-tyler-is-looking-for-a-web-desi.md
[2026-03-07 03:15:28] PENDING HUMAN REVIEW: EMAIL_20260303_050344_additional-details-car-is-looking-for-a-.md
[2026-03-07 03:15:28] PENDING HUMAN REVIEW: EMAIL_20260303_050839_shawanna-is-looking-for-a-web-designer.md
[2026-03-07 03:15:28] PENDING HUMAN REVIEW: EMAIL_20260303_052109_additional-details-albert-is-looking-for.md
[2026-03-07 03:15:28] PENDING HUMAN REVIEW: EMAIL_20260303_063708_verified-nathan-is-looking-for-a-graphic.md
[2026-03-07 03:15:28] PENDING HUMAN REVIEW: EMAIL_20260303_064816_additional-details-wendel-is-looking-for.md
[2026-03-07 03:15:28] PENDING HUMAN REVIEW: EMAIL_20260303_065644_kim-is-looking-for-a-graphic-designer.md
[2026-03-07 03:15:28] PENDING HUMAN REVIEW: EMAIL_20260303_065755_additional-details-maurice-is-looking-fo.md
[2026-03-07 03:15:28] PENDING HUMAN REVIEW: EMAIL_20260303_065919_additional-details-carlos-is-looking-for.md
[2026-03-07 03:15:28] PENDING HUMAN REVIEW: EMAIL_20260303_065952_verified-matt-is-looking-for-a-logo-desi.md
[2026-03-07 03:15:28] PENDING HUMAN REVIEW: EMAIL_20260303_070119_cj-is-looking-for-a-web-designer.md
[2026-03-07 03:15:29] PENDING HUMAN REVIEW: EMAIL_20260303_070440_mike-is-looking-for-a-graphic-designer.md
[2026-03-07 03:15:29] PENDING HUMAN REVIEW: EMAIL_20260303_070451_additional-details-angel-is-looking-for-.md
[2026-03-07 03:15:29] PENDING HUMAN REVIEW: EMAIL_20260303_070500_additional-details-nicolas-is-looking-fo.md[2026-03-07 03:15:29] PENDING HUMAN REVIEW: EMAIL_20260303_071110_additional-details-silas-is-looking-for-.md
[2026-03-07 03:15:29] PENDING HUMAN REVIEW: EMAIL_20260303_071724_additional-details-charles-is-looking-fo.md
[2026-03-07 03:15:29] PENDING HUMAN REVIEW: EMAIL_20260307_022925_verified-ava-is-looking-for-a-web-develo.md
[2026-03-07 03:15:29] PENDING HUMAN REVIEW: EMAIL_20260307_022946_additional-details-maddox-is-looking-for.md
[2026-03-07 03:15:29] PENDING HUMAN REVIEW: EMAIL_20260307_023002_noah-is-looking-for-a-seo-specialist-in-.md
[2026-03-07 03:15:29] PENDING HUMAN REVIEW: EMAIL_20260307_023019_additional-details-brandon-is-looking-fo.md
[2026-03-07 03:15:29] PENDING HUMAN REVIEW: EMAIL_20260307_023105_additional-details-annette-is-looking-fo.md
[2026-03-07 03:15:29] PENDING HUMAN REVIEW: EMAIL_20260307_023133_additional-details-ann-is-looking-for-a-.md
[2026-03-07 03:15:29] PENDING HUMAN REVIEW: EMAIL_20260307_023151_verified-ethan-is-looking-for-a-web-desi.md
[2026-03-07 03:15:29] PENDING HUMAN REVIEW: EMAIL_20260307_023207_verified-palacios-is-looking-for-a-web-d.md
[2026-03-07 03:15:29] PENDING HUMAN REVIEW: EMAIL_20260307_023248_additional-details-chris-is-looking-for-.md
[2026-03-07 03:15:29] PENDING HUMAN REVIEW: EMAIL_20260307_023734_additional-details-emil-is-looking-for-a.md
[2026-03-07 03:15:30] PENDING HUMAN REVIEW: EMAIL_20260307_024201_additional-details-sean-is-looking-for-a.md
[2026-03-07 03:20:38] PENDING HUMAN REVIEW: budget_task.md
[2026-03-07 03:20:39] PENDING HUMAN REVIEW: EMAIL_20260303_014009_kimberly-urgently-needs-a-graphic-design.md
[2026-03-07 03:20:39] PENDING HUMAN REVIEW: EMAIL_20260303_014016_andreas-urgently-needs-a-web-designer.md
[2026-03-07 03:20:39] PENDING HUMAN REVIEW: EMAIL_20260303_014022_verified-zoraya-is-looking-for-a-web-des.md
[2026-03-07 03:20:40] PENDING HUMAN REVIEW: EMAIL_20260303_014028_jac-urgently-needs-a-web-designer.md
[2026-03-07 03:20:40] PENDING HUMAN REVIEW: EMAIL_20260303_014033_pr-specialist-at-pharma-and-15-more-soci.md
[2026-03-07 03:20:41] PENDING HUMAN REVIEW: EMAIL_20260303_014039_alvin-urgently-needs-a-web-designer.md
[2026-03-07 03:20:41] PENDING HUMAN REVIEW: EMAIL_20260303_014045_verified-george-is-looking-for-a-web-des.md
[2026-03-07 03:20:41] PENDING HUMAN REVIEW: EMAIL_20260303_014052_rosa-is-looking-for-a-web-designer.md
[2026-03-07 03:20:42] PENDING HUMAN REVIEW: EMAIL_20260303_014058_amnafarazai_employee_hackathon-google-oa.md
[2026-03-07 03:20:43] PENDING HUMAN REVIEW: EMAIL_20260303_014104_verified-ashley-is-looking-for-a-web-des.md
[2026-03-07 03:20:44] PENDING HUMAN REVIEW: EMAIL_20260303_014310_nancy-is-looking-for-a-graphic-designer.md
[2026-03-07 03:20:44] PENDING HUMAN REVIEW: EMAIL_20260303_014318_additional-details-shane-is-looking-for-.md
[2026-03-07 03:20:45] PENDING HUMAN REVIEW: EMAIL_20260303_014727_verified-willia-is-looking-for-a-graphic.md
[2026-03-07 03:20:45] PENDING HUMAN REVIEW: EMAIL_20260303_031154_verified-sandra-is-looking-for-a-web-des.md
[2026-03-07 03:20:46] PENDING HUMAN REVIEW: EMAIL_20260303_031200_additional-details-michael-is-looking-fo.md
[2026-03-07 03:20:47] PENDING HUMAN REVIEW: EMAIL_20260303_031205_rich-is-looking-for-a-web-designer-in-au.md
[2026-03-07 03:20:48] PENDING HUMAN REVIEW: EMAIL_20260303_031227_paul-is-looking-for-a-web-designer.md
[2026-03-07 03:20:49] PENDING HUMAN REVIEW: EMAIL_20260303_031237_verified-jesse-is-looking-for-a-web-desi.md
[2026-03-07 03:20:50] PENDING HUMAN REVIEW: EMAIL_20260303_031241_amnafarazai_employee_hackathon-google-cl.md
[2026-03-07 03:20:51] PENDING HUMAN REVIEW: EMAIL_20260303_031446_verified-duke-is-looking-for-a-web-desig.md
[2026-03-07 03:20:52] PENDING HUMAN REVIEW: EMAIL_20260303_031922_additional-details-jonathan-is-looking-f.md
[2026-03-07 03:20:54] PENDING HUMAN REVIEW: EMAIL_20260303_032129_sophia-is-looking-for-a-web-designer.md
[2026-03-07 03:20:55] PENDING HUMAN REVIEW: EMAIL_20260303_032736_roosevelt-is-looking-for-a-web-designer.md
[2026-03-07 03:20:56] PENDING HUMAN REVIEW: EMAIL_20260303_034146_additional-details-chris-is-looking-for-.md
[2026-03-07 03:20:56] PENDING HUMAN REVIEW: EMAIL_20260303_035558_additional-details-billie-is-looking-for.md
[2026-03-07 03:20:56] PENDING HUMAN REVIEW: EMAIL_20260303_043230_verified-esther-is-looking-for-a-web-des.md
[2026-03-07 03:20:58] PENDING HUMAN REVIEW: EMAIL_20260303_043440_salvador-is-looking-for-a-web-designer.md
[2026-03-07 03:20:58] PENDING HUMAN REVIEW: EMAIL_20260303_045113_cooper-is-looking-for-a-web-designer.md
[2026-03-07 03:20:59] PENDING HUMAN REVIEW: EMAIL_20260303_045124_verified-tyler-is-looking-for-a-web-desi.md
[2026-03-07 03:21:00] PENDING HUMAN REVIEW: EMAIL_20260303_050344_additional-details-car-is-looking-for-a-.md
[2026-03-07 03:21:00] PENDING HUMAN REVIEW: EMAIL_20260303_050839_shawanna-is-looking-for-a-web-designer.md
[2026-03-07 03:21:01] PENDING HUMAN REVIEW: EMAIL_20260303_052109_additional-details-albert-is-looking-for.md
